year,league_id,player_name,team_name,prev_team_name,prev_team_category,birth,position
2015,1,茂木駿佑,ベガルタ仙台,仙台ユース,YOUTH,1996.10.02,MF
2015,1,西村拓真,ベガルタ仙台,富山第一高,HIGH,1996.10.22,FW
2015,1,摂津颯登,モンテディオ山形,山形ユース,YOUTH,1996.10.05,GK
2015,1,高木利弥,モンテディオ山形,神奈川大,UNIV,1992.11.25,DF
2015,1,大橋尚志,鹿島アントラーズ,鹿島ユース,YOUTH,1996.12.01,MF
2015,1,鈴木優磨,鹿島アントラーズ,鹿島ユース,YOUTH,1996.04.26,FW
2015,1,久保田和音,鹿島アントラーズ,大阪桐蔭高,HIGH,1997.01.01,MF
2015,1,斎藤翔太,浦和レッズ,浦和ユース,YOUTH,1996.12.07,MF
2015,1,茂木力也,浦和レッズ,浦和ユース,YOUTH,1996.09.27,DF
2015,1,中山雄太,柏レイソル,柏U-18,YOUTH,1997.02.16,DF
2015,1,大島康樹,柏レイソル,柏U-18,YOUTH,1996.05.30,FW
2015,1,三浦龍輝,柏レイソル,明治大,UNIV,1992.05.17,GK
2015,1,佐々木渉,FC東京,FC東京U-18,YOUTH,1996.07.28,MF
2015,1,小川諒也,FC東京,流通経済大柏高,HIGH,1996.11.24,DF
2015,1,三好康児,川崎フロンターレ,川崎FU-18,YOUTH,1997.03.26,MF
2015,1,板倉滉,川崎フロンターレ,川崎FU-18,YOUTH,1997.01.27,MF
2015,1,車屋紳太郎,川崎フロンターレ,筑波大,UNIV,1992.04.05,MF
2015,1,仲川輝人,横浜F・マリノス,専修大,UNIV,1992.07.27,FW
2015,1,田口潤人,横浜F・マリノス,横浜FMユース,YOUTH,1996.09.28,GK
2015,1,中島賢星,横浜F・マリノス,東福岡高,HIGH,1996.09.23,FW
2015,1,広瀬健太,湘南ベルマーレ,日本体育大,UNIV,1992.06.26,DF
2015,1,岡﨑亮平,湘南ベルマーレ,中央大,UNIV,1992.04.25,DF
2015,1,熊谷駿,ヴァンフォーレ甲府,仙台育英高,HIGH,1996.08.07,DF
2015,1,伊東純也,ヴァンフォーレ甲府,神奈川大,UNIV,1993.03.09,FW
2015,1,柴田隆太朗,松本山雅FC,拓殖大,UNIV,1992.11.25,FW
2015,1,谷奥健四郎,松本山雅FC,順天堂大,UNIV,1992.05.28,DF
2015,1,平松宗,アルビレックス新潟,国士舘大,UNIV,1992.11.20,FW
2015,1,松原后,清水エスパルス,浜松開誠館高,HIGH,1996.08.30,DF
2015,1,北川航也,清水エスパルス,清水ユース,YOUTH,1996.07.26,FW
2015,1,水谷拓磨,清水エスパルス,清水ユース,YOUTH,1996.04.24,DF
2015,1,宮本航汰,清水エスパルス,清水ユース,YOUTH,1996.06.19,MF
2015,1,大武峻,名古屋グランパス,福岡大,UNIV,1992.11.24,DF
2015,1,林瑞輝,ガンバ大阪,G大阪ユース,YOUTH,1996.09.04,GK
2015,1,嫁阪翔太,ガンバ大阪,G大阪ユース,YOUTH,1996.10.19,MF
2015,1,妹尾直哉,ガンバ大阪,G大阪ユース,YOUTH,1996.08.15,MF
2015,1,平尾壮,ガンバ大阪,G大阪ユース,YOUTH,1996.07.01,FW
2015,1,増山朝陽,ヴィッセル神戸,東福岡高,HIGH,1997.01.29,MF
2015,1,山口真司,ヴィッセル神戸,神戸U-18,YOUTH,1996.04.26,DF
2015,1,松澤香輝,ヴィッセル神戸,早稲田大,UNIV,1992.04.03,GK
2015,1,川﨑裕大,サンフレッチェ広島,流通経済大,UNIV,1992.08.20,DF
2015,1,山﨑凌吾,サガン鳥栖,福岡大,UNIV,1992.09.20,FW
2015,1,福田晃斗,サガン鳥栖,鹿屋体育大,UNIV,1992.05.01,MF
2015,1,笹原脩平,サガン鳥栖,秀岳館高,HIGH,1996.11.22,DF
2015,1,鎌田大地,サガン鳥栖,東山高,HIGH,1996.08.05,MF
2015,2,進藤亮佑,コンサドーレ札幌,札幌U-18,YOUTH,1996.06.07,DF
2015,2,今瀬淳也,水戸ホーリーホック,国士舘大,UNIV,1993.01.03,DF
2015,2,角口大征,水戸ホーリーホック,関東一高,HIGH,1996.07.15,FW
2015,2,麦倉捺木,水戸ホーリーホック,柏U-18,YOUTH,1996.05.22,DF
2015,2,吉満大介,栃木SC,鹿屋体育大,UNIV,1993.02.21,GK
2015,2,大岩亮太,ザスパクサツ群馬,秀岳館高,HIGH,1996.08.05,FW
2015,2,小牟田洋佑,ザスパクサツ群馬,駒澤大,UNIV,1992.07.18,FW
2015,2,川岸祐輔,ザスパクサツ群馬,駒澤大,UNIV,1992.05.26,FW
2015,2,江坂任,ザスパクサツ群馬,流通経済大,UNIV,1992.05.31,MF
2015,2,高山和真,大宮アルディージャ,大宮U18,YOUTH,1996.07.14,DF
2015,2,小島幹敏,大宮アルディージャ,大宮U18,YOUTH,1996.09.17,MF
2015,2,浦田樹,ジェフユナイテッド千葉,千葉U-18,YOUTH,1997.01.29,DF
2015,2,仲村京雅,ジェフユナイテッド千葉,千葉U-18,YOUTH,1996.04.25,MF
2015,2,北爪健吾,ジェフユナイテッド千葉,専修大,UNIV,1992.04.30,DF
2015,2,河津良一,ジェフユナイテッド千葉,専修大,UNIV,1992.05.22,DF
2015,2,伊藤槙人,ジェフユナイテッド千葉,駒澤大,UNIV,1992.10.18,DF
2015,2,中野雅臣,東京ヴェルディ,東京Vユース,YOUTH,1996.04.09,MF
2015,2,三竿健斗,東京ヴェルディ,東京Vユース,YOUTH,1996.04.16,MF
2015,2,大木暁,東京ヴェルディ,駒澤大,UNIV,1992.12.08,DF
2015,2,渋谷亮,東京ヴェルディ,中央大,UNIV,1992.07.25,MF
2015,2,楠元秀真,横浜FC,産業能率大,UNIV,1992.09.12,DF
2015,2,上田悠起,横浜FC,成立学園高,HIGH,1996.09.20,MF
2015,2,岩元颯オリビエ,ジュビロ磐田,鹿児島城西高,HIGH,1996.04.03,FW
2015,2,志村滉,ジュビロ磐田,市立船橋高,HIGH,1996.04.27,GK
2015,2,石田崚真,ジュビロ磐田,磐田U-18,YOUTH,1996.06.21,DF
2015,2,上原力也,ジュビロ磐田,磐田U-18,YOUTH,1996.08.25,MF
2015,2,清水貴文,ジュビロ磐田,中京大,UNIV,1992.06.30,MF
2015,2,小川雄大,FC岐阜,山梨学院高,HIGH,1996.10.04,MF
2015,2,苅部隆太郎,FC岐阜,明治大,UNIV,1992.12.19,MF
2015,2,小見恵吾,FC岐阜,大阪学院大,UNIV,1992.08.01,DF
2015,2,永島悠史,京都サンガF.C.,京都U-18,YOUTH,1996.07.12,MF
2015,2,奥川雅也,京都サンガF.C.,京都U-18,YOUTH,1996.04.14,FW
2015,2,大西勇輝,京都サンガF.C.,京都U-18,YOUTH,1996.07.30,MF
2015,2,内田恭兵,京都サンガF.C.,関西大,UNIV,1992.11.05,DF
2015,2,和田篤紀,京都サンガF.C.,関西大,UNIV,1993.02.09,MF
2015,2,沖野将基,セレッソ大阪,C大阪U-18,YOUTH,1996.12.13,MF
2015,2,阪本将基,セレッソ大阪,C大阪U-18,YOUTH,1996.06.24,MF
2015,2,西本雅崇,セレッソ大阪,C大阪U-18,YOUTH,1996.06.11,MF
2015,2,温井駿斗,セレッソ大阪,C大阪U-18,YOUTH,1996.11.14,DF
2015,2,前川大河,セレッソ大阪,C大阪U-18,YOUTH,1996.06.13,MF
2015,2,池田樹雷人,セレッソ大阪,三菱養和ユース,YOUTH,1996.09.17,DF
2015,2,米澤令衣,セレッソ大阪,神戸U-18,YOUTH,1996.07.20,MF
2015,2,似鳥康太,ファジアーノ岡山,JFAアカデミー福島,YOUTH,1996.04.16,GK
2015,2,木和田匡,ファジアーノ岡山,岡山U-18,YOUTH,1996.09.29,GK
2015,2,西林直輝,ファジアーノ岡山,岡山U-18,YOUTH,1996.04.03,DF
2015,2,宮本樹明,ファジアーノ岡山,岡山U-18,YOUTH,1997.03.16,DF
2015,2,佐々木陽次,徳島ヴォルティス,東京学芸大,UNIV,1992.07.02,MF
2015,2,近藤貴司,愛媛FC,早稲田大,UNIV,1992.04.26,MF
2015,2,田村友,アビスパ福岡,福岡大,UNIV,1992.11.22,MF
2015,2,邦本宜裕,アビスパ福岡,浦和ユース,YOUTH,1997.10.08,FW
2015,2,弓崎恭平,ギラヴァンツ北九州,福岡大,UNIV,1992.10.30,DF
2015,2,梶原夕希也,ギラヴァンツ北九州,北九州U-18,YOUTH,1996.06.24,DF
2015,2,中山開帆,ギラヴァンツ北九州,近畿大,UNIV,1993.01.11,GK
2015,2,小谷健悟,ギラヴァンツ北九州,鹿屋体育大,UNIV,1992.08.31,MF
2015,2,武内大,V・ファーレン長崎,福岡大,UNIV,1992.05.31,DF
2015,2,上形洋介,V・ファーレン長崎,早稲田大,UNIV,1992.09.25,FW
2015,2,北川滉平,V・ファーレン長崎,桃山学院大,UNIV,1995.04.29,MF
2015,2,田中達也,ロアッソ熊本,九州産業大,UNIV,1992.06.09,FW
2015,2,鈴木翔登,ロアッソ熊本,流通経済大,UNIV,1992.10.16,DF
2015,2,鈴木義宜,大分トリニータ,宮崎産業経営大,UNIV,1992.09.11,DF
2015,2,福森直也,大分トリニータ,関西学院大,UNIV,1992.08.29,DF
2015,2,坂井大将,大分トリニータ,大分U-18,YOUTH,1997.01.18,MF
2015,2,佐藤昂洋,大分トリニータ,大分U-18,YOUTH,1996.04.14,DF
2015,2,姫野宥弥,大分トリニータ,大分U-18,YOUTH,1996.09.27,MF
2015,2,森川裕基,カマタマーレ讃岐,立命館大,UNIV,1993.01.07,MF
2015,2,星野有亮,ツエーゲン金沢,専修大,UNIV,1992.05.12,MF
2015,2,玉城峻吾,ツエーゲン金沢,筑波大,UNIV,1991.04.25,MF
2015,3,平石直人,FC町田ゼルビア,東洋大,UNIV,1992.06.23,DF
2015,3,中西倫也,カターレ富山,桃山学院大,UNIV,1992.04.12,FW
2015,3,馬渡隼暉,カターレ富山,富山U-18,YOUTH,1996.10.03,FW
2015,3,中田大貴,カターレ富山,新潟医療福祉大,UNIV,1992.11.04,FW
2015,3,進藤誠司,カターレ富山,国士舘大,UNIV,1992.12.12,DF
2015,3,畑中槙人,ガイナーレ鳥取,鳥取U-18,YOUTH,1996.06.07,FW
2015,3,石輪聖人,ガイナーレ鳥取,鳥取U-18,YOUTH,1996.05.25,MF
2015,3,林誠道,ガイナーレ鳥取,大阪産業大学附属高,HIGH,1996.04.04,MF
2015,3,宮本龍,ガイナーレ鳥取,同志社大,UNIV,1992.08.04,MF
2015,3,秋山貴嗣,ガイナーレ鳥取,関西大,UNIV,1992.10.07,DF
2015,3,吉崎弘宣,ガイナーレ鳥取,環太平洋大,UNIV,1992.08.24,GK
2015,3,橘一輝,ガイナーレ鳥取,国士舘大,UNIV,1992.06.08,MF
2015,3,井上黎生人,ガイナーレ鳥取,鹿児島実業高,HIGH,1997.03.09,DF
2015,3,才藤龍治,FC琉球,東京国際大,UNIV,1993.03.12,FW
2015,3,今野太祐,FC琉球,東京国際大,UNIV,1992.12.18,GK
2015,3,菊野太紀,FC琉球,拓殖大,UNIV,1992.07.07,DF
2015,3,富樫佑太,FC琉球,国学院久我山高,HIGH,1995.12.18,MF
2015,3,船川琢之介,ブラウブリッツ秋田,秋田商業高,HIGH,1996.08.11,FW
2015,3,斎藤純平,ブラウブリッツ秋田,駒澤大,UNIV,1992.12.27,MF
2015,3,熊谷達也,ブラウブリッツ秋田,仙台大,UNIV,1992.09.25,MF
2015,3,浅沼優瑠,横浜スポーツ&カルチャークラブ,東洋大,UNIV,1992.04.12,GK
2015,3,泉宗太郎,横浜スポーツ&カルチャークラブ,関西学院大,UNIV,1992.08.05,MF
2015,3,吉田颯,横浜スポーツ&カルチャークラブ,Y.S.C.C.セカンド,OTHER,1992.10.04,DF
2015,3,佐々木雅人,横浜スポーツ&カルチャークラブ,東洋大,UNIV,1992.04.09,FW
2015,3,郡司健太朗,横浜スポーツ&カルチャークラブ,神奈川大,UNIV,1992.07.06,FW
2015,3,中山和弥,横浜スポーツ&カルチャークラブ,仙台大,UNIV,1992.05.10,DF
2015,3,宗近慧,横浜スポーツ&カルチャークラブ,法政大,UNIV,1992.05.29,DF
2015,3,添田隆司,藤枝MYFC,東京大,UNIV,1993.03.15,MF
2015,3,三橋拓也,藤枝MYFC,びわこ成蹊スポーツ大,UNIV,1992.03.06,MF
2015,3,中村宏輝,藤枝MYFC,びわこ成蹊スポーツ大,UNIV,1992.05.20,DF
2015,3,田島昇太,藤枝MYFC,大阪経済大,UNIV,1992.09.29,GK
2015,3,香川勇気,レノファ山口FC,阪南大,UNIV,1992.07.02,DF
2015,3,浦紘史,レノファ山口FC,佐賀大,UNIV,1992.10.10,MF
2015,3,原口拓人,レノファ山口FC,関西大,UNIV,1992.05.03,FW
2015,3,古澤慶太,レノファ山口FC,桐蔭横浜大,UNIV,1992.07.01,DF
2015,3,廣木雄磨,レノファ山口FC,東京学芸大,UNIV,1992.07.23,DF
2015,3,泉悠哉,レノファ山口FC,徳山大,UNIV,1992.12.18,DF
2015,3,星広太,福島ユナイテッドFC,神奈川大,UNIV,1992.07.27,MF
2015,3,齋藤恵太,福島ユナイテッドFC,仙台大,UNIV,1993.03.31,FW
2015,3,星雄次,福島ユナイテッドFC,法政大,UNIV,1992.07.27,DF
2015,3,黒木晃賢,SC相模原,横浜FCユース,YOUTH,1996.08.22,MF
2015,3,成田恭輔,SC相模原,阪南大,UNIV,1992.05.02,DF
2016,1,差波優人,ベガルタ仙台,明治大,UNIV,1993.06.28,MF
2016,1,常田克人,ベガルタ仙台,青森山田高,HIGH,1997.11.27,DF
2016,1,椎橋慧也,ベガルタ仙台,市立船橋高,HIGH,1997.06.20,DF
2016,1,佐々木匠,ベガルタ仙台,仙台ユース,YOUTH,1998.03.30,MF
2016,1,小島雅也,ベガルタ仙台,仙台ユース,YOUTH,1997.11.09,DF
2016,1,町田浩樹,鹿島アントラーズ,鹿島ユース,YOUTH,1997.08.25,DF
2016,1,田中稔也,鹿島アントラーズ,鹿島ユース,YOUTH,1997.12.02,MF
2016,1,平戸太貴,鹿島アントラーズ,鹿島ユース,YOUTH,1997.04.18,MF
2016,1,垣田裕暉,鹿島アントラーズ,鹿島ユース,YOUTH,1997.07.14,FW
2016,1,福島春樹,浦和レッズ,専修大,UNIV,1993.04.08,GK
2016,1,伊藤涼太郎,浦和レッズ,作陽高,HIGH,1998.02.06,MF
2016,1,山越康平,大宮アルディージャ,明治大,UNIV,1993.05.04,DF
2016,1,加藤有輝,大宮アルディージャ,大宮U18,YOUTH,1997.09.20,GK
2016,1,川田拳登,大宮アルディージャ,大宮U18,YOUTH,1997.07.09,FW
2016,1,黒川淳史,大宮アルディージャ,大宮U18,YOUTH,1998.02.04,MF
2016,1,藤沼拓夢,大宮アルディージャ,大宮U18,YOUTH,1997.06.14,FW
2016,1,湯澤聖人,柏レイソル,流通経済大,UNIV,1993.10.10,DF
2016,1,安西海斗,柏レイソル,柏U-18,YOUTH,1998.02.19,MF
2016,1,滝本晴彦,柏レイソル,柏U-18,YOUTH,1997.05.20,GK
2016,1,柳貴博,FC東京,FC東京U-18,YOUTH,1997.08.05,DF
2016,1,室屋成,FC東京,明治大,UNIV,1994.04.05,DF
2016,1,長谷川竜也,川崎フロンターレ,順天堂大,UNIV,1994.03.07,FW
2016,1,新井一耀,横浜F・マリノス,順天堂大,UNIV,1993.11.08,DF
2016,1,和田昌士,横浜F・マリノス,横浜FMユース,YOUTH,1997.04.11,FW
2016,1,遠藤渓太,横浜F・マリノス,横浜FMユース,YOUTH,1997.11.22,MF
2016,1,富樫敬真,横浜F・マリノス,関東学院大,UNIV,1993.08.10,FW
2016,1,山根視来,湘南ベルマーレ,桐蔭横浜大,UNIV,1993.12.22,MF
2016,1,森晃太,ヴァンフォーレ甲府,名古屋U18,YOUTH,1997.06.13,FW
2016,1,早川史哉,アルビレックス新潟,筑波大,UNIV,1994.01.12,DF
2016,1,端山豪,アルビレックス新潟,慶應義塾大,UNIV,1993.04.09,MF
2016,1,宮崎幾笑,アルビレックス新潟,新潟U-18,YOUTH,1998.02.17,MF
2016,1,小川航基,ジュビロ磐田,桐光学園高,HIGH,1997.08.08,FW
2016,1,荒木大吾,ジュビロ磐田,青山学院大,UNIV,1994.02.17,MF
2016,1,大南拓磨,ジュビロ磐田,鹿児島実業高,HIGH,1997.12.13,DF
2016,1,高橋諒,名古屋グランパス,明治大,UNIV,1993.07.16,DF
2016,1,和泉竜司,名古屋グランパス,明治大,UNIV,1993.11.06,MF
2016,1,呉屋大翔,ガンバ大阪,関西学院大,UNIV,1994.01.02,FW
2016,1,野田裕喜,ガンバ大阪,大津高,HIGH,1997.07.27,DF
2016,1,一美和成,ガンバ大阪,大津高,HIGH,1997.11.10,FW
2016,1,初瀬亮,ガンバ大阪,G大阪ユース,YOUTH,1997.07.10,DF
2016,1,市丸瑞希,ガンバ大阪,G大阪ユース,YOUTH,1997.05.08,MF
2016,1,堂安律,ガンバ大阪,G大阪ユース,YOUTH,1998.06.16,MF
2016,1,髙木彰人,ガンバ大阪,G大阪ユース,YOUTH,1997.08.04,FW
2016,1,小林成豪,ヴィッセル神戸,関西学院大,UNIV,1994.01.08,MF
2016,1,松下佳貴,ヴィッセル神戸,阪南大,UNIV,1994.03.03,MF
2016,1,藤谷壮,ヴィッセル神戸,神戸U-18,YOUTH,1997.10.28,DF
2016,1,東隼也,ヴィッセル神戸,神戸U-18,YOUTH,1997.11.13,DF
2016,1,中坂勇哉,ヴィッセル神戸,神戸U-18,YOUTH,1997.08.05,MF
2016,1,森島司,サンフレッチェ広島,四日市中央工高,HIGH,1997.04.25,MF
2016,1,長沼洋一,サンフレッチェ広島,広島ユース,YOUTH,1997.04.14,MF
2016,1,下坂晃城,アビスパ福岡,鹿屋体育大,UNIV,1993.09.25,DF
2016,1,冨安健洋,アビスパ福岡,福岡U-18,YOUTH,1998.11.05,DF
2016,1,三丸拡,サガン鳥栖,筑波大,UNIV,1993.07.06,DF
2016,1,辻周吾,サガン鳥栖,千葉U-18,YOUTH,1997.07.21,GK
2016,2,永藤歩,モンテディオ山形,市立船橋高,HIGH,1997.12.25,FW
2016,2,宮本拓弥,水戸ホーリーホック,早稲田大,UNIV,1993.05.21,FW
2016,2,山岸祐也,ザスパクサツ群馬,流通経済大,UNIV,1993.08.29,MF
2016,2,瀬川祐輔,ザスパクサツ群馬,明治大,UNIV,1994.02.07,MF
2016,2,中村俊貴,ザスパクサツ群馬,国士舘大,UNIV,1993.05.17,MF
2016,2,八角大智,ザスパクサツ群馬,早稲田大,UNIV,1992.04.15,DF
2016,2,中村駿,ザスパクサツ群馬,駒澤大,UNIV,1994.02.24,MF
2016,2,志村駿太,ザスパクサツ群馬,群馬U-18,YOUTH,1997.04.26,MF
2016,2,福島遼,ザスパクサツ群馬,東京国際大,UNIV,1992.12.17,FW
2016,2,大野哲煥,ジェフユナイテッド千葉,城西国際大,UNIV,1993.10.25,GK
2016,2,岡野洵,ジェフユナイテッド千葉,千葉U-18,YOUTH,1997.12.09,DF
2016,2,林昇吾,東京ヴェルディ,東京Vユース,YOUTH,1997.04.09,MF
2016,2,井上潮音,東京ヴェルディ,東京Vユース,YOUTH,1997.08.03,MF
2016,2,郡大夢,東京ヴェルディ,東京Vユース,YOUTH,1997.09.11,FW
2016,2,福田友也,FC町田ゼルビア,国士舘大,UNIV,1992.09.10,DF
2016,2,前嶋洋太,横浜FC,横浜FCユース,YOUTH,1997.08.12,MF
2016,2,齋藤功佑,横浜FC,横浜FCユース,YOUTH,1997.06.16,FW
2016,2,前田大然,松本山雅FC,山梨学院高,HIGH,1997.10.20,FW
2016,2,光崎伸,清水エスパルス,東海学園高,HIGH,1997.08.22,MF
2016,2,青木翼,FC岐阜,順天堂大,UNIV,1993.11.17,MF
2016,2,田代雅也,FC岐阜,法政大,UNIV,1993.05.01,DF
2016,2,鈴木潤,FC岐阜,中京大,UNIV,1993.07.30,DF
2016,2,瀧谷亮,FC岐阜,大阪学院大,UNIV,1994.02.16,FW
2016,2,荻野広大,京都サンガF.C.,京都U-18,YOUTH,1997.05.02,MF
2016,2,沼大希,京都サンガF.C.,京都U-18,YOUTH,1997.04.22,FW
2016,2,澤上竜二,セレッソ大阪,大阪体育大,UNIV,1993.10.08,FW
2016,2,木本恭生,セレッソ大阪,福岡大,UNIV,1993.08.06,MF
2016,2,岸本武流,セレッソ大阪,C大阪U-18,YOUTH,1997.07.16,FW
2016,2,庄司朋乃也,セレッソ大阪,C大阪U-18,YOUTH,1997.10.08,DF
2016,2,久保飛翔,ファジアーノ岡山,慶應義塾大,UNIV,1993.11.10,DF
2016,2,藤本佳希,ファジアーノ岡山,明治大,UNIV,1994.02.03,FW
2016,2,井筒陸也,徳島ヴォルティス,関西学院大,UNIV,1994.02.10,DF
2016,2,仲島義貴,愛媛FC,国士舘大,UNIV,1993.08.18,DF
2016,2,中村慶太,V・ファーレン長崎,流通経済大,UNIV,1993.06.30,MF
2016,2,田上大地,V・ファーレン長崎,流通経済大,UNIV,1993.06.16,DF
2016,2,富澤雅也,V・ファーレン長崎,法政大,UNIV,1993.07.14,GK
2016,2,八久保颯,ロアッソ熊本,阪南大,UNIV,1993.06.23,MF
2016,2,玉城史也,カマタマーレ讃岐,関西国際大,UNIV,1993.07.23,MF
2016,2,奥山政幸,レノファ山口FC,早稲田大,UNIV,1993.07.28,DF
2016,2,篠原宏仁,レノファ山口FC,関西大,UNIV,1993.11.30,MF
2016,3,古波津辰希,栃木SC,流通経済大,UNIV,1993.09.11,MF
2016,3,西谷和希,栃木SC,流通経済大,UNIV,1993.10.05,MF
2016,3,萱沼優聖,カターレ富山,関東学院大,UNIV,1993.08.06,FW
2016,3,西室隆規,カターレ富山,法政大,UNIV,1993.06.02,MF
2016,3,脇本晃成,カターレ富山,東京学芸大,UNIV,1994.01.08,DF
2016,3,石坂元気,カターレ富山,東洋大,UNIV,1993.07.13,DF
2016,3,磯江太勢,ガイナーレ鳥取,鳥取U-18,YOUTH,1997.04.19,MF
2016,3,曽我大地,ガイナーレ鳥取,鳥取U-18,YOUTH,1998.03.10,DF
2016,3,亀島周,ガイナーレ鳥取,流通経済大,UNIV,1993.04.21,DF
2016,3,河合秀人,ガイナーレ鳥取,大阪学院大,UNIV,1993.10.10,MF
2016,3,山道淳司,ガイナーレ鳥取,福岡大,UNIV,1994.01.29,DF
2016,3,山本蓮,ガイナーレ鳥取,久御山高,HIGH,1997.05.13,MF
2016,3,岩田智輝,大分トリニータ,大分U-18,YOUTH,1997.04.07,MF
2016,3,吉平翼,大分トリニータ,大分U-18,YOUTH,1998.01.05,FW
2016,3,江頭一輝,大分トリニータ,大分U-18,YOUTH,1997.05.13,MF
2016,3,山川デション諒,FC琉球,前原高,HIGH,1997.04.21,FW
2016,3,上門知樹,FC琉球,与勝高,HIGH,1997.04.27,FW
2016,3,宮城晃太,FC琉球,大阪産業大,UNIV,1993.10.10,MF
2016,3,山内達朗,FC琉球,大阪産業大,UNIV,1994.01.23,FW
2016,3,知念雄太朗,FC琉球,立命館大,UNIV,1993.11.19,MF
2016,3,積田景介,FC琉球,駒澤大,UNIV,1993.06.23,GK
2016,3,増谷幸祐,FC琉球,日本体育大,UNIV,1993.07.01,DF
2016,3,瀧澤修平,FC琉球,東洋大,UNIV,1993.07.19,DF
2016,3,青島拓馬,ブラウブリッツ秋田,法政大,UNIV,1993.04.06,MF
2016,3,畠中佑樹,ブラウブリッツ秋田,東海学園大,UNIV,1993.10.26,MF
2016,3,深井脩平,ブラウブリッツ秋田,北陸大,UNIV,1993.07.20,DF
2016,3,堺俊暉,ブラウブリッツ秋田,仙台大,UNIV,1993.09.18,FW
2016,3,遊馬将也,ブラウブリッツ秋田,東洋大,UNIV,1993.06.04,FW
2016,3,大石文弥,ブラウブリッツ秋田,明海大,UNIV,1993.04.02,GK
2016,3,宮尾孝一,横浜スポーツ&カルチャークラブ,桐蔭横浜大,UNIV,1993.06.15,MF
2016,3,宮内寛斗,横浜スポーツ&カルチャークラブ,Y.S.C.C.ユース,YOUTH,1998.01.23,MF
2016,3,青木捷,藤枝MYFC,中京大,UNIV,1993.06.24,MF
2016,3,佐々木宏樹,藤枝MYFC,桐蔭横浜大,UNIV,1993.07.17,DF
2016,3,藤﨑将汰,藤枝MYFC,尚美学園大,UNIV,1994.01.10,DF
2016,3,久保海都,グルージャ盛岡,関東学院大,UNIV,1993.11.05,DF
2016,3,土館賢人,グルージャ盛岡,関東学院大,UNIV,1992.08.23,MF
2016,3,鈴木達也,グルージャ盛岡,明治大,UNIV,1993.07.08,DF
2016,3,蓮沼翔太,福島ユナイテッドFC,仙台大,UNIV,1993.10.15,FW
2016,3,普光院誠,SC相模原,関東学院大,UNIV,1993.05.20,MF
2016,3,石垣徳之,SC相模原,暁星国際高,HIGH,1997.11.30,DF
2016,3,寺田匡史,鹿児島ユナイテッドFC,鹿屋体育大,UNIV,1994.01.10,DF
2016,3,中原優生,鹿児島ユナイテッドFC,鹿屋体育大,UNIV,1993.06.15,MF
2016,3,塚田翔悟,鹿児島ユナイテッドFC,九州共立大学,UNIV,1993.05.02,FW
2016,3,藤井貴之,鹿児島ユナイテッドFC,日本体育大,UNIV,1993.06.18,FW
2017,1,菅大輝,コンサドーレ札幌,札幌U-18,YOUTH,1998.09.10,FW
2017,1,濱大耀,コンサドーレ札幌,札幌U-18,YOUTH,1998.06.14,DF
2017,1,永戸勝也,ベガルタ仙台,法政大,UNIV,1995.01.15,DF
2017,1,小田逸稀,鹿島アントラーズ,東福岡高,HIGH,1998.07.16,DF
2017,1,安部裕葵,鹿島アントラーズ,瀬戸内高,HIGH,1999.01.28,FW
2017,1,河面旺成,大宮アルディージャ,明治大,UNIV,1994.05.03,DF
2017,1,山田陸,大宮アルディージャ,大宮U18,YOUTH,1998.04.15,MF
2017,1,古賀太陽,柏レイソル,柏U-18,YOUTH,1998.10.28,DF
2017,1,廣末陸,FC東京,青森山田高,HIGH,1998.07.06,GK
2017,1,山田将之,FC東京,法政大,UNIV,1994.10.01,DF
2017,1,鈴木喜丈,FC東京,FC東京U-18,YOUTH,1998.07.06,MF
2017,1,岡崎慎,FC東京,FC東京U-18,YOUTH,1998.10.10,DF
2017,1,波多野豪,FC東京,FC東京U-18,YOUTH,1998.05.25,GK
2017,1,内田宅哉,FC東京,FC東京U-18,YOUTH,1998.06.02,MF
2017,1,田中碧,川崎フロンターレ,川崎FU-18,YOUTH,1998.09.10,MF
2017,1,タビナスジェファーソン,川崎フロンターレ,桐光学園高,HIGH,1998.08.07,DF
2017,1,知念慶,川崎フロンターレ,愛知学院大,UNIV,1995.03.17,FW
2017,1,高野遼,横浜F・マリノス,日本体育大,UNIV,1994.11.13,DF
2017,1,原田岳,横浜F・マリノス,横浜FMユース,YOUTH,1998.05.22,GK
2017,1,吉尾海夏,横浜F・マリノス,横浜FMユース,YOUTH,1998.06.28,MF
2017,1,小出悠太,ヴァンフォーレ甲府,明治大,UNIV,1994.10.20,DF
2017,1,道渕諒平,ヴァンフォーレ甲府,明治大,UNIV,1994.06.16,MF
2017,1,曽根田穣,ヴァンフォーレ甲府,びわこ成蹊スポーツ大,UNIV,1994.08.29,DF
2017,1,原輝綺,アルビレックス新潟,市立船橋高,HIGH,1998.07.30,DF
2017,1,森俊介,アルビレックス新潟,関西学院大,UNIV,1994.10.04,MF
2017,1,長谷川巧,アルビレックス新潟,新潟U-18,YOUTH,1998.10.06,DF
2017,1,飯田貴敬,清水エスパルス,専修大,UNIV,1994.08.31,DF
2017,1,立田悠悟,清水エスパルス,清水ユース,YOUTH,1998.06.21,DF
2017,1,藤川虎太朗,ジュビロ磐田,東福岡高,HIGH,1998.07.24,MF
2017,1,針谷岳晃,ジュビロ磐田,昌平高,HIGH,1998.10.15,MF
2017,1,高宇洋,ガンバ大阪,市立船橋高,HIGH,1998.04.20,MF
2017,1,髙江麗央,ガンバ大阪,東福岡高,HIGH,1998.06.27,MF
2017,1,食野亮太郎,ガンバ大阪,G大阪ユース,YOUTH,1998.06.18,MF
2017,1,大山武蔵,セレッソ大阪,札幌大谷高,HIGH,1998.09.11,MF
2017,1,茂木秀,セレッソ大阪,桐光学園高,HIGH,1999.01.15,GK
2017,1,斧澤隼輝,セレッソ大阪,C大阪U-18,YOUTH,1998.06.02,MF
2017,1,舩木翔,セレッソ大阪,C大阪U-18,YOUTH,1998.04.13,DF
2017,1,森下怜哉,セレッソ大阪,C大阪U-18,YOUTH,1998.11.01,DF
2017,1,山内寛史,セレッソ大阪,早稲田大,UNIV,1995.02.09,MF
2017,1,山根永遠,セレッソ大阪,広島ユース,YOUTH,1999.02.05,FW
2017,1,前川黛也,ヴィッセル神戸,関西大,UNIV,1994.09.08,GK
2017,1,向井章人,ヴィッセル神戸,神戸U-18,YOUTH,1998.11.17,FW
2017,1,野田樹,ヴィッセル神戸,神戸U-18,YOUTH,1998.04.02,MF
2017,1,安井拓也,ヴィッセル神戸,神戸U-18,YOUTH,1998.11.21,MF
2017,1,イヨハ理ヘンリー,サンフレッチェ広島,広島ユース,YOUTH,1998.06.23,DF
2017,1,松本泰志,サンフレッチェ広島,昌平高,HIGH,1998.08.22,MF
2017,1,石川啓人,サガン鳥栖,鳥栖U-18,YOUTH,1998.07.16,MF
2017,1,田川亨介,サガン鳥栖,鳥栖U-18,YOUTH,1999.02.11,FW
2017,2,高橋成樹,モンテディオ山形,山形ユース,YOUTH,1998.12.17,DF
2017,2,中川洋介,水戸ホーリーホック,水戸ユース,YOUTH,1998.04.28,MF
2017,2,外山凌,水戸ホーリーホック,阪南大,UNIV,1994.07.29,MF
2017,2,出岡大輝,ザスパクサツ群馬,関西学院大,UNIV,1994.08.16,MF
2017,2,藤原雅斗,ザスパクサツ群馬,流通経済大,UNIV,1994.04.14,DF
2017,2,高井和馬,ザスパクサツ群馬,日本体育大,UNIV,1994.08.05,MF
2017,2,岩田拓也,ザスパクサツ群馬,明治大,UNIV,1994.07.14,FW
2017,2,岡庭裕貴,ザスパクサツ群馬,東京農業大,UNIV,1995.01.03,MF
2017,2,早坂龍之介,ザスパクサツ群馬,明治大,UNIV,1994.06.07,MF
2017,2,佐藤遵樹,ザスパクサツ群馬,専修大,UNIV,1994.07.12,MF
2017,2,小林祐太,ザスパクサツ群馬,本庄第一高,HIGH,1998.10.07,FW
2017,2,髙橋壱晟,ジェフユナイテッド千葉,青森山田高,HIGH,1998.04.20,MF
2017,2,溝渕雄志,ジェフユナイテッド千葉,慶應義塾大,UNIV,1994.07.20,DF
2017,2,渡辺皓太,東京ヴェルディ,東京Vユース,YOUTH,1998.10.18,MF
2017,2,青木義孝,FC町田ゼルビア,町田ユース,YOUTH,1998.09.02,FW
2017,2,大田隼輔,FC町田ゼルビア,立命館大,UNIV,1994.05.02,DF
2017,2,渡辺健太,FC町田ゼルビア,G大阪ユース,YOUTH,1998.04.28,GK
2017,2,市川暉記,横浜FC,星槎国際高湘南,HIGH,1998.10.19,GK
2017,2,山本凌太郎,横浜FC,横浜FCユース,YOUTH,1998.12.07,MF
2017,2,新井純平,横浜FC,早稲田大,UNIV,1994.11.12,DF
2017,2,中山雄希,横浜FC,早稲田大,UNIV,1994.10.16,FW
2017,2,杉岡大暉,湘南ベルマーレ,市立船橋高,HIGH,1998.09.08,DF
2017,2,後藤雅明,湘南ベルマーレ,早稲田大,UNIV,1994.05.24,GK
2017,2,岡佳樹,松本山雅FC,桃山学院大,UNIV,1994.04.26,FW
2017,2,松本孝平,名古屋グランパス,国士舘大,UNIV,1994.07.31,FW
2017,2,宮地元貴,名古屋グランパス,慶應義塾大,UNIV,1994.04.17,DF
2017,2,梶山幹太,名古屋グランパス,名古屋U18,YOUTH,1998.04.24,MF
2017,2,深堀隼平,名古屋グランパス,名古屋U18,YOUTH,1998.06.29,FW
2017,2,甲斐健太郎,FC岐阜,阪南大,UNIV,1994.11.01,DF
2017,2,古橋亨梧,FC岐阜,中央大,UNIV,1995.01.20,FW
2017,2,薮内健人,FC岐阜,大阪産業大,UNIV,1995.01.21,FW
2017,2,岩崎悠人,京都サンガF.C.,京都橘高,HIGH,1998.06.11,FW
2017,2,仙頭啓矢,京都サンガF.C.,東洋大,UNIV,1994.12.29,MF
2017,2,麻田将吾,京都サンガF.C.,京都U-18,YOUTH,1998.07.06,DF
2017,2,島村拓弥,京都サンガF.C.,京都U-18,YOUTH,1999.03.06,MF
2017,2,武田将平,ファジアーノ岡山,神奈川大,UNIV,1994.04.04,MF
2017,2,塚川孝輝,ファジアーノ岡山,流通経済大,UNIV,1994.07.16,DF
2017,2,石川隆汰,ファジアーノ岡山,岡山U-18,YOUTH,1999.02.15,FW
2017,2,下口稚葉,ファジアーノ岡山,JFAアカデミー福島,YOUTH,1998.05.02,DF
2017,2,川上エドオジョン智慧,徳島ヴォルティス,浦和ユース,YOUTH,1998.04.21,MF
2017,2,小西雄大,徳島ヴォルティス,G大阪ユース,YOUTH,1998.04.18,FW
2017,2,丹羽詩温,愛媛FC,明治大,UNIV,1994.06.18,FW
2017,2,馬渡洋樹,愛媛FC,鹿屋体育大,UNIV,1994.08.16,GK
2017,2,山ノ井拓己,アビスパ福岡,静岡学園高,HIGH,1998.10.25,GK
2017,2,崎村祐丞,アビスパ福岡,福岡U-18,YOUTH,1998.06.27,FW
2017,2,林田隆介,V・ファーレン長崎,長崎U-18,YOUTH,1999.03.11,MF
2017,2,畑潤基,V・ファーレン長崎,東海学園大,UNIV,1994.08.14,FW
2017,2,翁長聖,V・ファーレン長崎,中央大,UNIV,1995.02.23,MF
2017,2,吉岡雅和,V・ファーレン長崎,駒澤大,UNIV,1995.03.09,MF
2017,2,米原秀亮,ロアッソ熊本,熊本ユース,YOUTH,1998.04.20,MF
2017,2,林祥太,ロアッソ熊本,国士舘大,UNIV,1995.02.24,FW
2017,2,野上拓哉,大分トリニータ,大分U-18,YOUTH,1998.11.29,MF
2017,2,國分伸太郎,大分トリニータ,立命館大,UNIV,1994.08.31,MF
2017,2,中島大貴,カマタマーレ讃岐,福岡大,UNIV,1995.01.17,DF
2017,2,長澤拓哉,カマタマーレ讃岐,龍谷大,UNIV,1993.04.10,DF
2017,2,榎本滉大,ツエーゲン金沢,仙台大,UNIV,1994.11.05,DF
2017,2,清永丈瑠,レノファ山口FC,関西大,UNIV,1994.10.24,MF
2017,2,池上丈二,レノファ山口FC,大阪体育大,UNIV,1994.11.06,MF
2017,3,種岡岐将,栃木SC,駒澤大,UNIV,1994.04.04,DF
2017,3,登崎雅貴,カターレ富山,常葉大浜松,UNIV,1994.08.27,DF
2017,3,西晃佑,カターレ富山,富山U-18,YOUTH,1998.04.08,FW
2017,3,服部一輝,カターレ富山,明治大,UNIV,1995.03.16,GK
2017,3,石井光輝,ガイナーレ鳥取,関西大,UNIV,1995.03.15,MF
2017,3,加藤潤也,ガイナーレ鳥取,城西国際大,UNIV,1994.12.30,FW
2017,3,西嶋有矢,ガイナーレ鳥取,福岡大,UNIV,1995.02.21,DF
2017,3,細田歩夢,ガイナーレ鳥取,鳥取U-18,YOUTH,1998.04.14,GK
2017,3,福森健太,ギラヴァンツ北九州,鹿屋体育大,UNIV,1994.07.04,DF
2017,3,紀藤隆翔,ギラヴァンツ北九州,梅村学園三重高,HIGH,1998.08.14,MF
2017,3,遠藤元一,AC長野パルセイロ,産業能率大,UNIV,1994.09.09,DF
2017,3,前田悠斗,AC長野パルセイロ,京都産業大,UNIV,1994.11.22,MF
2017,3,福田愛大,FC琉球,埼玉工業大,UNIV,1994.12.18,FW
2017,3,望月達也,FC琉球,埼玉工業大,UNIV,1994.08.12,MF
2017,3,西岡大志,FC琉球,福岡大,UNIV,1994.07.28,DF
2017,3,前田央樹,FC琉球,阪南大,UNIV,1994.04.09,FW
2017,3,新井幹人,FC琉球,阪南大,UNIV,1994.06.14,DF
2017,3,名倉巧,FC琉球,国学院久我山高,HIGH,1998.06.03,MF
2017,3,藤山智史,ブラウブリッツ秋田,鹿屋体育大,UNIV,1994.04.23,MF
2017,3,千田海人,ブラウブリッツ秋田,神奈川大,UNIV,1994.10.17,DF
2017,3,安芸銀治,ブラウブリッツ秋田,流通経済大,UNIV,1994.06.04,FW
2017,3,岩壁裕也,横浜スポーツ&カルチャークラブ,東海大,UNIV,1994.05.17,DF
2017,3,西山雄介,横浜スポーツ&カルチャークラブ,山梨学院大,UNIV,1994.09.18,DF
2017,3,奥田晃也,横浜スポーツ&カルチャークラブ,神奈川大,UNIV,1994.10.01,MF
2017,3,上田航平,横浜スポーツ&カルチャークラブ,Y.S.C.C.ユース,YOUTH,1998.06.26,DF
2017,3,金子大晟,横浜スポーツ&カルチャークラブ,Y.S.C.C.ユース,YOUTH,1998.08.14,MF
2017,3,北原大奨,横浜スポーツ&カルチャークラブ,東海大,UNIV,1994.04.04,FW
2017,3,小松駿太,横浜スポーツ&カルチャークラブ,順天堂大,UNIV,1997.11.07,MF
2017,3,小笠原賢聖,横浜スポーツ&カルチャークラブ,日本体育大,UNIV,1995.03.26,MF
2017,3,田中憧,グルージャ盛岡,桐蔭横浜大,UNIV,1994.11.21,DF
2017,3,今関耕平,グルージャ盛岡,桐蔭横浜大,UNIV,1994.06.23,FW
2017,3,菅本岳,グルージャ盛岡,立教大,UNIV,1994.09.10,MF
2017,3,堀田大暉,福島ユナイテッドFC,東海大,UNIV,1994.10.05,GK
2017,3,川上竜,福島ユナイテッドFC,福岡大,UNIV,1994.10.25,MF
2017,3,橋本裕貴,福島ユナイテッドFC,中京大,UNIV,1994.10.20,MF
2017,3,三橋秀平,福島ユナイテッドFC,関東学院大,UNIV,1994.07.18,MF
2017,3,川戸大樹,SC相模原,日本体育大,UNIV,1994.04.05,MF
2017,3,髙畑智也,SC相模原,立命館大,UNIV,1994.12.02,MF
2017,3,米原祐,SC相模原,関西学院大,UNIV,1994.08.18,DF
2017,3,徳永裕大,SC相模原,関西学院大,UNIV,1994.04.16,MF
2017,3,岩崎知瑳,鹿児島ユナイテッドFC,福岡大,UNIV,1995.01.08,GK
2017,3,野嶽惇也,鹿児島ユナイテッドFC,福岡大,UNIV,1994.09.11,MF
2017,3,藤嵜智貴,アスルクラロ沼津,国士舘大,UNIV,1994.09.19,DF
2017,3,後藤虹介,アスルクラロ沼津,大阪体育大,UNIV,1994.07.23,MF
2018,1,藤村怜,コンサドーレ札幌,札幌U-18,YOUTH,1999.05.26,FW
2018,1,ジャーメイン良,ベガルタ仙台,流通経済大,UNIV,1995.04.19,FW
2018,1,山口一真,鹿島アントラーズ,阪南大,UNIV,1996.01.17,FW
2018,1,沖悠哉,鹿島アントラーズ,鹿島ユース,YOUTH,1999.08.22,GK
2018,1,柴戸海,浦和レッズ,明治大,UNIV,1995.11.24,MF
2018,1,井澤春輝,浦和レッズ,浦和ユース,YOUTH,1999.06.14,MF
2018,1,荻原拓也,浦和レッズ,浦和ユース,YOUTH,1999.11.23,MF
2018,1,橋岡大樹,浦和レッズ,浦和ユース,YOUTH,1999.05.17,DF
2018,1,猿田遥己,柏レイソル,柏U-18,YOUTH,1999.04.23,GK
2018,1,宮本駿晃,柏レイソル,柏U-18,YOUTH,1999.06.04,DF
2018,1,中川創,柏レイソル,柏U-18,YOUTH,1999.06.01,DF
2018,1,田中陸,柏レイソル,柏U-18,YOUTH,1999.05.04,MF
2018,1,矢島輝一,FC東京,中央大,UNIV,1995.04.06,FW
2018,1,品田愛斗,FC東京,FC東京U-18,YOUTH,1999.09.19,MF
2018,1,原大智,FC東京,FC東京U-18,YOUTH,1999.05.05,FW
2018,1,脇坂泰斗,川崎フロンターレ,阪南大,UNIV,1995.06.11,MF
2018,1,守田英正,川崎フロンターレ,流通経済大,UNIV,1995.05.10,MF
2018,1,堀研太,横浜F・マリノス,横浜FMユース,YOUTH,1999.04.09,MF
2018,1,山田康太,横浜F・マリノス,横浜FMユース,YOUTH,1999.07.10,MF
2018,1,西山大雅,横浜F・マリノス,横浜FMユース,YOUTH,1999.08.24,DF
2018,1,町野修斗,横浜F・マリノス,履正社高,HIGH,1999.09.30,FW
2018,1,生駒仁,横浜F・マリノス,鹿児島城西高,HIGH,1999.07.01,DF
2018,1,新井光,湘南ベルマーレ,市立長野高,HIGH,1999.04.14,MF
2018,1,坂圭祐,湘南ベルマーレ,順天堂大,UNIV,1995.05.07,DF
2018,1,山口和樹,湘南ベルマーレ,国士舘大,UNIV,1995.05.15,FW
2018,1,真田幸太,湘南ベルマーレ,湘南U-18,YOUTH,1999.04.21,GK
2018,1,和田響稀,湘南ベルマーレ,湘南U-18,YOUTH,1999.05.03,FW
2018,1,鈴木国友,湘南ベルマーレ,桐蔭横浜大,UNIV,1995.07.03,FW
2018,1,金子大毅,湘南ベルマーレ,神奈川大,UNIV,1998.08.28,MF
2018,1,新井栄聡,清水エスパルス,流通経済大,UNIV,1995.09.27,GK
2018,1,西村恭史,清水エスパルス,興國高,HIGH,1999.11.04,MF
2018,1,髙橋大悟,清水エスパルス,神村学園,HIGH,1999.04.17,FW
2018,1,伊藤研太,清水エスパルス,清水ユース,YOUTH,1999.05.12,DF
2018,1,滝裕太,清水エスパルス,清水ユース,YOUTH,1999.08.29,MF
2018,1,平墳迅,清水エスパルス,清水ユース,YOUTH,1999.05.19,FW
2018,1,中野誠也,ジュビロ磐田,筑波大,UNIV,1995.07.23,FW
2018,1,秋山陽介,名古屋グランパス,早稲田大,UNIV,1995.04.13,MF
2018,1,大垣勇樹,名古屋グランパス,興國高,HIGH,2000.02.28,FW
2018,1,福田湧矢,ガンバ大阪,東福岡高,HIGH,1999.04.04,MF
2018,1,山口竜弥,ガンバ大阪,東海大学付属相模高,HIGH,2000.02.09,DF
2018,1,松田陸,ガンバ大阪,前橋育英高,HIGH,1999.05.03,DF
2018,1,芝本蓮,ガンバ大阪,G大阪ユース,YOUTH,1999.07.22,MF
2018,1,白井陽斗,ガンバ大阪,G大阪ユース,YOUTH,1999.10.23,FW
2018,1,中村敬斗,ガンバ大阪,三菱養和ユース,YOUTH,2000.07.28,FW
2018,1,永石拓海,セレッソ大阪,福岡大,UNIV,1996.02.16,GK
2018,1,中島元彦,セレッソ大阪,C大阪U-18,YOUTH,1999.04.18,FW
2018,1,山田寛人,セレッソ大阪,C大阪U-18,YOUTH,2000.03.07,FW
2018,1,安藤瑞季,セレッソ大阪,長崎総合科学大学附属高,HIGH,1999.07.19,FW
2018,1,魚里直哉,セレッソ大阪,関西学院大,UNIV,1995.08.03,MF
2018,1,宮大樹,ヴィッセル神戸,びわこ成蹊スポーツ大,UNIV,1996.04.01,DF
2018,1,郷家友太,ヴィッセル神戸,青森山田高,HIGH,1999.06.10,MF
2018,1,佐々木大樹,ヴィッセル神戸,神戸U-18,YOUTH,1999.09.17,FW
2018,1,川井歩,サンフレッチェ広島,広島ユース,YOUTH,1999.08.12,MF
2018,1,川村拓夢,サンフレッチェ広島,広島ユース,YOUTH,1999.08.28,MF
2018,1,本多琢人,V・ファーレン長崎,東海学園大,UNIV,1995.05.28,DF
2018,1,新里涼,V・ファーレン長崎,順天堂大,UNIV,1995.09.03,MF
2018,1,米田隼也,V・ファーレン長崎,順天堂大,UNIV,1995.11.05,MF
2018,2,北川柊斗,モンテディオ山形,筑波大,UNIV,1995.06.01,FW
2018,2,中村駿太,モンテディオ山形,青森山田高,HIGH,1999.05.10,FW
2018,2,熊本雄太,モンテディオ山形,早稲田大,UNIV,1995.07.18,DF
2018,2,射庭康太朗,モンテディオ山形,京都産業大,UNIV,1995.12.07,GK
2018,2,大原彰輝,水戸ホーリーホック,水戸ユース,YOUTH,1999.08.28,DF
2018,2,平野佑一,水戸ホーリーホック,国士舘大,UNIV,1996.03.11,MF
2018,2,長谷川凌,水戸ホーリーホック,市立船橋高,HIGH,1999.04.21,GK
2018,2,ンドカボニフェイス,水戸ホーリーホック,日本体育大,UNIV,1996.02.15,DF
2018,2,早乙女達海,栃木SC,栃木ユース,YOUTH,1999.06.22,FW
2018,2,本庄竜大,栃木SC,栃木ユース,YOUTH,1999.05.11,FW
2018,2,山本廉,栃木SC,栃木ユース,YOUTH,1999.05.08,MF
2018,2,荒井秀賀,栃木SC,仙台ユース,YOUTH,1999.10.29,MF
2018,2,川上盛司,栃木SC,仙台大,UNIV,1995.06.20,DF
2018,2,浜下瑛,栃木SC,産業能率大,UNIV,1995.07.05,MF
2018,2,奥抜侃志,大宮アルディージャ,大宮U18,YOUTH,1999.08.11,FW
2018,2,佐相壱明,大宮アルディージャ,昌平高,HIGH,1999.06.16,FW
2018,2,鳥海晃司,ジェフユナイテッド千葉,明治大,UNIV,1995.05.09,DF
2018,2,本田功輝,ジェフユナイテッド千葉,香川西高,HIGH,2000.03.08,MF
2018,2,杉山弾斗,ジェフユナイテッド千葉,市立船橋高,HIGH,1999.05.20,DF
2018,2,古川大悟,ジェフユナイテッド千葉,千葉U-18,YOUTH,1999.09.15,FW
2018,2,長谷川洸,東京ヴェルディ,日本体育大,UNIV,1995.05.16,GK
2018,2,藤本寛也,東京ヴェルディ,東京Vユース,YOUTH,1999.07.01,MF
2018,2,福井光輝,FC町田ゼルビア,日本体育大,UNIV,1995.11.04,GK
2018,2,土居柊太,FC町田ゼルビア,明治大,UNIV,1996.02.29,MF
2018,2,立花歩夢,横浜FC,流通経済大,UNIV,1995.11.04,FW
2018,2,荒木翔,ヴァンフォーレ甲府,国士舘大,UNIV,1995.08.25,MF
2018,2,太田修介,ヴァンフォーレ甲府,日本体育大,UNIV,1996.02.23,FW
2018,2,入間川景太,ヴァンフォーレ甲府,甲府U-18,YOUTH,1999.05.20,DF
2018,2,今津佑太,ヴァンフォーレ甲府,流通経済大,UNIV,1995.07.08,DF
2018,2,下川陽太,松本山雅FC,大阪商業大,UNIV,1995.09.07,DF
2018,2,武藤友樹,松本山雅FC,法政大,UNIV,1995.05.09,DF
2018,2,森本大貴,松本山雅FC,関東学院大,UNIV,1995.09.15,DF
2018,2,渡邊泰基,アルビレックス新潟,前橋育英高,HIGH,1999.04.22,DF
2018,2,渡邉新太,アルビレックス新潟,流通経済大,UNIV,1995.08.05,FW
2018,2,戸嶋祥郎,アルビレックス新潟,筑波大,UNIV,1995.09.26,MF
2018,2,三島頌平,FC岐阜,中央大,UNIV,1995.11.20,MF
2018,2,藤谷匠,FC岐阜,神戸学院大,UNIV,1995.12.06,DF
2018,2,石川大地,FC岐阜,桐蔭横浜大,UNIV,1996.02.22,FW
2018,2,岡本享也,FC岐阜,日本大,UNIV,1995.05.15,GK
2018,2,重廣卓也,京都サンガF.C.,阪南大,UNIV,1995.05.05,MF
2018,2,若原智哉,京都サンガF.C.,京都U-18,YOUTH,1999.12.28,GK
2018,2,武田拓真,ファジアーノ岡山,東海学園大,UNIV,1995.10.12,FW
2018,2,松本健太郎,ファジアーノ岡山,佐賀大,UNIV,1996.03.14,MF
2018,2,デュークカルロス,ファジアーノ岡山,川崎FU-18,YOUTH,2000.02.28,MF
2018,2,阿部海大,ファジアーノ岡山,東福岡高,HIGH,1999.09.18,DF
2018,2,福元友哉,ファジアーノ岡山,市立船橋高,HIGH,1999.07.17,FW
2018,2,渡井理己,徳島ヴォルティス,静岡学園高,HIGH,1999.07.18,MF
2018,2,坪井清志郎,徳島ヴォルティス,富山第一高,HIGH,2000.02.01,FW
2018,2,竹嶋裕二,愛媛FC,千葉U-18,YOUTH,1999.06.11,MF
2018,2,山﨑浩介,愛媛FC,明治大,UNIV,1995.12.30,DF
2018,2,木戸皓貴,アビスパ福岡,明治大,UNIV,1995.06.28,FW
2018,2,衛藤幹弥,ロアッソ熊本,熊本ユース,YOUTH,1999.09.29,DF
2018,2,池谷友喜,ロアッソ熊本,中央大,UNIV,1995.06.27,MF
2018,2,坂本広大,ロアッソ熊本,中京大,UNIV,1995.09.20,MF
2018,2,濱口草太,カマタマーレ讃岐,讃岐U-18,YOUTH,1999.05.22,MF
2018,2,島津頼盛,ツエーゲン金沢,興國高,HIGH,1999.04.07,MF
2018,2,毛利駿也,ツエーゲン金沢,順天堂大,UNIV,1995.04.10,DF
2018,2,山本義道,ツエーゲン金沢,びわこ成蹊スポーツ大,UNIV,1995.07.25,DF
2018,2,谷口遼弥,ツエーゲン金沢,金沢U-18,YOUTH,1999.08.31,FW
2018,2,楠本卓海,レノファ山口FC,東京国際大,UNIV,1995.12.10,DF
2018,2,山下敬大,レノファ山口FC,福岡大,UNIV,1996.03.13,FW
2018,3,小林智光,ガイナーレ鳥取,山梨学院大,UNIV,1995.05.30,MF
2018,3,野口航,ギラヴァンツ北九州,筑波大,UNIV,1996.01.18,DF
2018,3,佐藤颯汰,ギラヴァンツ北九州,日章学園高,HIGH,1999.04.21,FW
2018,3,藤原奏哉,ギラヴァンツ北九州,阪南大,UNIV,1995.09.09,MF
2018,3,堂安憂,AC長野パルセイロ,びわこ成蹊スポーツ大,UNIV,1995.12.14,MF
2018,3,竹下玲王,AC長野パルセイロ,関西大,UNIV,1995.10.04,FW
2018,3,大塚翔,FC琉球,関西学院大,UNIV,1995.07.25,MF
2018,3,徳元悠平,FC琉球,城西国際大,UNIV,1995.09.12,DF
2018,3,金成純,FC琉球,朝鮮大,UNIV,1995.12.31,MF
2018,3,宮内雄希,FC琉球,流通経済大,UNIV,1995.10.27,DF
2018,3,柳雄太郎,横浜スポーツ&カルチャークラブ,明海大,UNIV,1995.09.18,MF
2018,3,進昂平,横浜スポーツ&カルチャークラブ,東京国際大,UNIV,1995.06.04,FW
2018,3,古島圭人,横浜スポーツ&カルチャークラブ,東京国際大,UNIV,1995.09.05,GK
2018,3,佐藤祐太,横浜スポーツ&カルチャークラブ,専修大,UNIV,1995.05.13,MF
2018,3,三沢直人,横浜スポーツ&カルチャークラブ,専修大,UNIV,1995.07.07,MF
2018,3,尾身俊哉,横浜スポーツ&カルチャークラブ,専修大,UNIV,1995.10.10,DF
2018,3,浅川隼人,横浜スポーツ&カルチャークラブ,桐蔭横浜大,UNIV,1995.05.10,FW
2018,3,谷口海斗,グルージャ盛岡,岐阜経済大,UNIV,1995.09.07,FW
2018,3,太田賢吾,グルージャ盛岡,大阪体育大,UNIV,1995.11.16,DF
2018,3,池田昌生,福島ユナイテッドFC,東山高,HIGH,1999.07.08,FW
2018,3,川上翔平,福島ユナイテッドFC,東京国際大,UNIV,1995.05.17,MF
2018,3,輪笠祐士,福島ユナイテッドFC,日本体育大,UNIV,1996.02.09,MF
2018,3,寺前光太,福島ユナイテッドFC,神奈川大,UNIV,1995.07.09,DF
2018,3,古川雅人,SC相模原,東京国際大,UNIV,1995.09.23,DF
2018,3,田中雄大,SC相模原,桐蔭横浜大,UNIV,1995.11.17,GK
2018,3,中島拓真,アスルクラロ沼津,東京農業大,UNIV,1995.04.03,DF
2018,3,熱川徳政,アスルクラロ沼津,駒澤大,UNIV,1995.05.31,DF
2018,3,渥美瑛亮,アスルクラロ沼津,中央大,UNIV,1995.12.01,MF
2019,1,檀崎竜孔,コンサドーレ札幌,青森山田高,HIGH,2000.05.31,MF
2019,1,中村桐耶,コンサドーレ札幌,札幌U-18,YOUTH,2000.07.23,DF
2019,1,田中渉,ベガルタ仙台,桐生第一高,HIGH,2000.09.23,MF
2019,1,照山颯人,ベガルタ仙台,成立学園高,HIGH,2000.08.28,DF
2019,1,名古新太郎,鹿島アントラーズ,順天堂大,UNIV,1996.04.17,MF
2019,1,関川郁万,鹿島アントラーズ,流通経済大柏高,HIGH,2000.09.13,DF
2019,1,佐々木翔悟,鹿島アントラーズ,鹿島ユース,YOUTH,2000.07.25,DF
2019,1,有馬幸太郎,鹿島アントラーズ,鹿島ユース,YOUTH,2000.09.03,MF
2019,1,岩武克弥,浦和レッズ,明治大,UNIV,1996.06.04,DF
2019,1,池髙暢希,浦和レッズ,浦和ユース,YOUTH,2000.04.05,MF
2019,1,石井僚,浦和レッズ,浦和ユース,YOUTH,2000.07.11,GK
2019,1,大城蛍,浦和レッズ,浦和ユース,YOUTH,2000.09.16,DF
2019,1,渡辺剛,FC東京,中央大,UNIV,1997.02.05,DF
2019,1,中村拓海,FC東京,東福岡高,HIGH,2001.03.16,DF
2019,1,宮代大聖,川崎フロンターレ,川崎FU-18,YOUTH,2000.05.26,FW
2019,1,原田虹輝,川崎フロンターレ,昌平高,HIGH,2000.08.06,MF
2019,1,椿直起,横浜F・マリノス,横浜FMユース,YOUTH,2000.06.23,MF
2019,1,山谷侑士,横浜F・マリノス,横浜FMユース,YOUTH,2000.06.11,FW
2019,1,大橋祐紀,湘南ベルマーレ,中央大,UNIV,1996.07.27,FW
2019,1,福島隼斗,湘南ベルマーレ,大津高,HIGH,2000.04.26,DF
2019,1,鈴木冬一,湘南ベルマーレ,長崎総合科学大学附属高,HIGH,2000.05.30,MF
2019,1,柴田壮介,湘南ベルマーレ,湘南U-18,YOUTH,2001.05.26,MF
2019,1,山本龍平,松本山雅FC,四日市中央工高,HIGH,2000.07.16,DF
2019,1,大野佑哉,松本山雅FC,阪南大,UNIV,1996.08.17,DF
2019,1,榎本樹,松本山雅FC,前橋育英高,HIGH,2000.06.04,FW
2019,1,西澤健太,清水エスパルス,筑波大,UNIV,1996.09.06,MF
2019,1,梅田透吾,清水エスパルス,清水ユース,YOUTH,2000.07.23,GK
2019,1,相馬勇紀,名古屋グランパス,早稲田大,UNIV,1997.02.25,MF
2019,1,渡邉柊斗,名古屋グランパス,東海学園大,UNIV,1997.01.28,MF
2019,1,榎本大輝,名古屋グランパス,東海学園大,UNIV,1996.06.21,FW
2019,1,成瀬竣平,名古屋グランパス,名古屋U18,YOUTH,2001.01.17,MF
2019,1,菅原由勢,名古屋グランパス,名古屋U18,YOUTH,2000.06.28,MF
2019,1,藤井陽也,名古屋グランパス,名古屋U18,YOUTH,2000.12.26,DF
2019,1,松岡ジョナタン,名古屋グランパス,名古屋U18,YOUTH,2000.05.27,FW
2019,1,髙尾瑠,ガンバ大阪,関西学院大,UNIV,1996.11.09,DF
2019,1,奥野耕平,ガンバ大阪,G大阪ユース,YOUTH,2000.04.03,MF
2019,1,喜田陽,セレッソ大阪,C大阪U-18,YOUTH,2000.07.04,MF
2019,1,瀬古歩夢,セレッソ大阪,C大阪U-18,YOUTH,2000.06.07,DF
2019,1,伊藤元太,ヴィッセル神戸,松山工業高,HIGH,2000.07.02,GK
2019,1,小林友希,ヴィッセル神戸,神戸U-18,YOUTH,2000.07.18,DF
2019,1,荒木隼人,サンフレッチェ広島,関西大,UNIV,1996.08.07,DF
2019,1,松本大弥,サンフレッチェ広島,広島ユース,YOUTH,2000.08.10,MF
2019,1,東俊希,サンフレッチェ広島,広島ユース,YOUTH,2000.07.28,MF
2019,1,石井快征,サガン鳥栖,鳥栖U-18,YOUTH,2000.04.02,FW
2019,1,樋口雄太,サガン鳥栖,鹿屋体育大,UNIV,1996.10.30,MF
2019,1,長谷川雄志,大分トリニータ,宮崎産業経営大,UNIV,1996.12.06,MF
2019,1,高畑奎汰,大分トリニータ,大分U-18,YOUTH,2000.09.16,MF
2019,1,小島亨介,大分トリニータ,早稲田大,UNIV,1997.01.30,GK
2019,2,坂元達裕,モンテディオ山形,東洋大,UNIV,1996.10.22,MF
2019,2,末吉塁,モンテディオ山形,大阪体育大,UNIV,1996.07.26,MF
2019,2,大友竜輔,モンテディオ山形,山形ユース,YOUTH,2000.05.24,GK
2019,2,浅野雄也,水戸ホーリーホック,大阪体育大,UNIV,1997.02.17,MF
2019,2,村田航一,水戸ホーリーホック,明治大,UNIV,1996.09.06,FW
2019,2,平塚悠知,水戸ホーリーホック,札幌大,UNIV,1996.04.13,MF
2019,2,黒﨑隼人,栃木SC,法政大,UNIV,1996.09.05,DF
2019,2,小野雅史,大宮アルディージャ,明治大,UNIV,1996.08.09,MF
2019,2,吉永昇偉,大宮アルディージャ,大宮U18,YOUTH,2000.04.18,FW
2019,2,相澤ピーターコアミ,ジェフユナイテッド千葉,日本文理高,HIGH,2001.01.20,GK
2019,2,上島拓巳,柏レイソル,中央大,UNIV,1997.02.05,DF
2019,2,杉井颯,柏レイソル,柏U-18,YOUTH,2000.05.17,DF
2019,2,山田雄士,柏レイソル,柏U-18,YOUTH,2000.05.17,MF
2019,2,安在達弥,東京ヴェルディ,中央大,UNIV,1996.05.09,DF
2019,2,森田晃樹,東京ヴェルディ,東京Vユース,YOUTH,2000.08.08,MF
2019,2,山本理仁,東京ヴェルディ,東京Vユース,YOUTH,2001.12.12,MF
2019,2,岡田優希,FC町田ゼルビア,早稲田大,UNIV,1996.05.13,FW
2019,2,橋村龍ジョセフ,FC町田ゼルビア,町田ユース,YOUTH,2000.08.23,FW
2019,2,佐野海舟,FC町田ゼルビア,米子北高,HIGH,2000.12.30,MF
2019,2,袴田裕太郎,横浜FC,明治大,UNIV,1996.06.24,DF
2019,2,大内一生,横浜FC,横浜FCユース,YOUTH,2000.09.08,GK
2019,2,安永玲央,横浜FC,横浜FCユース,YOUTH,2000.11.19,MF
2019,2,草野侑己,横浜FC,阪南大,UNIV,1996.07.21,FW
2019,2,中山克広,横浜FC,専修大,UNIV,1996.07.17,MF
2019,2,小林岩魚,ヴァンフォーレ甲府,専修大,UNIV,1996.10.17,MF
2019,2,中山陸,ヴァンフォーレ甲府,東海大相模高,HIGH,2001.01.22,MF
2019,2,宮崎純真,ヴァンフォーレ甲府,山梨学院高,HIGH,2000.04.10,FW
2019,2,藤田和輝,アルビレックス新潟,新潟U-18,YOUTH,2001.02.19,GK
2019,2,岡本將成,アルビレックス新潟,新潟U-18,YOUTH,2000.04.07,DF
2019,2,本間至恩,アルビレックス新潟,新潟U-18,YOUTH,2000.08.09,MF
2019,2,秋山裕紀,アルビレックス新潟,前橋育英高,HIGH,2000.12.09,MF
2019,2,新井直人,アルビレックス新潟,新潟経営大,UNIV,1996.10.07,DF
2019,2,村田透馬,FC岐阜,興國高,HIGH,2000.07.22,FW
2019,2,会津雄生,FC岐阜,筑波大,UNIV,1996.08.01,MF
2019,2,粟飯原尚平,FC岐阜,近畿大,UNIV,1996.05.26,FW
2019,2,柳澤亘,FC岐阜,順天堂大,UNIV,1996.06.28,DF
2019,2,長倉颯,FC岐阜,法政大,UNIV,1996.04.29,MF
2019,2,冨田康平,京都サンガF.C.,早稲田大,UNIV,1996.06.09,DF
2019,2,中野克哉,京都サンガF.C.,関西学院大,UNIV,1996.09.13,MF
2019,2,江川慶城,京都サンガF.C.,京都U-18,YOUTH,2000.04.02,DF
2019,2,上月壮一郎,京都サンガF.C.,京都U-18,YOUTH,2000.12.22,MF
2019,2,服部航平,京都サンガF.C.,京都U-18,YOUTH,2000.08.22,FW
2019,2,福岡慎平,京都サンガF.C.,京都U-18,YOUTH,2000.06.27,MF
2019,2,上夷克典,京都サンガF.C.,明治大,UNIV,1996.04.05,DF
2019,2,松木駿之介,ファジアーノ岡山,慶應義塾大,UNIV,1996.10.24,FW
2019,2,鈴木徳真,徳島ヴォルティス,筑波大,UNIV,1997.03.12,MF
2019,2,鈴木大誠,徳島ヴォルティス,筑波大,UNIV,1996.05.28,DF
2019,2,久米航太郎,徳島ヴォルティス,徳島ユース,YOUTH,2000.05.29,DF
2019,2,藤原志龍,徳島ヴォルティス,徳島ユース,YOUTH,2000.09.05,MF
2019,2,中川裕仁,愛媛FC,興國高,HIGH,2000.05.25,FW
2019,2,岩井柊弥,愛媛FC,愛媛U-18,YOUTH,2000.10.11,MF
2019,2,渡邊創太,愛媛FC,愛媛U-18,YOUTH,2000.08.25,MF
2019,2,清川流石,愛媛FC,びわこ成蹊スポーツ大,UNIV,1996.07.20,MF
2019,2,桑原海人,アビスパ福岡,福岡U-18,YOUTH,2000.10.05,DF
2019,2,北島祐二,アビスパ福岡,福岡U-18,YOUTH,2000.08.04,MF
2019,2,鹿山拓真,V・ファーレン長崎,東海学園大,UNIV,1996.05.26,DF
2019,2,江川湧清,V・ファーレン長崎,長崎U-18,YOUTH,2000.10.24,DF
2019,2,花房稔,FC琉球,国士舘大,UNIV,1996.07.30,DF
2019,2,小泉佳穂,FC琉球,青山学院大,UNIV,1996.10.05,MF
2019,2,内藤健太,FC琉球,中央大,UNIV,1996.05.15,DF
2019,2,儀保幸英,FC琉球,沖縄国際大,UNIV,1996.04.02,FW
2019,2,猪瀬康介,FC琉球,流通経済大柏高,HIGH,2000.12.25,GK
2019,2,井口綾人,FC琉球,琉球U-18,YOUTH,2001.01.21,FW
2019,2,与那城智希,FC琉球,琉球U-18,YOUTH,2001.01.25,FW
2019,2,國場虎次朗,FC琉球,琉球U-18,YOUTH,2000.09.22,FW
2019,2,大石竜平,ツエーゲン金沢,国士舘大,UNIV,1997.01.21,FW
2019,2,窪田稜,ツエーゲン金沢,成立学園高,HIGH,2001.01.05,FW
2019,2,石尾崚雅,ツエーゲン金沢,C大阪U-18,YOUTH,2000.05.18,DF
2019,2,小野原和哉,レノファ山口FC,流通経済大,UNIV,1996.04.19,DF
2019,2,起海斗,レノファ山口FC,興國高,HIGH,2000.11.14,DF
2019,2,菊池流帆,レノファ山口FC,大阪体育大,UNIV,1996.12.09,DF
2019,2,野嶽寛也,鹿児島ユナイテッドFC,鹿児島U-18,YOUTH,2000.12.03,MF
2019,3,鈴木順也,ザスパクサツ群馬,立正大,UNIV,1996.05.02,MF
2019,3,岡村大八,ザスパクサツ群馬,立正大,UNIV,1997.02.15,DF
2019,3,髙澤優也,ザスパクサツ群馬,流通経済大,UNIV,1997.02.19,FW
2019,3,飯野七聖,ザスパクサツ群馬,国士舘大,UNIV,1996.10.02,DF
2019,3,吉田舜,ザスパクサツ群馬,法政大,UNIV,1996.11.28,GK
2019,3,吉田将也,ザスパクサツ群馬,東京農業大,UNIV,1996.10.10,DF
2019,3,大谷駿斗,カターレ富山,金沢学院大,UNIV,1997.01.17,FW
2019,3,戸根一誓,カターレ富山,東海学園大,UNIV,1996.05.22,DF
2019,3,齋藤和希,カターレ富山,大阪学院大,UNIV,1996.07.26,GK
2019,3,新井博人,ギラヴァンツ北九州,明治学院大,UNIV,1996.06.22,DF
2019,3,河野貴志,ギラヴァンツ北九州,関西大,UNIV,1996.06.17,DF
2019,3,ディサロ燦シルヴァーノ,ギラヴァンツ北九州,法政大,UNIV,1996.04.02,FW
2019,3,新垣貴之,ギラヴァンツ北九州,流通経済大,UNIV,1996.08.12,MF
2019,3,田中悠也,ギラヴァンツ北九州,市立船橋高,HIGH,2000.05.10,GK
2019,3,打越大樹,ギラヴァンツ北九州,桐蔭横浜大,UNIV,1996.05.12,DF
2019,3,後藤大輝,ギラヴァンツ北九州,明治大,UNIV,1996.06.14,GK
2019,3,酒井崇一,ロアッソ熊本,東海大熊本,UNIV,1996.05.13,DF
2019,3,北村知也,ロアッソ熊本,宮崎産業経営大,UNIV,1996.09.15,FW
2019,3,中原輝,ロアッソ熊本,駒澤大,UNIV,1996.07.08,MF
2019,3,小笠原佳祐,ロアッソ熊本,筑波大,UNIV,1996.06.07,DF
2019,3,リュウヌグラハ,AC長野パルセイロ,上田千曲高,HIGH,2000.04.06,GK
2019,3,大城佑斗,AC長野パルセイロ,中京大,UNIV,1996.10.19,FW
2019,3,立川小太郎,AC長野パルセイロ,大阪体育大,UNIV,1997.01.04,GK
2019,3,渡部大樹,ブラウブリッツ秋田,大阪産業大,UNIV,1996.02.16,MF
2019,3,小池大喜,ブラウブリッツ秋田,東洋大,UNIV,1996.12.08,GK
2019,3,植村友哉,横浜スポーツ&カルチャークラブ,Y.S.C.C.ユース,YOUTH,2000.05.19,MF
2019,3,澤田健太,カマタマーレ讃岐,讃岐U-18,YOUTH,2000.07.26,MF
2019,3,中村亮,カマタマーレ讃岐,阪南大,UNIV,1996.12.31,MF
2019,3,渡辺悠雅,カマタマーレ讃岐,明治大,UNIV,1996.05.15,MF
2019,3,鈴木翔太,藤枝MYFC,東京学芸大,UNIV,1996.11.21,DF
2019,3,松村航希,藤枝MYFC,大阪教育大,UNIV,1996.05.24,DF
2019,3,原田大雅,藤枝MYFC,静岡産業大,UNIV,1996.10.18,DF
2019,3,金子優希,ヴァンラーレ八戸,仙台大,UNIV,1996.04.21,GK
2019,3,清水敦貴,グルージャ盛岡,盛岡ユース,YOUTH,2000.07.10,MF
2019,3,平川元樹,グルージャ盛岡,日本体育大,UNIV,1996.07.08,FW
2019,3,河西真,福島ユナイテッドFC,産業能率大,UNIV,1996.06.21,DF
2019,3,石渡旭,福島ユナイテッドFC,神奈川大,UNIV,1996.04.08,DF
2019,3,吉永大志,福島ユナイテッドFC,日本大,UNIV,1996.10.14,MF
2019,3,諸岡裕人,福島ユナイテッドFC,国士舘大,UNIV,1997.01.04,MF
2019,3,雪江悠人,福島ユナイテッドFC,立正大,UNIV,1996.06.09,FW
2019,3,小田島怜,SC相模原,桐蔭横浜大,UNIV,1996.06.10,DF
2019,3,三浦基瑛,SC相模原,拓殖大,UNIV,1996.05.28,GK
2019,3,上米良柊人,SC相模原,新潟医療福祉大,UNIV,1996.07.02,MF
2019,3,濱託巳,アスルクラロ沼津,新潟経営大,UNIV,1996.09.11,MF
2019,3,清水光,アスルクラロ沼津,富士大,UNIV,1996.07.19,MF
2019,3,徳永晃太郎,アスルクラロ沼津,桃山学院大,UNIV,1996.11.10,MF
2019,3,深井祐希,アスルクラロ沼津,北海道教育大学岩見沢校,UNIV,1996.09.06,DF
2019,3,長沢祐弥,アスルクラロ沼津,明治大,UNIV,1996.07.01,GK
2019,3,渡邉りょう,アスルクラロ沼津,産業能率大,UNIV,1996.10.25,FW
2019,3,佐藤尚輝,アスルクラロ沼津,産業能率大,UNIV,1996.07.12,MF
2020,1,田中駿汰,コンサドーレ札幌,大阪体育大,UNIV,1997.05.26,DF
2020,1,高嶺朋樹,コンサドーレ札幌,筑波大,UNIV,1997.12.29,MF
2020,1,金子拓郎,コンサドーレ札幌,日本大,UNIV,1997.07.30,MF
2020,1,小畑裕馬,ベガルタ仙台,仙台ユース,YOUTH,2001.11.07,GK
2020,1,山田大樹,鹿島アントラーズ,鹿島ユース,YOUTH,2002.01.08,GK
2020,1,松村優太,鹿島アントラーズ,静岡学園高,HIGH,2001.04.13,FW
2020,1,荒木遼太郎,鹿島アントラーズ,東福岡高,HIGH,2002.01.29,MF
2020,1,染野唯月,鹿島アントラーズ,尚志高,HIGH,2001.09.12,FW
2020,1,武田英寿,浦和レッズ,青森山田高,HIGH,2001.09.15,MF
2020,1,井出敬大,柏レイソル,柏U-18,YOUTH,2001.08.18,DF
2020,1,鵜木郁哉,柏レイソル,柏U-18,YOUTH,2001.07.04,FW
2020,1,細谷真大,柏レイソル,柏U-18,YOUTH,2001.09.07,FW
2020,1,松本健太,柏レイソル,東洋大,UNIV,1997.05.04,GK
2020,1,中村帆高,FC東京,明治大,UNIV,1997.08.12,DF
2020,1,バングーナガンデ佳史扶,FC東京,FC東京U-18,YOUTH,2001.09.24,DF
2020,1,木村誠二,FC東京,FC東京U-18,YOUTH,2001.08.24,DF
2020,1,安部柊斗,FC東京,明治大,UNIV,1997.12.05,MF
2020,1,紺野和也,FC東京,法政大,UNIV,1997.07.11,MF
2020,1,野澤大志ブランドン,FC東京,FC東京U-18,YOUTH,2002.12.25,GK
2020,1,宮城天,川崎フロンターレ,川崎FU-18,YOUTH,2001.06.02,FW
2020,1,イサカゼイン,川崎フロンターレ,桐蔭横浜大,UNIV,1997.05.29,MF
2020,1,旗手怜央,川崎フロンターレ,順天堂大,UNIV,1997.11.21,FW
2020,1,三笘薫,川崎フロンターレ,筑波大,UNIV,1997.05.20,MF
2020,1,神谷凱士,川崎フロンターレ,東海学園大,UNIV,1997.06.16,MF
2020,1,池田航,横浜F・マリノス,横浜FMユース,YOUTH,2001.07.04,DF
2020,1,松田詠太郎,横浜F・マリノス,横浜FMユース,YOUTH,2001.05.20,MF
2020,1,ブラウンノア賢信,横浜F・マリノス,横浜FMユース,YOUTH,2001.05.27,FW
2020,1,オビパウエルオビンナ,横浜F・マリノス,流通経済大,UNIV,1997.12.18,GK
2020,1,古宿理久,横浜FC,青森山田高,HIGH,2001.04.18,MF
2020,1,瀬古樹,横浜FC,明治大,UNIV,1997.12.22,MF
2020,1,星キョーワァン,横浜FC,駒澤大,UNIV,1997.06.25,DF
2020,1,松尾佑介,横浜FC,仙台大,UNIV,1997.07.23,MF
2020,1,畑大雅,湘南ベルマーレ,市立船橋高,HIGH,2002.01.20,DF
2020,1,舘幸希,湘南ベルマーレ,日本大,UNIV,1997.12.14,DF
2020,1,若月大和,湘南ベルマーレ,桐生第一高,HIGH,2002.01.18,FW
2020,1,ノリエガエリック,清水エスパルス,清水ユース,YOUTH,2001.10.22,MF
2020,1,栗原イブラヒムジュニア,清水エスパルス,三菱養和ユース,YOUTH,2001.08.14,FW
2020,1,鈴木唯人,清水エスパルス,市立船橋高,HIGH,2001.10.25,FW
2020,1,川本梨誉,清水エスパルス,清水ユース,YOUTH,2001.06.11,FW
2020,1,吉田晃,名古屋グランパス,九州国際大学付属高,HIGH,2001.07.09,DF
2020,1,石田凌太郎,名古屋グランパス,名古屋U18,YOUTH,2001.12.13,DF
2020,1,三井大輝,名古屋グランパス,名古屋U18,YOUTH,2001.05.27,GK
2020,1,唐山翔自,ガンバ大阪,G大阪ユース,YOUTH,2002.09.21,FW
2020,1,川﨑修平,ガンバ大阪,G大阪ユース,YOUTH,2001.04.28,FW
2020,1,塚元大,ガンバ大阪,G大阪ユース,YOUTH,2001.06.23,FW
2020,1,山本悠樹,ガンバ大阪,関西学院大,UNIV,1997.11.06,MF
2020,1,黒川圭介,ガンバ大阪,関西大,UNIV,1997.04.13,DF
2020,1,西尾隆矢,セレッソ大阪,C大阪U-18,YOUTH,2001.05.16,DF
2020,1,吉馴空矢,セレッソ大阪,C大阪U-18,YOUTH,2001.06.07,MF
2020,1,松本凪生,セレッソ大阪,C大阪U-18,YOUTH,2001.09.04,MF
2020,1,藤尾翔太,セレッソ大阪,C大阪U-18,YOUTH,2001.05.02,FW
2020,1,田平起也,セレッソ大阪,神戸弘陵学園高,HIGH,2001.05.10,DF
2020,1,西川潤,セレッソ大阪,桐光学園高,HIGH,2002.02.21,MF
2020,1,山川哲史,ヴィッセル神戸,神戸U-18,YOUTH,1997.10.01,DF
2020,1,小田裕太郎,ヴィッセル神戸,神戸U-18,YOUTH,2001.08.12,FW
2020,1,鮎川峻,サンフレッチェ広島,広島ユース,YOUTH,2001.09.15,FW
2020,1,土肥航大,サンフレッチェ広島,広島ユース,YOUTH,2001.04.13,MF
2020,1,林大地,サガン鳥栖,大阪体育大,UNIV,1997.05.23,FW
2020,1,森下龍矢,サガン鳥栖,明治大,UNIV,1997.04.11,DF
2020,1,板橋洋青,サガン鳥栖,鳥栖U-18,YOUTH,2001.08.11,GK
2020,1,大畑歩夢,サガン鳥栖,鳥栖U-18,YOUTH,2001.04.27,DF
2020,1,本田風智,サガン鳥栖,鳥栖U-18,YOUTH,2001.05.10,MF
2020,1,高橋祐翔,大分トリニータ,米子北高,HIGH,2001.09.19,DF
2020,1,羽田健人,大分トリニータ,関西大,UNIV,1997.07.07,DF
2020,2,廣岡睦樹,モンテディオ山形,JFAアカデミー福島,YOUTH,2001.08.16,MF
2020,2,高橋潤哉,モンテディオ山形,駒澤大,UNIV,1997.05.28,FW
2020,2,半田陸,モンテディオ山形,山形ユース,YOUTH,2002.01.01,DF
2020,2,小野寺健也,モンテディオ山形,明治大,UNIV,1997.11.18,DF
2020,2,平田海斗,水戸ホーリーホック,水戸ユース,YOUTH,2001.07.25,MF
2020,2,住吉ジェラニレショーン,水戸ホーリーホック,国士舘大,UNIV,1997.10.05,DF
2020,2,松崎快,水戸ホーリーホック,東洋大,UNIV,1997.11.22,MF
2020,2,明本考浩,栃木SC,国士舘大,UNIV,1998.01.31,MF
2020,2,森俊貴,栃木SC,法政大,UNIV,1997.08.29,FW
2020,2,池庭諒耶,栃木SC,青山学院大,UNIV,1997.12.17,DF
2020,2,山中惇希,ザスパクサツ群馬,浦和ユース,YOUTH,2001.05.06,MF
2020,2,川上優樹,ザスパクサツ群馬,明治大,UNIV,1997.07.18,DF
2020,2,外山佳大,ザスパクサツ群馬,立命館大,UNIV,1997.10.26,GK
2020,2,髙田颯也,大宮アルディージャ,大宮U18,YOUTH,2001.08.15,FW
2020,2,西村慧祐,大宮アルディージャ,専修大,UNIV,1998.02.19,DF
2020,2,本村武揚,ジェフユナイテッド千葉,流通経済大,UNIV,1997.06.20,DF
2020,2,見木友哉,ジェフユナイテッド千葉,関東学院大,UNIV,1998.03.28,MF
2020,2,櫻川ソロモン,ジェフユナイテッド千葉,千葉U-18,YOUTH,2001.08.04,FW
2020,2,馬場晴也,東京ヴェルディ,東京Vユース,YOUTH,2001.10.24,DF
2020,2,松橋優安,東京ヴェルディ,東京Vユース,YOUTH,2001.10.27,MF
2020,2,石浦大雅,東京ヴェルディ,東京Vユース,YOUTH,2001.11.22,MF
2020,2,藤田譲瑠チマ,東京ヴェルディ,東京Vユース,YOUTH,2002.02.16,MF
2020,2,阿野真拓,東京ヴェルディ,東京Vユース,YOUTH,2003.08.30,MF
2020,2,山下諒也,東京ヴェルディ,日本体育大,UNIV,1997.10.19,FW
2020,2,晴山岬,FC町田ゼルビア,帝京長岡高,HIGH,2001.06.30,FW
2020,2,中塩大貴,ヴァンフォーレ甲府,立正大,UNIV,1997.06.08,DF
2020,2,中村亮太朗,ヴァンフォーレ甲府,中央大,UNIV,1997.09.27,MF
2020,2,山田真夏斗,松本山雅FC,立正大淞南高,HIGH,2001.05.31,MF
2020,2,村越凱光,松本山雅FC,飯塚高,HIGH,2001.10.07,MF
2020,2,三ッ田啓希,松本山雅FC,中央大,UNIV,1997.12.22,DF
2020,2,阿部航斗,アルビレックス新潟,筑波大,UNIV,1997.08.01,GK
2020,2,矢村健,アルビレックス新潟,新潟医療福祉大,UNIV,1997.06.09,FW
2020,2,三木直土,ジュビロ磐田,磐田U-18,YOUTH,2001.05.08,FW
2020,2,清田奈央弥,ジュビロ磐田,磐田U-18,YOUTH,2001.08.25,MF
2020,2,吉長真優,ジュビロ磐田,成立学園高,HIGH,2002.03.20,FW
2020,2,川崎颯太,京都サンガF.C.,京都U-18,YOUTH,2001.07.30,MF
2020,2,山田楓喜,京都サンガF.C.,京都U-18,YOUTH,2001.07.10,MF
2020,2,谷内田哲平,京都サンガF.C.,帝京長岡高,HIGH,2001.11.01,MF
2020,2,山田恭也,ファジアーノ岡山,岡山U-18,YOUTH,2001.07.29,MF
2020,2,野口竜彦,ファジアーノ岡山,中央大,UNIV,1997.11.20,FW
2020,2,吹ヶ徳喜,徳島ヴォルティス,阪南大,UNIV,1997.07.22,DF
2020,2,森田凜,徳島ヴォルティス,徳島ユース,YOUTH,2002.02.14,MF
2020,2,奥田雄大,徳島ヴォルティス,鹿屋体育大,UNIV,1997.05.01,DF
2020,2,安部崇士,徳島ヴォルティス,中央大,UNIV,1997.07.15,DF
2020,2,武田太一,徳島ヴォルティス,早稲田大,UNIV,1997.04.22,FW
2020,2,加藤大智,愛媛FC,明治大,UNIV,1997.04.14,GK
2020,2,三原秀真,愛媛FC,愛媛U-18,YOUTH,2001.07.16,DF
2020,2,忽那喬司,愛媛FC,びわこ成蹊スポーツ大,UNIV,1997.08.20,MF
2020,2,吉田晴稀,愛媛FC,帝京長岡高,HIGH,2001.04.20,DF
2020,2,東家聡樹,アビスパ福岡,中京大,UNIV,1997.04.20,MF
2020,2,永野雄大,ギラヴァンツ北九州,阪南大,UNIV,1998.01.22,MF
2020,2,佐藤喜生,ギラヴァンツ北九州,桐蔭横浜大,UNIV,1997.11.06,DF
2020,2,佐藤亮,ギラヴァンツ北九州,明治大,UNIV,1997.11.24,FW
2020,2,氣田亮真,V・ファーレン長崎,専修大,UNIV,1997.08.12,MF
2020,2,毎熊晟矢,V・ファーレン長崎,桃山学院大,UNIV,1997.10.16,FW
2020,2,植中朝日,V・ファーレン長崎,JFAアカデミー福島,YOUTH,2001.11.01,FW
2020,2,加藤聖,V・ファーレン長崎,JFAアカデミー福島,YOUTH,2001.09.16,DF
2020,2,知念哲矢,FC琉球,近畿大,UNIV,1997.11.08,DF
2020,2,人見拓哉,FC琉球,立正大,UNIV,1997.12.18,FW
2020,2,池田廉,FC琉球,拓殖大,UNIV,1997.11.10,MF
2020,2,加藤陸次樹,ツエーゲン金沢,中央大,UNIV,1997.08.06,FW
2020,2,西田恵,ツエーゲン金沢,大阪体育大,UNIV,1998.01.10,MF
2020,2,本塚聖也,ツエーゲン金沢,金沢星稜大,UNIV,1997.05.20,MF
2020,2,上田樹,ツエーゲン金沢,金沢U-18,YOUTH,2001.06.28,GK
2020,2,高安孝幸,ツエーゲン金沢,興國高,HIGH,2001.09.25,DF
2020,2,田路耀介,ツエーゲン金沢,興國高,HIGH,2001.04.08,MF
2020,2,浮田健誠,レノファ山口FC,順天堂大,UNIV,1997.06.12,FW
2020,2,国本玲央,レノファ山口FC,暁星国際高,HIGH,2001.09.01,DF
2020,2,伊東稜晟,レノファ山口FC,山口U-18,YOUTH,2001.04.26,DF
2020,2,眞鍋旭輝,レノファ山口FC,桐蔭横浜大,UNIV,1997.10.17,DF
2020,3,松澤彰,カターレ富山,法政大,UNIV,1997.09.18,FW
2020,3,末木裕也,カターレ富山,法政大,UNIV,1997.05.16,MF
2020,3,大西遼太郎,FC岐阜,法政大,UNIV,1997.11.24,MF
2020,3,新井泰貴,ガイナーレ鳥取,産業能率大,UNIV,1997.06.19,MF
2020,3,田口裕也,ガイナーレ鳥取,四日市中央工高,HIGH,2001.04.08,FW
2020,3,坂本敬,ガイナーレ鳥取,鳥取U-18,YOUTH,2001.07.05,DF
2020,3,糸原紘史郎,ガイナーレ鳥取,びわこ成蹊スポーツ大,UNIV,1998.02.25,GK
2020,3,安藤一哉,ガイナーレ鳥取,東京農業大,UNIV,1997.07.15,DF
2020,3,大久保優,ガイナーレ鳥取,関西大,UNIV,1997.05.17,FW
2020,3,河原創,ロアッソ熊本,福岡大,UNIV,1998.03.13,MF
2020,3,菅田真啓,ロアッソ熊本,福岡大,UNIV,1997.06.28,DF
2020,3,竹本雄飛,ロアッソ熊本,立命館大,UNIV,1997.08.19,MF
2020,3,小島圭巽,ロアッソ熊本,熊本ユース,YOUTH,2001.06.21,FW
2020,3,田尻康晴,ロアッソ熊本,熊本ユース,YOUTH,2001.06.27,MF
2020,3,樋口叶,ロアッソ熊本,熊本ユース,YOUTH,2001.04.23,MF
2020,3,髙橋利樹,ロアッソ熊本,国士舘大,UNIV,1998.01.20,FW
2020,3,喜岡佳太,AC長野パルセイロ,新潟医療福祉大,UNIV,1997.10.05,DF
2020,3,坪川潤之,AC長野パルセイロ,東洋大,UNIV,1997.05.15,MF
2020,3,牧野寛太,AC長野パルセイロ,関西大,UNIV,1997.06.02,MF
2020,3,藤森亮志,AC長野パルセイロ,立正大,UNIV,1997.04.11,MF
2020,3,吉田伊吹,AC長野パルセイロ,産業能率大,UNIV,1997.11.01,FW
2020,3,大桃海斗,AC長野パルセイロ,早稲田大,UNIV,1997.10.28,DF
2020,3,小西陽向,AC長野パルセイロ,長野U-18,YOUTH,2001.12.21,FW
2020,3,下澤悠太,ブラウブリッツ秋田,法政大,UNIV,1997.09.04,MF
2020,3,井上直輝,ブラウブリッツ秋田,びわこ成蹊スポーツ大,UNIV,1997.08.05,FW
2020,3,饗庭瑞生,ブラウブリッツ秋田,福岡大,UNIV,1997.05.03,DF
2020,3,船橋勇真,横浜スポーツ&カルチャークラブ,江戸川大,UNIV,1997.11.13,DF
2020,3,オニエオゴチュクウ,横浜スポーツ&カルチャークラブ,高知中央高,HIGH,2002.03.13,FW
2020,3,ピーダーセン世穏,横浜スポーツ&カルチャークラブ,慶應義塾大,UNIV,1997.12.12,FW
2020,3,薩川淳貴,カマタマーレ讃岐,関東学院大,UNIV,1997.08.12,FW
2020,3,川﨑一輝,カマタマーレ讃岐,大阪経済大,UNIV,1997.11.08,FW
2020,3,栗田マークアジェイ,カマタマーレ讃岐,静岡産業大,UNIV,1997.03.07,FW
2020,3,岩本和希,カマタマーレ讃岐,関西学院大,UNIV,1997.04.07,MF
2020,3,下川太陽,カマタマーレ讃岐,C大阪U-18,YOUTH,2002.03.07,MF
2020,3,小松拓幹,カマタマーレ讃岐,立命館大,UNIV,1997.04.09,DF
2020,3,松本直也,カマタマーレ讃岐,東海学園大,UNIV,1997.09.30,MF
2020,3,神谷椋士,カマタマーレ讃岐,東海学園大,UNIV,1997.06.16,FW
2020,3,長谷川隼,カマタマーレ讃岐,阪南大,UNIV,1997.09.14,DF
2020,3,横山暁之,藤枝MYFC,北陸大,UNIV,1997.03.26,MF
2020,3,稲積大介,藤枝MYFC,日本体育大,UNIV,1997.05.08,DF
2020,3,河上将平,藤枝MYFC,専修大,UNIV,1997.10.26,MF
2020,3,李到炯,FC今治,東海大学付属福岡高,HIGH,2001.10.15,GK
2020,3,近藤高虎,FC今治,流通経済大,UNIV,1997.09.28,DF
2020,3,石ヶ森荘真,ヴァンラーレ八戸,八戸U-18,YOUTH,2001.07.01,MF
2020,3,丸岡悟,ヴァンラーレ八戸,近畿大,UNIV,1997.12.06,MF
2020,3,色摩雄貴,いわてグルージャ盛岡,東京学芸大,UNIV,1997.10.01,FW
2020,3,原山海里,いわてグルージャ盛岡,東京学芸大,UNIV,1997.11.01,MF
2020,3,青山景昌,福島ユナイテッドFC,びわこ成蹊スポーツ大,UNIV,1996.10.14,FW
2020,3,前田椋介,福島ユナイテッドFC,宮崎産業経営大,UNIV,1998.03.02,MF
2020,3,鎌田大夢,福島ユナイテッドFC,昌平高,HIGH,2001.06.23,MF
2020,3,橋本陸,福島ユナイテッドFC,法政大,UNIV,1998.02.11,DF
2020,3,吉田朋恭,福島ユナイテッドFC,産業能率大,UNIV,1997.09.24,DF
2020,3,賀澤陽友,福島ユナイテッドFC,市立船橋高,HIGH,2001.04.18,FW
2020,3,鹿沼直生,SC相模原,専修大,UNIV,1997.12.07,MF
2020,3,上野賢人,SC相模原,東京国際大,UNIV,1997.04.03,MF
2020,3,中村龍雅,SC相模原,相模原U-18,YOUTH,2001.07.24,MF
2020,3,白井達也,SC相模原,神奈川大,UNIV,1997.04.25,DF
2020,3,中村健人,鹿児島ユナイテッドFC,明治大,UNIV,1997.09.01,MF
2020,3,神野亮太,鹿児島ユナイテッドFC,鹿児島U-18,YOUTH,2001.09.25,MF
2020,3,鈴木厚太,アスルクラロ沼津,専修大,UNIV,1997.05.02,FW
2020,3,井上航希,アスルクラロ沼津,京都U-18,YOUTH,2001.06.20,DF
2020,3,大迫暁,アスルクラロ沼津,日本体育大,UNIV,1997.11.26,DF
2020,3,今村優介,アスルクラロ沼津,関東学院大,UNIV,1997.12.27,FW
2020,3,森夢真,アスルクラロ沼津,四日市中央工高,HIGH,2001.07.02,MF
2021,1,中島大嘉,コンサドーレ札幌,国見高,HIGH,2002.06.08,FW
2021,1,中野小次郎,コンサドーレ札幌,法政大,UNIV,1999.03.05,GK
2021,1,小柏剛,コンサドーレ札幌,明治大,UNIV,1998.07.09,FW
2021,1,アピアタウィア久,ベガルタ仙台,流通経済大,UNIV,1998.10.18,DF
2021,1,真瀬拓海,ベガルタ仙台,阪南大,UNIV,1998.05.03,DF
2021,1,加藤千尋,ベガルタ仙台,流通経済大,UNIV,1998.12.12,MF
2021,1,井岡海都,ベガルタ仙台,仙台大,UNIV,1998.04.27,GK
2021,1,舩橋佑,鹿島アントラーズ,鹿島ユース,YOUTH,2002.07.12,MF
2021,1,小川優介,鹿島アントラーズ,昌平高,HIGH,2002.04.14,MF
2021,1,須藤直輝,鹿島アントラーズ,昌平高,HIGH,2002.10.01,MF
2021,1,常本佳吾,鹿島アントラーズ,明治大,UNIV,1998.10.21,DF
2021,1,早川友基,鹿島アントラーズ,明治大,UNIV,1999.03.03,GK
2021,1,林尚輝,鹿島アントラーズ,大阪体育大,UNIV,1998.06.09,MF
2021,1,福島竜弥,浦和レッズ,浦和ユース,YOUTH,2002.06.08,DF
2021,1,藤原優大,浦和レッズ,青森山田高,HIGH,2002.06.29,DF
2021,1,大久保智明,浦和レッズ,中央大,UNIV,1998.07.23,MF
2021,1,伊藤敦樹,浦和レッズ,流通経済大,UNIV,1998.08.11,MF
2021,1,大森理生,FC東京,FC東京U-18,YOUTH,2002.07.21,DF
2021,1,蓮川壮大,FC東京,明治大,UNIV,1998.06.27,DF
2021,1,田邉秀斗,川崎フロンターレ,静岡学園高,HIGH,2002.05.05,DF
2021,1,橘田健人,川崎フロンターレ,桐蔭横浜大,UNIV,1998.05.29,MF
2021,1,植田啓太,横浜F・マリノス,横浜FMユース,YOUTH,2002.09.03,MF
2021,1,寺門陸,横浜F・マリノス,横浜FMユース,YOUTH,2002.11.23,GK
2021,1,樺山諒乃介,横浜F・マリノス,興國高,HIGH,2002.09.17,FW
2021,1,平井駿助,横浜F・マリノス,興國高,HIGH,2002.09.07,DF
2021,1,田川知樹,横浜F・マリノス,興國高,HIGH,2002.09.18,GK
2021,1,南拓都,横浜F・マリノス,興國高,HIGH,2002.05.09,MF
2021,1,ンダウターラ,横浜F・マリノス,新潟医療福祉大,UNIV,1999.02.23,FW
2021,1,高木友也,横浜FC,法政大,UNIV,1998.05.23,DF
2021,1,田中聡,湘南ベルマーレ,湘南U-18,YOUTH,2002.08.13,MF
2021,1,平岡大陽,湘南ベルマーレ,履正社高,HIGH,2002.09.14,MF
2021,1,平松昇,湘南ベルマーレ,立正大,UNIV,1998.11.26,MF
2021,1,成岡輝瑠,清水エスパルス,清水ユース,YOUTH,2002.07.28,MF
2021,1,児玉駿斗,名古屋グランパス,東海学園大,UNIV,1998.12.03,MF
2021,1,東ジョン,名古屋グランパス,名古屋U18,YOUTH,2002.05.02,GK
2021,1,佐藤瑶大,ガンバ大阪,明治大,UNIV,1998.09.10,DF
2021,1,櫻井辰徳,ヴィッセル神戸,前橋育英高,HIGH,2002.07.26,MF
2021,1,藤井智也,サンフレッチェ広島,立命館大,UNIV,1998.12.04,MF
2021,1,西野太陽,徳島ヴォルティス,京都橘高,HIGH,2002.08.10,FW
2021,1,後東尚輝,徳島ヴォルティス,徳島ユース,YOUTH,2002.04.26,GK
2021,1,大森博,徳島ヴォルティス,修徳高,HIGH,2002.09.10,MF
2021,1,鈴木輪太朗イブラヒーム,徳島ヴォルティス,日大藤沢高,HIGH,2003.01.31,FW
2021,1,森山公弥,アビスパ福岡,福岡U-18,YOUTH,2002.04.04,DF
2021,1,兒玉澪王斗,サガン鳥栖,鳥栖U-18,YOUTH,2002.04.24,FW
2021,1,相良竜之介,サガン鳥栖,鳥栖U-18,YOUTH,2002.08.17,MF
2021,1,松本大輔,サガン鳥栖,中央大,UNIV,1998.09.10,DF
2021,1,今掛航貴,サガン鳥栖,中央大,UNIV,1999.02.17,DF
2021,1,弓場将輝,大分トリニータ,大分U-18,YOUTH,2002.05.13,MF
2021,1,井上健太,大分トリニータ,福岡大,UNIV,1998.07.23,MF
2021,1,藤本一輝,大分トリニータ,鹿屋体育大,UNIV,1998.07.29,FW
2021,1,西川幸之介,大分トリニータ,藤枝東高,HIGH,2002.09.11,GK
2021,2,阿部要門,モンテディオ山形,尚志高,HIGH,2002.04.03,FW
2021,2,松本幹太,モンテディオ山形,桐蔭横浜大,UNIV,1998.07.16,FW
2021,2,田辺陽太,水戸ホーリーホック,水戸ユース,YOUTH,2002.05.15,DF
2021,2,三國スティビアエブス,水戸ホーリーホック,順天堂大,UNIV,1998.05.31,DF
2021,2,山田奈央,水戸ホーリーホック,浦和ユース,YOUTH,2002.11.18,DF
2021,2,大崎航詩,水戸ホーリーホック,大阪体育大,UNIV,1998.06.30,MF
2021,2,柳町魁耀,水戸ホーリーホック,鹿島ユース,YOUTH,2002.05.07,MF
2021,2,小堀空,栃木SC,栃木ユース,YOUTH,2002.12.17,FW
2021,2,松岡瑠夢,栃木SC,慶應義塾大,UNIV,1998.07.22,FW
2021,2,面矢行斗,栃木SC,東海大,UNIV,1998.08.29,DF
2021,2,中田湧大,ザスパクサツ群馬,香里ヌヴェール学院高,HIGH,2003.01.21,MF
2021,2,高橋勇利也,ザスパクサツ群馬,神奈川大,UNIV,1999.03.24,MF
2021,2,山田晃士,ザスパクサツ群馬,早稲田大,UNIV,1998.12.31,GK
2021,2,阿部隼人,ザスパクサツ群馬,早稲田大,UNIV,1998.06.27,MF
2021,2,一木立一,ザスパクサツ群馬,東京学芸大,UNIV,1998.11.24,FW
2021,2,城和隼颯,ザスパクサツ群馬,法政大,UNIV,1998.08.25,DF
2021,2,奥村晃司,ザスパクサツ群馬,拓殖大,UNIV,1998.07.29,MF
2021,2,大澤朋也,大宮アルディージャ,大宮U18,YOUTH,2002.09.06,FW
2021,2,柴山昌也,大宮アルディージャ,大宮U18,YOUTH,2002.07.02,MF
2021,2,松原颯汰,ジェフユナイテッド千葉,流通経済大柏高,HIGH,2002.09.30,GK
2021,2,ブワニカ啓太,ジェフユナイテッド千葉,修徳高,HIGH,2002.12.16,FW
2021,2,佐古真礼,東京ヴェルディ,東京Vユース,YOUTH,2002.12.02,DF
2021,2,深澤大輝,東京ヴェルディ,中央大,UNIV,1998.08.21,DF
2021,2,佐藤凌我,東京ヴェルディ,明治大,UNIV,1999.02.20,FW
2021,2,持井響太,東京ヴェルディ,明治大,UNIV,1999.01.20,MF
2021,2,佐藤久弥,東京ヴェルディ,順天堂大,UNIV,1998.04.04,GK
2021,2,奈良坂巧,FC町田ゼルビア,桐光学園高,HIGH,2002.07.06,DF
2021,2,青木義孝,FC町田ゼルビア,拓殖大,UNIV,1998.09.02,DF
2021,2,長谷川元希,ヴァンフォーレ甲府,法政大,UNIV,1998.12.10,MF
2021,2,関口正大,ヴァンフォーレ甲府,法政大,UNIV,1998.04.21,MF
2021,2,須貝英大,ヴァンフォーレ甲府,明治大,UNIV,1998.10.27,DF
2021,2,野澤陸,ヴァンフォーレ甲府,産業能率大,UNIV,1998.12.07,DF
2021,2,鳥海芳樹,ヴァンフォーレ甲府,桐蔭横浜大,UNIV,1998.08.01,MF
2021,2,宮部大己,松本山雅FC,法政大,UNIV,1998.10.16,DF
2021,2,神田渉馬,松本山雅FC,松本U-18,YOUTH,2002.07.09,GK
2021,2,稲福卓,松本山雅FC,松本U-18,YOUTH,2002.05.02,MF
2021,2,野々村鷹人,松本山雅FC,流通経済大,UNIV,1998.05.13,DF
2021,2,横山歩夢,松本山雅FC,東海大高輪台高,HIGH,2003.03.04,FW
2021,2,小見洋太,アルビレックス新潟,昌平高,HIGH,2002.08.11,FW
2021,2,三戸舜介,アルビレックス新潟,JFAアカデミー福島,YOUTH,2002.09.28,MF
2021,2,遠藤凌,アルビレックス新潟,桐蔭横浜大,UNIV,1998.07.06,DF
2021,2,森岡陸,ジュビロ磐田,法政大,UNIV,1998.11.20,DF
2021,2,長井一真,京都サンガF.C.,関西大,UNIV,1998.11.02,DF
2021,2,中野桂太,京都サンガF.C.,京都U-18,YOUTH,2002.08.27,MF
2021,2,木村太哉,ファジアーノ岡山,甲南大,UNIV,1998.07.08,FW
2021,2,疋田優人,ファジアーノ岡山,大阪体育大,UNIV,1998.04.07,MF
2021,2,前田紘基,ギラヴァンツ北九州,東海学園大,UNIV,1998.08.25,DF
2021,2,狩土名禅,ギラヴァンツ北九州,明治大,UNIV,1998.05.12,FW
2021,2,平山駿,ギラヴァンツ北九州,法政大,UNIV,1998.10.06,FW
2021,2,五月田星矢,V・ファーレン長崎,長崎U-18,YOUTH,2002.04.18,MF
2021,2,鍬先祐弥,V・ファーレン長崎,早稲田大,UNIV,1998.05.15,MF
2021,2,上原牧人,FC琉球,城西国際大,UNIV,1998.11.20,DF
2021,2,澤田将,FC琉球,CEサバデル,OTHER,2003.04.12,MF
2021,2,山下令雄,FC琉球,近畿大,UNIV,1998.05.19,DF
2021,2,村瀬悠介,FC琉球,大阪教育大,UNIV,1998.04.09,DF
2021,2,半田航也,ブラウブリッツ秋田,札幌大,UNIV,1998.09.27,FW
2021,2,安田祐生,ブラウブリッツ秋田,東京学芸大,UNIV,1998.06.05,GK
2021,2,稲葉楽,ツエーゲン金沢,藤枝東高,HIGH,2002.04.27,DF
2021,2,杉浦力斗,ツエーゲン金沢,興國高,HIGH,2002.10.22,FW
2021,2,力安祥伍,ツエーゲン金沢,明治大,UNIV,1998.08.22,MF
2021,2,片倉誠也,ツエーゲン金沢,城西大,UNIV,1998.12.05,DF
2021,2,梅木翼,レノファ山口FC,福岡大,UNIV,1998.11.24,FW
2021,2,神垣陸,レノファ山口FC,桐蔭横浜大,UNIV,1998.07.14,MF
2021,2,新保海鈴,レノファ山口FC,C大阪U-18,YOUTH,2002.08.16,FW
2021,2,高橋秀典,レノファ山口FC,大阪体育大,UNIV,1998.07.18,DF
2021,3,松岡大智,カターレ富山,国士舘大,UNIV,1999.01.23,FW
2021,3,生地慶充,FC岐阜,筑波大,UNIV,1998.04.02,MF
2021,3,小山新,FC岐阜,関西大,UNIV,1998.06.14,DF
2021,3,本石捺,FC岐阜,阪南大,UNIV,1999.02.03,DF
2021,3,松本歩夢,FC岐阜,関西大,UNIV,1998.04.28,MF
2021,3,小山珠里,ガイナーレ鳥取,東京農業大,UNIV,1999.01.24,DF
2021,3,石田侑資,ガイナーレ鳥取,市立船橋高,HIGH,2002.11.11,DF
2021,3,岩下航,ロアッソ熊本,桐蔭横浜大,UNIV,1999.04.01,DF
2021,3,東出壮太,ロアッソ熊本,北陸大,UNIV,1998.08.24,MF
2021,3,杉山直宏,ロアッソ熊本,順天堂大,UNIV,1998.09.07,MF
2021,3,東野広太郎,ロアッソ熊本,立命館大,UNIV,1998.06.10,DF
2021,3,田代琉我,ロアッソ熊本,国士舘大,UNIV,1998.08.27,GK
2021,3,坂本亘基,ロアッソ熊本,明治大,UNIV,1999.01.19,MF
2021,3,レオナルドケンタホサカカルロス,ロアッソ熊本,秀岳館高,HIGH,2002.04.02,DF
2021,3,ターレス,ロアッソ熊本,秀岳館高,HIGH,2001.06.29,MF
2021,3,宮原愛輝,ロアッソ熊本,大津高,HIGH,2002.04.10,FW
2021,3,住永翔,AC長野パルセイロ,明治大,UNIV,1998.10.06,MF
2021,3,髙窪健人,AC長野パルセイロ,中央大,UNIV,1998.07.17,FW
2021,3,ンドカチャールス,横浜スポーツ&カルチャークラブ,城西大,UNIV,1998.08.08,FW
2021,3,武下智哉,カマタマーレ讃岐,讃岐U-18,YOUTH,2002.05.07,DF
2021,3,名良橋拓真,藤枝MYFC,阪南大,UNIV,1997.05.19,GK
2021,3,高瀬太聖,FC今治,今治東中等教育学校,HIGH,2003.02.08,FW
2021,3,松井治輝,FC今治,神戸弘陵学園高,HIGH,2002.04.12,MF
2021,3,安藤智哉,FC今治,愛知学院大,UNIV,1999.01.10,DF
2021,3,相田勇樹,ヴァンラーレ八戸,札幌大,UNIV,1998.08.03,MF
2021,3,丹羽一陽,ヴァンラーレ八戸,新潟経営大,UNIV,1998.06.25,MF
2021,3,佐々木快,ヴァンラーレ八戸,新潟医療福祉大,UNIV,1998.10.20,FW
2021,3,高島康四郎,ヴァンラーレ八戸,専修大,UNIV,1998.08.20,GK
2021,3,小林大智,ヴァンラーレ八戸,桃山学院大,UNIV,1999.01.07,DF
2021,3,板倉洸,ヴァンラーレ八戸,東洋大,UNIV,1998.04.06,DF
2021,3,坪井一真,ヴァンラーレ八戸,近畿大,UNIV,1998.12.09,MF
2021,3,タビナスポール,いわてグルージャ盛岡,青森山田高,HIGH,2002.07.05,DF
2021,3,山川廉,いわてグルージャ盛岡,大阪教育大,UNIV,1998.07.07,FW
2021,3,松山健太,いわてグルージャ盛岡,桃山学院大,UNIV,1998.11.17,GK
2021,3,加々美登生,いわてグルージャ盛岡,桐蔭横浜大,UNIV,1999.02.15,MF
2021,3,増田隼司,いわてグルージャ盛岡,近畿大,UNIV,1998.08.13,MF
2021,3,オタボー,いわてグルージャ盛岡,高知中央高,HIGH,2002.05.13,MF
2021,3,柴圭汰,福島ユナイテッドFC,昌平高,HIGH,2002.09.12,MF
2021,3,堤聖司,福島ユナイテッドFC,大分高,HIGH,2002.08.04,FW
2021,3,延祐太,福島ユナイテッドFC,立命館大,UNIV,1998.06.04,FW
2021,3,田中康介,福島ユナイテッドFC,立命館大,UNIV,1999.02.01,MF
2021,3,堂鼻起暉,福島ユナイテッドFC,びわこ成蹊スポーツ大,UNIV,1998.12.05,MF
2021,3,上畑佑平士,福島ユナイテッドFC,産業能率大,UNIV,1998.07.25,MF
2021,3,長野星輝,福島ユナイテッドFC,東福岡高,HIGH,2002.05.22,FW
2021,3,濱口功聖,鹿児島ユナイテッドFC,鹿屋体育大,UNIV,1998.04.11,DF
2021,3,山本駿亮,鹿児島ユナイテッドFC,徳山大,UNIV,1999.03.24,FW
2021,3,木出雄斗,鹿児島ユナイテッドFC,大阪体育大,UNIV,1999.02.13,DF
2021,3,石津快,鹿児島ユナイテッドFC,鹿島ユース,YOUTH,2002.05.13,MF
2021,3,川前陽斗,アスルクラロ沼津,飯塚高,HIGH,2002.04.14,DF
2021,3,伊藤龍生,アスルクラロ沼津,鹿屋体育大,UNIV,1998.08.20,FW
2021,3,北龍磨,アスルクラロ沼津,関東学院大,UNIV,1998.04.16,MF
2021,3,杉本大雅,アスルクラロ沼津,沼津U18,YOUTH,2003.01.02,FW
2021,3,篠崎輝和,アスルクラロ沼津,産業能率大,UNIV,1998.05.13,DF
2021,3,西川駿一郎,アスルクラロ沼津,京都産業大,UNIV,1998.08.15,GK
2021,3,鬼島和希,アスルクラロ沼津,順天堂大,UNIV,1998.08.29,MF
2017,1,久保建英,FC東京,FC東京U-23,OTHER,2001.06.04,MF
2018,1,松田天馬,湘南ベルマーレ,鹿屋体育大,UNIV,1995.06.11,MF
2019,1,上田綺世,鹿島アントラーズ,法政大,UNIV,1998.08.28,FW
