year,league_id,player_name,team_name,prev_team_name,birth,position
2015,1,茂木 駿佑,ベガルタ仙台,仙台ユース,1996.10.02,MF
2015,1,西村 拓真,ベガルタ仙台,富山第一高,1996.10.22,FW
2015,1,摂津 颯登,モンテディオ山形,山形ユース,1996.10.05,GK
2015,1,高木 利弥,モンテディオ山形,神奈川大,1992.11.25,DF
2015,1,大橋 尚志,鹿島アントラーズ,鹿島ユース,1996.12.01,MF
2015,1,鈴木 優磨,鹿島アントラーズ,鹿島ユース,1996.04.26,FW
2015,1,久保田 和音,鹿島アントラーズ,大阪桐蔭高,1997.01.01,MF
2015,1,斎藤 翔太,浦和レッズ,浦和ユース,1996.12.07,MF
2015,1,茂木 力也,浦和レッズ,浦和ユース,1996.09.27,DF
2015,1,中山 雄太,柏レイソル,柏U-18,1997.02.16,DF
2015,1,大島 康樹,柏レイソル,柏U-18,1996.05.30,FW
2015,1,三浦 龍輝,柏レイソル,明治大,1992.05.17,GK
2015,1,佐々木 渉,ＦＣ東京,FC東京U-18,1996.07.28,MF
2015,1,小川 諒也,ＦＣ東京,流通経済大学付属柏高,1996.11.24,DF
2015,1,三好 康児,川崎フロンターレ,川崎ＦU-18,1997.03.26,MF
2015,1,板倉 滉,川崎フロンターレ,川崎ＦU-18,1997.01.27,MF
2015,1,車屋 紳太郎,川崎フロンターレ,筑波大,1992.04.05,MF
2015,1,仲川 輝人,横浜Ｆ・マリノス,専修大,1992.07.27,FW
2015,1,田口 潤人,横浜Ｆ・マリノス,横浜FMユース,1996.09.28,GK
2015,1,中島 賢星,横浜Ｆ・マリノス,東福岡高,1996.09.23,FW
2015,1,広瀬 健太,湘南ベルマーレ,日本体育大,1992.06.26,DF
2015,1,岡﨑 亮平,湘南ベルマーレ,中央大,1992.04.25,DF
2015,1,熊谷 駿,ヴァンフォーレ甲府,仙台育英高,1996.08.07,DF
2015,1,伊東 純也,ヴァンフォーレ甲府,神奈川大,1993.03.09,FW
2015,1,柴田 隆太朗,松本山雅ＦＣ,拓殖大,1992.11.25,FW
2015,1,谷奥 健四郎,松本山雅ＦＣ,順天堂大,1992.05.28,DF
2015,1,平松 宗,アルビレックス新潟,国士舘大,1992.11.20,FW
2015,1,松原 后,清水エスパルス,浜松開誠館高,1996.08.30,DF
2015,1,北川 航也,清水エスパルス,清水ユース,1996.07.26,FW
2015,1,水谷 拓磨,清水エスパルス,清水ユース,1996.04.24,DF
2015,1,宮本 航汰,清水エスパルス,清水ユース,1996.06.19,MF
2015,1,大武 峻,名古屋グランパス,福岡大,1992.11.24,DF
2015,1,林 瑞輝,ガンバ大阪,Ｇ大阪ユース,1996.09.04,GK
2015,1,嫁阪 翔太,ガンバ大阪,Ｇ大阪ユース,1996.10.19,MF
2015,1,妹尾 直哉,ガンバ大阪,Ｇ大阪ユース,1996.08.15,MF
2015,1,平尾 壮,ガンバ大阪,Ｇ大阪ユース,1996.07.01,FW
2015,1,増山 朝陽,ヴィッセル神戸,東福岡高,1997.01.29,MF
2015,1,山口 真司,ヴィッセル神戸,神戸U-18,1996.04.26,DF
2015,1,松澤 香輝,ヴィッセル神戸,早稲田大,1992.04.03,GK
2015,1,川崎 裕大,サンフレッチェ広島,流通経済大,1992.08.20,DF
2015,1,山﨑 凌吾,サガン鳥栖,福岡大,1992.09.20,FW
2015,1,福田 晃斗,サガン鳥栖,鹿屋体育大,1992.05.01,MF
2015,1,笹原 脩平,サガン鳥栖,秀岳館高,1996.11.22,DF
2015,1,鎌田 大地,サガン鳥栖,東山高,1996.08.05,MF
2015,2,進藤 亮佑,コンサドーレ札幌,札幌U-18,1996.06.07,DF
2015,2,今瀬 淳也,水戸ホーリーホック,国士舘大,1993.01.03,DF
2015,2,角口 大征,水戸ホーリーホック,関東一高,1996.07.15,FW
2015,2,麦倉 捺木,水戸ホーリーホック,柏U-18,1996.05.22,DF
2015,2,吉満 大介,栃木ＳＣ,鹿屋体育大,1993.02.21,GK
2015,2,大岩 亮太,ザスパクサツ群馬,秀岳館高,1996.08.05,FW
2015,2,小牟田 洋佑,ザスパクサツ群馬,駒澤大,1992.07.18,FW
2015,2,川岸 祐輔,ザスパクサツ群馬,駒澤大,1992.05.26,FW
2015,2,江坂 任,ザスパクサツ群馬,流通経済大,1992.05.31,MF
2015,2,髙山 和真,大宮アルディージャ,大宮ユース,1996.07.14,DF
2015,2,小島 幹敏,大宮アルディージャ,大宮ユース,1996.09.17,MF
2015,2,浦田 樹,ジェフユナイテッド千葉,千葉U-18,1997.01.29,DF
2015,2,仲村 京雅,ジェフユナイテッド千葉,千葉U-18,1996.04.25,MF
2015,2,北爪 健吾,ジェフユナイテッド千葉,専修大,1992.04.30,DF
2015,2,河津 良一,ジェフユナイテッド千葉,専修大,1992.05.22,DF
2015,2,伊藤 槙人,ジェフユナイテッド千葉,駒澤大,1992.10.18,DF
2015,2,中野 雅臣,東京ヴェルディ,東京Ｖユース,1996.04.09,MF
2015,2,三竿 健斗,東京ヴェルディ,東京Ｖユース,1996.04.16,MF
2015,2,大木 暁,東京ヴェルディ,駒澤大,1992.12.08,DF
2015,2,渋谷 亮,東京ヴェルディ,中央大,1992.07.25,MF
2015,2,楠元 秀真,横浜ＦＣ,産業能率大,1992.09.12,DF
2015,2,上田 悠起,横浜ＦＣ,成立学園高,1996.09.20,MF
2015,2,岩元 颯オリビエ,ジュビロ磐田,鹿児島城西高,1996.04.03,FW
2015,2,志村 滉,ジュビロ磐田,市立船橋高,1996.04.27,GK
2015,2,石田 崚真,ジュビロ磐田,磐田U-18,1996.06.21,DF
2015,2,上原 力也,ジュビロ磐田,磐田U-18,1996.08.25,MF
2015,2,清水 貴文,ジュビロ磐田,中京大,1992.06.30,MF
2015,2,小川 雄大,ＦＣ岐阜,山梨学院大学附属高,1996.10.04,MF
2015,2,苅部 隆太郎,ＦＣ岐阜,明治大,1992.12.19,MF
2015,2,小見 恵吾,ＦＣ岐阜,大阪学院大,1992.08.01,DF
2015,2,永島 悠史,京都サンガF.C.,京都U-18,1996.07.12,MF
2015,2,奥川 雅也,京都サンガF.C.,京都U-18,1996.04.14,FW
2015,2,大西 勇輝,京都サンガF.C.,京都U-18,1996.07.30,MF
2015,2,内田 恭兵,京都サンガF.C.,関西大,1992.11.05,DF
2015,2,和田 篤紀,京都サンガF.C.,関西大,1993.02.09,MF
2015,2,沖野 将基,セレッソ大阪,Ｃ大阪U-18,1996.12.13,MF
2015,2,阪本 将基,セレッソ大阪,Ｃ大阪U-18,1996.06.24,MF
2015,2,西本 雅崇,セレッソ大阪,Ｃ大阪U-18,1996.06.11,MF
2015,2,温井 駿斗,セレッソ大阪,Ｃ大阪U-18,1996.11.14,DF
2015,2,前川 大河,セレッソ大阪,Ｃ大阪U-18,1996.06.13,MF
2015,2,池田 樹雷人,セレッソ大阪,三菱養和ユース,1996.09.17,DF
2015,2,米澤 令衣,セレッソ大阪,神戸U-18,1996.07.20,MF
2015,2,似鳥 康太,ファジアーノ岡山,JFAアカデミー福島,1996.04.16,GK
2015,2,木和田 匡,ファジアーノ岡山,岡山U-18,1996.09.29,GK
2015,2,西林 直輝,ファジアーノ岡山,岡山U-18,1996.04.03,DF
2015,2,宮本 樹明,ファジアーノ岡山,岡山U-18,1997.03.16,DF
2015,2,佐々木 陽次,徳島ヴォルティス,東京学芸大,1992.07.02,MF
2015,2,近藤 貴司,愛媛ＦＣ,早稲田大,1992.04.26,MF
2015,2,田村 友,アビスパ福岡,福岡大,1992.11.22,MF
2015,2,邦本 宜裕,アビスパ福岡,浦和ユース,1997.10.08,FW
2015,2,弓崎 恭平,ギラヴァンツ北九州,福岡大,1992.10.30,DF
2015,2,梶原 夕希也,ギラヴァンツ北九州,北九州U-18,1996.06.24,DF
2015,2,中山 開帆,ギラヴァンツ北九州,近畿大,1993.01.11,GK
2015,2,小谷 健悟,ギラヴァンツ北九州,鹿屋体育大,1992.08.31,MF
2015,2,武内 大,Ｖ・ファーレン長崎,福岡大,1992.05.31,DF
2015,2,上形 洋介,Ｖ・ファーレン長崎,早稲田大,1992.09.25,FW
2015,2,北川 滉平,Ｖ・ファーレン長崎,桃山学院大,1995.04.29,MF
2015,2,田中 達也,ロアッソ熊本,九州産業大,1992.06.09,FW
2015,2,鈴木 翔登,ロアッソ熊本,流通経済大,1992.10.16,DF
2015,2,鈴木 義宜,大分トリニータ,宮崎産業経営大,1992.09.11,DF
2015,2,福森 直也,大分トリニータ,関西学院大,1992.08.29,DF
2015,2,坂井 大将,大分トリニータ,大分U-18,1997.01.18,MF
2015,2,佐藤 昂洋,大分トリニータ,大分U-18,1996.04.14,DF
2015,2,姫野 宥弥,大分トリニータ,大分U-18,1996.09.27,MF
2015,2,森川 裕基,カマタマーレ讃岐,立命館大,1993.01.07,MF
2015,2,星野 有亮,ツエーゲン金沢,専修大,1992.05.12,MF
2015,2,玉城 峻吾,ツエーゲン金沢,筑波大,1991.04.25,MF
2015,3,平石 直人,ＦＣ町田ゼルビア,東洋大,1992.06.23,DF
2015,3,中西 倫也,カターレ富山,桃山学院大,1992.04.12,FW
2015,3,馬渡 隼暉,カターレ富山,富山U-18,1996.10.03,FW
2015,3,中田 大貴,カターレ富山,新潟医療福祉大,1992.11.04,FW
2015,3,進藤 誠司,カターレ富山,国士舘大,1992.12.12,DF
2015,3,畑中 槙人,ガイナーレ鳥取,鳥取U-18,1996.06.07,FW
2015,3,石輪 聖人,ガイナーレ鳥取,鳥取U-18,1996.05.25,MF
2015,3,林 誠道,ガイナーレ鳥取,大阪産業大学附属高,1996.04.04,MF
2015,3,宮本 龍,ガイナーレ鳥取,同志社大,1992.08.04,MF
2015,3,秋山 貴嗣,ガイナーレ鳥取,関西大,1992.10.07,DF
2015,3,吉崎 弘宣,ガイナーレ鳥取,環太平洋大,1992.08.24,GK
2015,3,橘 一輝,ガイナーレ鳥取,国士舘大,1992.06.08,MF
2015,3,井上 黎生人,ガイナーレ鳥取,鹿児島実業高,1997.03.09,DF
2015,3,才藤 龍治,ＦＣ琉球,東京国際大,1993.03.12,FW
2015,3,今野 太祐,ＦＣ琉球,東京国際大,1992.12.18,GK
2015,3,菊野 太紀,ＦＣ琉球,拓殖大,1992.07.07,DF
2015,3,富樫 佑太,ＦＣ琉球,国学院久我山高,1995.12.18,MF
2015,3,船川 琢之介,ブラウブリッツ秋田,秋田商業高,1996.08.11,FW
2015,3,斎藤 純平,ブラウブリッツ秋田,駒澤大,1992.12.27,MF
2015,3,熊谷 達也,ブラウブリッツ秋田,仙台大,1992.09.25,MF
2015,3,浅沼 優瑠,横浜スポーツ&カルチャークラブ,東洋大,1992.04.12,GK
2015,3,泉 宗太郎,横浜スポーツ&カルチャークラブ,関西学院大,1992.08.05,MF
2015,3,吉田 颯,横浜スポーツ&カルチャークラブ,Y.S.C.C.セカンド,1992.10.04,DF
2015,3,佐々木 雅人,横浜スポーツ&カルチャークラブ,東洋大,1992.04.09,FW
2015,3,郡司 健太朗,横浜スポーツ&カルチャークラブ,神奈川大,1992.07.06,FW
2015,3,中山 和弥,横浜スポーツ&カルチャークラブ,仙台大,1992.05.10,DF
2015,3,宗近 慧,横浜スポーツ&カルチャークラブ,法政大,1992.05.29,DF
2015,3,添田 隆司,藤枝ＭＹＦＣ,東京大,1993.03.15,MF
2015,3,三橋 拓也,藤枝ＭＹＦＣ,びわこ成蹊スポーツ大,1992.03.06,MF
2015,3,中村 宏輝,藤枝ＭＹＦＣ,びわこ成蹊スポーツ大,1992.05.20,DF
2015,3,田島 昇太,藤枝ＭＹＦＣ,大阪経済大,1992.09.29,GK
2015,3,香川 勇気,レノファ山口ＦＣ,阪南大,1992.07.02,DF
2015,3,浦 紘史,レノファ山口ＦＣ,佐賀大,1992.10.10,MF
2015,3,原口 拓人,レノファ山口ＦＣ,関西大,1992.05.03,FW
2015,3,古澤 慶太,レノファ山口ＦＣ,桐蔭横浜大,1992.07.01,DF
2015,3,廣木 雄磨,レノファ山口ＦＣ,東京学芸大,1992.07.23,DF
2015,3,泉 悠哉,レノファ山口ＦＣ,徳山大,1992.12.18,DF
2015,3,星 広太,福島ユナイテッドＦＣ,神奈川大,1992.07.27,MF
2015,3,齋藤 恵太,福島ユナイテッドＦＣ,仙台大,1993.03.31,FW
2015,3,星 雄次,福島ユナイテッドＦＣ,法政大,1992.07.27,DF
2015,3,黒木 晃賢,ＳＣ相模原,横浜FCユース,1996.08.22,MF
2015,3,成田 恭輔,ＳＣ相模原,阪南大,1992.05.02,DF
2016,1,差波 優人,ベガルタ仙台,明治大,1993.06.28,MF
2016,1,常田 克人,ベガルタ仙台,青森山田高,1997.11.27,DF
2016,1,椎橋 慧也,ベガルタ仙台,市立船橋高,1997.06.20,DF
2016,1,佐々木 匠,ベガルタ仙台,仙台ユース,1998.03.30,MF
2016,1,小島 雅也,ベガルタ仙台,仙台ユース,1997.11.09,DF
2016,1,町田 浩樹,鹿島アントラーズ,鹿島ユース,1997.08.25,DF
2016,1,田中 稔也,鹿島アントラーズ,鹿島ユース,1997.12.02,MF
2016,1,平戸 太貴,鹿島アントラーズ,鹿島ユース,1997.04.18,MF
2016,1,垣田 裕暉,鹿島アントラーズ,鹿島ユース,1997.07.14,FW
2016,1,福島 春樹,浦和レッズ,専修大,1993.04.08,GK
2016,1,伊藤 涼太郎,浦和レッズ,作陽高,1998.02.06,MF
2016,1,山越 康平,大宮アルディージャ,明治大,1993.05.04,DF
2016,1,加藤 有輝,大宮アルディージャ,大宮ユース,1997.09.20,GK
2016,1,川田 拳登,大宮アルディージャ,大宮ユース,1997.07.09,FW
2016,1,黒川 淳史,大宮アルディージャ,大宮ユース,1998.02.04,MF
2016,1,藤沼 拓夢,大宮アルディージャ,大宮ユース,1997.06.14,FW
2016,1,湯澤 聖人,柏レイソル,流通経済大,1993.10.10,DF
2016,1,安西 海斗,柏レイソル,柏U-18,1998.02.19,MF
2016,1,滝本 晴彦,柏レイソル,柏U-18,1997.05.20,GK
2016,1,柳 貴博,ＦＣ東京,FC東京U-18,1997.08.05,DF
2016,1,室屋 成,ＦＣ東京,明治大,1994.04.05,DF
2016,1,長谷川 竜也,川崎フロンターレ,順天堂大,1994.03.07,FW
2016,1,新井 一耀,横浜Ｆ・マリノス,順天堂大,1993.11.08,DF
2016,1,和田 昌士,横浜Ｆ・マリノス,横浜FMユース,1997.04.11,FW
2016,1,遠藤 渓太,横浜Ｆ・マリノス,横浜FMユース,1997.11.22,MF
2016,1,富樫 敬真,横浜Ｆ・マリノス,関東学院大,1993.08.10,FW
2016,1,山根 視来,湘南ベルマーレ,桐蔭横浜大,1993.12.22,MF
2016,1,森 晃太,ヴァンフォーレ甲府,名古屋U18,1997.06.13,FW
2016,1,早川 史哉,アルビレックス新潟,筑波大,1994.01.12,DF
2016,1,端山 豪,アルビレックス新潟,慶應義塾大,1993.04.09,MF
2016,1,宮崎 幾笑,アルビレックス新潟,新潟U-18,1998.02.17,MF
2016,1,小川 航基,ジュビロ磐田,桐光学園高,1997.08.08,FW
2016,1,荒木 大吾,ジュビロ磐田,青山学院大,1994.02.17,MF
2016,1,大南 拓磨,ジュビロ磐田,鹿児島実業高,1997.12.13,DF
2016,1,高橋 諒,名古屋グランパス,明治大,1993.07.16,DF
2016,1,和泉 竜司,名古屋グランパス,明治大,1993.11.06,MF
2016,1,呉屋 大翔,ガンバ大阪,関西学院大,1994.01.02,FW
2016,1,野田 裕喜,ガンバ大阪,大津高,1997.07.27,DF
2016,1,一美 和成,ガンバ大阪,大津高,1997.11.10,FW
2016,1,初瀬 亮,ガンバ大阪,Ｇ大阪ユース,1997.07.10,DF
2016,1,市丸 瑞希,ガンバ大阪,Ｇ大阪ユース,1997.05.08,MF
2016,1,堂安 律,ガンバ大阪,Ｇ大阪ユース,1998.06.16,MF
2016,1,髙木 彰人,ガンバ大阪,Ｇ大阪ユース,1997.08.04,FW
2016,1,小林 成豪,ヴィッセル神戸,関西学院大,1994.01.08,MF
2016,1,松下 佳貴,ヴィッセル神戸,阪南大,1994.03.03,MF
2016,1,藤谷 壮,ヴィッセル神戸,神戸U-18,1997.10.28,DF
2016,1,東 隼也,ヴィッセル神戸,神戸U-18,1997.11.13,DF
2016,1,中坂 勇哉,ヴィッセル神戸,神戸U-18,1997.08.05,MF
2016,1,森島 司,サンフレッチェ広島,四日市中央工高,1997.04.25,MF
2016,1,長沼 洋一,サンフレッチェ広島,広島ユース,1997.04.14,MF
2016,1,下坂 晃城,アビスパ福岡,鹿屋体育大,1993.09.25,DF
2016,1,冨安 健洋,アビスパ福岡,福岡U-18,1998.11.05,DF
2016,1,三丸 拡,サガン鳥栖,筑波大,1993.07.06,DF
2016,1,辻 周吾,サガン鳥栖,千葉U-18,1997.07.21,GK
2016,2,永藤 歩,モンテディオ山形,市立船橋高,1997.12.25,FW
2016,2,宮本 拓弥,水戸ホーリーホック,早稲田大,1993.05.21,FW
2016,2,山岸 祐也,ザスパクサツ群馬,流通経済大,1993.08.29,MF
2016,2,瀬川 祐輔,ザスパクサツ群馬,明治大,1994.02.07,MF
2016,2,中村 俊貴,ザスパクサツ群馬,国士舘大,1993.05.17,MF
2016,2,八角 大智,ザスパクサツ群馬,早稲田大,1992.04.15,DF
2016,2,中村 駿,ザスパクサツ群馬,駒澤大,1994.02.24,MF
2016,2,志村 駿太,ザスパクサツ群馬,群馬U-18,1997.04.26,MF
2016,2,福島 遼,ザスパクサツ群馬,東京国際大,1992.12.17,FW
2016,2,大野 哲煥,ジェフユナイテッド千葉,城西国際大,1993.10.25,GK
2016,2,岡野 洵,ジェフユナイテッド千葉,千葉U-18,1997.12.09,DF
2016,2,林 昇吾,東京ヴェルディ,東京Ｖユース,1997.04.09,MF
2016,2,井上 潮音,東京ヴェルディ,東京Ｖユース,1997.08.03,MF
2016,2,郡 大夢,東京ヴェルディ,東京Ｖユース,1997.09.11,FW
2016,2,福田 友也,ＦＣ町田ゼルビア,国士舘大,1992.09.10,DF
2016,2,前嶋 洋太,横浜ＦＣ,横浜FCユース,1997.08.12,MF
2016,2,齋藤 功佑,横浜ＦＣ,横浜FCユース,1997.06.16,FW
2016,2,前田 大然,松本山雅ＦＣ,山梨学院大附属高,1997.10.20,FW
2016,2,光崎 伸,清水エスパルス,東海学園高,1997.08.22,MF
2016,2,青木 翼,ＦＣ岐阜,順天堂大,1993.11.17,MF
2016,2,田代 雅也,ＦＣ岐阜,法政大,1993.05.01,DF
2016,2,鈴木 潤,ＦＣ岐阜,中京大,1993.07.30,DF
2016,2,瀧谷 亮,ＦＣ岐阜,大阪学院大,1994.02.16,FW
2016,2,荻野 広大,京都サンガF.C.,京都U-18,1997.05.02,MF
2016,2,沼 大希,京都サンガF.C.,京都U-18,1997.04.22,FW
2016,2,澤上 竜二,セレッソ大阪,大阪体育大,1993.10.08,FW
2016,2,木本 恭生,セレッソ大阪,福岡大,1993.08.06,MF
2016,2,岸本 武流,セレッソ大阪,Ｃ大阪U-18,1997.07.16,FW
2016,2,庄司 朋乃也,セレッソ大阪,Ｃ大阪U-18,1997.10.08,DF
2016,2,久保 飛翔,ファジアーノ岡山,慶應義塾大,1993.11.10,DF
2016,2,藤本 佳希,ファジアーノ岡山,明治大,1994.02.03,FW
2016,2,井筒 陸也,徳島ヴォルティス,関西学院大,1994.02.10,DF
2016,2,仲島 義貴,愛媛ＦＣ,国士舘大,1993.08.18,DF
2016,2,中村 慶太,Ｖ・ファーレン長崎,流通経済大,1993.06.30,MF
2016,2,田上 大地,Ｖ・ファーレン長崎,流通経済大,1993.06.16,DF
2016,2,富澤 雅也,Ｖ・ファーレン長崎,法政大,1993.07.14,GK
2016,2,八久保 颯,ロアッソ熊本,阪南大,1993.06.23,MF
2016,2,玉城 史也,カマタマーレ讃岐,関西国際大,1993.07.23,MF
2016,2,奥山 政幸,レノファ山口ＦＣ,早稲田大,1993.07.28,DF
2016,2,篠原 宏仁,レノファ山口ＦＣ,関西大,1993.11.30,MF
2016,3,古波津 辰希,栃木ＳＣ,流通経済大,1993.09.11,MF
2016,3,西谷 和希,栃木ＳＣ,流通経済大,1993.10.05,MF
2016,3,萱沼 優聖,カターレ富山,関東学院大,1993.08.06,FW
2016,3,西室 隆規,カターレ富山,法政大,1993.06.02,MF
2016,3,脇本 晃成,カターレ富山,東京学芸大,1994.01.08,DF
2016,3,石坂 元気,カターレ富山,東洋大,1993.07.13,DF
2016,3,磯江 太勢,ガイナーレ鳥取,鳥取U-18,1997.04.19,MF
2016,3,曽我 大地,ガイナーレ鳥取,鳥取U-18,1998.03.10,DF
2016,3,亀島 周,ガイナーレ鳥取,流通経済大,1993.04.21,DF
2016,3,河合 秀人,ガイナーレ鳥取,大阪学院大,1993.10.10,MF
2016,3,山道 淳司,ガイナーレ鳥取,福岡大,1994.01.29,DF
2016,3,山本 蓮,ガイナーレ鳥取,久御山高,1997.05.13,MF
2016,3,岩田 智輝,大分トリニータ,大分U-18,1997.04.07,MF
2016,3,吉平 翼,大分トリニータ,大分U-18,1998.01.05,FW
2016,3,江頭 一輝,大分トリニータ,大分U-18,1997.05.13,MF
2016,3,山川 デション 諒,ＦＣ琉球,前原高,1997.04.21,FW
2016,3,上門 知樹,ＦＣ琉球,与勝高,1997.04.27,FW
2016,3,宮城 晃太,ＦＣ琉球,大阪産業大,1993.10.10,MF
2016,3,山内 達朗,ＦＣ琉球,大阪産業大,1994.01.23,FW
2016,3,知念 雄太朗,ＦＣ琉球,立命館大,1993.11.19,MF
2016,3,積田 景介,ＦＣ琉球,駒澤大,1993.06.23,GK
2016,3,増谷 幸祐,ＦＣ琉球,日本体育大,1993.07.01,DF
2016,3,瀧澤 修平,ＦＣ琉球,東洋大,1993.07.19,DF
2016,3,青島 拓馬,ブラウブリッツ秋田,法政大,1993.04.06,MF
2016,3,畠中 佑樹,ブラウブリッツ秋田,東海学園大,1993.10.26,MF
2016,3,深井 脩平,ブラウブリッツ秋田,北陸大,1993.07.20,DF
2016,3,堺 俊暉,ブラウブリッツ秋田,仙台大,1993.09.18,FW
2016,3,遊馬 将也,ブラウブリッツ秋田,東洋大,1993.06.04,FW
2016,3,大石 文弥,ブラウブリッツ秋田,明海大,1993.04.02,GK
2016,3,宮尾 孝一,横浜スポーツ&カルチャークラブ,桐蔭横浜大,1993.06.15,MF
2016,3,宮内 寛斗,横浜スポーツ&カルチャークラブ,Y.S.C.C.ユース,1998.01.23,MF
2016,3,青木 捷,藤枝ＭＹＦＣ,中京大,1993.06.24,MF
2016,3,佐々木 宏樹,藤枝ＭＹＦＣ,桐蔭横浜大,1993.07.17,DF
2016,3,藤崎 将汰,藤枝ＭＹＦＣ,尚美学園大,1994.01.10,DF
2016,3,久保 海都,グルージャ盛岡,関東学院大,1993.11.05,DF
2016,3,土館 賢人,グルージャ盛岡,関東学院大,1992.08.23,MF
2016,3,鈴木 達也,グルージャ盛岡,明治大,1993.07.08,DF
2016,3,蓮沼 翔太,福島ユナイテッドＦＣ,仙台大,1993.10.15,FW
2016,3,普光院 誠,ＳＣ相模原,関東学院大,1993.05.20,MF
2016,3,石垣 徳之,ＳＣ相模原,暁星国際高,1997.11.30,DF
2016,3,寺田 匡史,鹿児島ユナイテッドＦＣ,鹿屋体育大,1994.01.10,DF
2016,3,中原 優生,鹿児島ユナイテッドＦＣ,鹿屋体育大,1993.06.15,MF
2016,3,塚田 翔悟,鹿児島ユナイテッドＦＣ,九州共立大学,1993.05.02,FW
2016,3,藤井 貴之,鹿児島ユナイテッドＦＣ,日本体育大,1993.06.18,FW
2017,1,菅 大輝,北海道コンサドーレ札幌,札幌U-18,1998.09.10,FW
2017,1,濱 大耀,北海道コンサドーレ札幌,札幌U-18,1998.06.14,DF
2017,1,永戸 勝也,ベガルタ仙台,法政大,1995.01.15,DF
2017,1,小田 逸稀,鹿島アントラーズ,東福岡高,1998.07.16,DF
2017,1,安部 裕葵,鹿島アントラーズ,瀬戸内高,1999.01.28,FW
2017,1,河面 旺成,大宮アルディージャ,明治大,1994.05.03,DF
2017,1,山田 陸,大宮アルディージャ,大宮U-18,1998.04.15,MF
2017,1,古賀 太陽,柏レイソル,柏U-18,1998.10.28,DF
2017,1,廣末 陸,ＦＣ東京,青森山田高,1998.07.06,GK
2017,1,山田 将之,ＦＣ東京,法政大,1994.10.01,DF
2017,1,鈴木 喜丈,ＦＣ東京,FC東京U-18,1998.07.06,MF
2017,1,岡崎 慎,ＦＣ東京,FC東京U-18,1998.10.10,DF
2017,1,波多野 豪,ＦＣ東京,FC東京U-18,1998.05.25,GK
2017,1,内田 宅哉,ＦＣ東京,FC東京U-18,1998.06.02,MF
2017,1,田中 碧,川崎フロンターレ,川崎ＦU-18,1998.09.10,MF
2017,1,タビナス ジェファーソン,川崎フロンターレ,桐光学園高,1998.08.07,DF
2017,1,知念 慶,川崎フロンターレ,愛知学院大,1995.03.17,FW
2017,1,高野 遼,横浜Ｆ・マリノス,日本体育大,1994.11.13,DF
2017,1,原田 岳,横浜Ｆ・マリノス,横浜FMユース,1998.05.22,GK
2017,1,吉尾 海夏,横浜Ｆ・マリノス,横浜FMユース,1998.06.28,MF
2017,1,小出 悠太,ヴァンフォーレ甲府,明治大,1994.10.20,DF
2017,1,道渕 諒平,ヴァンフォーレ甲府,明治大,1994.06.16,MF
2017,1,曽根田 穣,ヴァンフォーレ甲府,びわこ成蹊スポーツ大,1994.08.29,DF
2017,1,原 輝綺,アルビレックス新潟,市立船橋高,1998.07.30,DF
2017,1,森 俊介,アルビレックス新潟,関西学院大,1994.10.04,MF
2017,1,長谷川 巧,アルビレックス新潟,新潟U-18,1998.10.06,DF
2017,1,飯田 貴敬,清水エスパルス,専修大,1994.08.31,DF
2017,1,立田 悠悟,清水エスパルス,清水ユース,1998.06.21,DF
2017,1,藤川 虎太朗,ジュビロ磐田,東福岡高,1998.07.24,MF
2017,1,針谷 岳晃,ジュビロ磐田,昌平高,1998.10.15,MF
2017,1,高 宇洋,ガンバ大阪,市立船橋高,1998.04.20,MF
2017,1,髙江 麗央,ガンバ大阪,東福岡高,1998.06.27,MF
2017,1,食野 亮太郎,ガンバ大阪,Ｇ大阪ユース,1998.06.18,MF
2017,1,大山 武蔵,セレッソ大阪,札幌大谷高,1998.09.11,MF
2017,1,茂木 秀,セレッソ大阪,桐光学園高,1999.01.15,GK
2017,1,斧澤 隼輝,セレッソ大阪,Ｃ大阪U-18,1998.06.02,MF
2017,1,舩木 翔,セレッソ大阪,Ｃ大阪U-18,1998.04.13,DF
2017,1,森下 怜哉,セレッソ大阪,Ｃ大阪U-18,1998.11.01,DF
2017,1,山内 寛史,セレッソ大阪,早稲田大,1995.02.09,MF
2017,1,山根 永遠,セレッソ大阪,広島ユース,1999.02.05,FW
2017,1,前川 黛也,ヴィッセル神戸,関西大,1994.09.08,GK
2017,1,向井 章人,ヴィッセル神戸,神戸U-18,1998.11.17,FW
2017,1,野田 樹,ヴィッセル神戸,神戸U-18,1998.04.02,MF
2017,1,安井 拓也,ヴィッセル神戸,神戸U-18,1998.11.21,MF
2017,1,イヨハ 理 ヘンリー,サンフレッチェ広島,広島ユース,1998.06.23,DF
2017,1,松本 泰志,サンフレッチェ広島,昌平高,1998.08.22,MF
2017,1,石川 啓人,サガン鳥栖,鳥栖U-18,1998.07.16,MF
2017,1,田川 亨介,サガン鳥栖,鳥栖U-18,1999.02.11,FW
2017,2,高橋 成樹,モンテディオ山形,山形ユース,1998.12.17,DF
2017,2,中川 洋介,水戸ホーリーホック,水戸ユース,1998.04.28,MF
2017,2,外山 凌,水戸ホーリーホック,阪南大,1994.07.29,MF
2017,2,出岡 大輝,ザスパクサツ群馬,関西学院大,1994.08.16,MF
2017,2,藤原 雅斗,ザスパクサツ群馬,流通経済大,1994.04.14,DF
2017,2,高井 和馬,ザスパクサツ群馬,日本体育大,1994.08.05,MF
2017,2,岩田 拓也,ザスパクサツ群馬,明治大,1994.07.14,FW
2017,2,岡庭 裕貴,ザスパクサツ群馬,東京農業大,1995.01.03,MF
2017,2,早坂 龍之介,ザスパクサツ群馬,明治大,1994.06.07,MF
2017,2,佐藤 遵樹,ザスパクサツ群馬,専修大,1994.07.12,MF
2017,2,小林 祐太,ザスパクサツ群馬,本庄第一高,1998.10.07,FW
2017,2,高橋 壱晟,ジェフユナイテッド千葉,青森山田高,1998.04.20,MF
2017,2,溝渕 雄志,ジェフユナイテッド千葉,慶應義塾大,1994.07.20,DF
2017,2,渡辺 皓太,東京ヴェルディ,東京Ｖユース,1998.10.18,MF
2017,2,青木 義孝,ＦＣ町田ゼルビア,町田ユース,1998.09.02,FW
2017,2,大田 隼輔,ＦＣ町田ゼルビア,立命館大,1994.05.02,DF
2017,2,渡辺 健太,ＦＣ町田ゼルビア,Ｇ大阪ユース,1998.04.28,GK
2017,2,市川 暉記,横浜ＦＣ,星槎国際高湘南,1998.10.19,GK
2017,2,山本 凌太郎,横浜ＦＣ,横浜FCユース,1998.12.07,MF
2017,2,新井 純平,横浜ＦＣ,早稲田大,1994.11.12,DF
2017,2,中山 雄希,横浜ＦＣ,早稲田大,1994.10.16,FW
2017,2,杉岡 大暉,湘南ベルマーレ,市立船橋高,1998.09.08,DF
2017,2,後藤 雅明,湘南ベルマーレ,早稲田大,1994.05.24,GK
2017,2,岡 佳樹,松本山雅ＦＣ,桃山学院大,1994.04.26,FW
2017,2,松本 孝平,名古屋グランパス,国士舘大,1994.07.31,FW
2017,2,宮地 元貴,名古屋グランパス,慶應義塾大,1994.04.17,DF
2017,2,梶山 幹太,名古屋グランパス,名古屋U18,1998.04.24,MF
2017,2,深堀 隼平,名古屋グランパス,名古屋U18,1998.06.29,FW
2017,2,甲斐 健太郎,ＦＣ岐阜,阪南大,1994.11.01,DF
2017,2,古橋 亨梧,ＦＣ岐阜,中央大,1995.01.20,FW
2017,2,薮内 健人,ＦＣ岐阜,大阪産業大,1995.01.21,FW
2017,2,岩崎 悠人,京都サンガF.C.,京都橘高,1998.06.11,FW
2017,2,仙頭 啓矢,京都サンガF.C.,東洋大,1994.12.29,MF
2017,2,麻田 将吾,京都サンガF.C.,京都U-18,1998.07.06,DF
2017,2,島村 拓弥,京都サンガF.C.,京都U-18,1999.03.06,MF
2017,2,武田 将平,ファジアーノ岡山,神奈川大,1994.04.04,MF
2017,2,塚川 孝輝,ファジアーノ岡山,流通経済大,1994.07.16,DF
2017,2,石川 隆汰,ファジアーノ岡山,岡山U-18,1999.02.15,FW
2017,2,下口 稚葉,ファジアーノ岡山,JFAアカデミー福島,1998.05.02,DF
2017,2,川上 エドオジョン智慧,徳島ヴォルティス,浦和ユース,1998.04.21,MF
2017,2,小西 雄大,徳島ヴォルティス,Ｇ大阪ユース,1998.04.18,FW
2017,2,丹羽 詩温,愛媛ＦＣ,明治大,1994.06.18,FW
2017,2,馬渡 洋樹,愛媛ＦＣ,鹿屋体育大,1994.08.16,GK
2017,2,山ノ井 拓己,アビスパ福岡,静岡学園高,1998.10.25,GK
2017,2,崎村 祐丞,アビスパ福岡,福岡U-18,1998.06.27,FW
2017,2,林田 隆介,Ｖ・ファーレン長崎,長崎U-18,1999.03.11,MF
2017,2,畑 潤基,Ｖ・ファーレン長崎,東海学園大,1994.08.14,FW
2017,2,翁長 聖,Ｖ・ファーレン長崎,中央大,1995.02.23,MF
2017,2,吉岡 雅和,Ｖ・ファーレン長崎,駒澤大,1995.03.09,MF
2017,2,米原 秀亮,ロアッソ熊本,熊本ユース,1998.04.20,MF
2017,2,林 祥太,ロアッソ熊本,国士舘大,1995.02.24,FW
2017,2,野上 拓哉,大分トリニータ,大分U-18,1998.11.29,MF
2017,2,國分 伸太郎,大分トリニータ,立命館大,1994.08.31,MF
2017,2,中島 大貴,カマタマーレ讃岐,福岡大,1995.01.17,DF
2017,2,長澤 拓哉,カマタマーレ讃岐,龍谷大,1993.04.10,DF
2017,2,榎本 滉大,ツエーゲン金沢,仙台大,1994.11.05,DF
2017,2,清永 丈瑠,レノファ山口ＦＣ,関西大,1994.10.24,MF
2017,2,池上 丈二,レノファ山口ＦＣ,大阪体育大,1994.11.06,MF
2017,3,種岡 岐将,栃木ＳＣ,駒澤大,1994.04.04,DF
2017,3,登崎 雅貴,カターレ富山,常葉大浜松,1994.08.27,DF
2017,3,西 晃佑,カターレ富山,富山U-18,1998.04.08,FW
2017,3,服部 一輝,カターレ富山,明治大,1995.03.16,GK
2017,3,石井 光輝,ガイナーレ鳥取,関西大,1995.03.15,MF
2017,3,加藤 潤也,ガイナーレ鳥取,城西国際大,1994.12.30,FW
2017,3,西嶋 有矢,ガイナーレ鳥取,福岡大,1995.02.21,DF
2017,3,細田 歩夢,ガイナーレ鳥取,鳥取U-18,1998.04.14,GK
2017,3,福森 健太,ギラヴァンツ北九州,鹿屋体育大,1994.07.04,DF
2017,3,紀藤 隆翔,ギラヴァンツ北九州,梅村学園三重高,1998.08.14,MF
2017,3,遠藤 元一,ＡＣ長野パルセイロ,産業能率大,1994.09.09,DF
2017,3,前田 悠斗,ＡＣ長野パルセイロ,京都産業大,1994.11.22,MF
2017,3,福田 愛大,ＦＣ琉球,埼玉工業大,1994.12.18,FW
2017,3,望月 達也,ＦＣ琉球,埼玉工業大,1994.08.12,MF
2017,3,西岡 大志,ＦＣ琉球,福岡大,1994.07.28,DF
2017,3,前田 央樹,ＦＣ琉球,阪南大,1994.04.09,FW
2017,3,新井 幹人,ＦＣ琉球,阪南大,1994.06.14,DF
2017,3,名倉 巧,ＦＣ琉球,国学院久我山高,1998.06.03,MF
2017,3,藤山 智史,ブラウブリッツ秋田,鹿屋体育大,1994.04.23,MF
2017,3,千田 海人,ブラウブリッツ秋田,神奈川大,1994.10.17,DF
2017,3,安芸 銀治,ブラウブリッツ秋田,流通経済大,1994.06.04,FW
2017,3,岩壁 裕也,横浜スポーツ&カルチャークラブ,東海大,1994.05.17,DF
2017,3,西山 雄介,横浜スポーツ&カルチャークラブ,山梨学院大,1994.09.18,DF
2017,3,奥田 晃也,横浜スポーツ&カルチャークラブ,神奈川大,1994.10.01,MF
2017,3,上田 航平,横浜スポーツ&カルチャークラブ,Y.S.C.C.ユース,1998.06.26,DF
2017,3,金子 大晟,横浜スポーツ&カルチャークラブ,Y.S.C.C.ユース,1998.08.14,MF
2017,3,北原 大奨,横浜スポーツ&カルチャークラブ,東海大,1994.04.04,FW
2017,3,小松 駿太,横浜スポーツ&カルチャークラブ,順天堂大,1997.11.07,MF
2017,3,小笠原 賢聖,横浜スポーツ&カルチャークラブ,日本体育大,1995.03.26,MF
2017,3,田中 憧,グルージャ盛岡,桐蔭横浜大,1994.11.21,DF
2017,3,今関 耕平,グルージャ盛岡,桐蔭横浜大,1994.06.23,FW
2017,3,菅本 岳,グルージャ盛岡,立教大,1994.09.10,MF
2017,3,堀田 大暉,福島ユナイテッドＦＣ,東海大,1994.10.05,GK
2017,3,川上 竜,福島ユナイテッドＦＣ,福岡大,1994.10.25,MF
2017,3,橋本 裕貴,福島ユナイテッドＦＣ,中京大,1994.10.20,MF
2017,3,三橋 秀平,福島ユナイテッドＦＣ,関東学院大,1994.07.18,MF
2017,3,川戸 大樹,ＳＣ相模原,日本体育大,1994.04.05,MF
2017,3,高畑 智也,ＳＣ相模原,立命館大,1994.12.02,MF
2017,3,米原 祐,ＳＣ相模原,関西学院大,1994.08.18,DF
2017,3,徳永 裕大,ＳＣ相模原,関西学院大,1994.04.16,MF
2017,3,岩崎 知瑳,鹿児島ユナイテッドＦＣ,福岡大,1995.01.08,GK
2017,3,野嶽 惇也,鹿児島ユナイテッドＦＣ,福岡大,1994.09.11,MF
2017,3,藤嵜 智貴,アスルクラロ沼津,国士舘大,1994.09.19,DF
2017,3,後藤 虹介,アスルクラロ沼津,大阪体育大,1994.07.23,MF
2018,1,藤村 怜,北海道コンサドーレ札幌,札幌U-18,1999.05.26,FW
2018,1,ジャーメイン 良,ベガルタ仙台,流通経済大,1995.04.19,FW
2018,1,山口 一真,鹿島アントラーズ,阪南大,1996.01.17,FW
2018,1,沖 悠哉,鹿島アントラーズ,鹿島ユース,1999.08.22,GK
2018,1,柴戸 海,浦和レッズ,明治大,1995.11.24,MF
2018,1,井澤 春輝,浦和レッズ,浦和ユース,1999.06.14,MF
2018,1,荻原 拓也,浦和レッズ,浦和ユース,1999.11.23,MF
2018,1,橋岡 大樹,浦和レッズ,浦和ユース,1999.05.17,DF
2018,1,猿田 遥己,柏レイソル,柏U-18,1999.04.23,GK
2018,1,宮本 駿晃,柏レイソル,柏U-18,1999.06.04,DF
2018,1,中川 創,柏レイソル,柏U-18,1999.06.01,DF
2018,1,田中 陸,柏レイソル,柏U-18,1999.05.04,MF
2018,1,矢島 輝一,ＦＣ東京,中央大,1995.04.06,FW
2018,1,品田 愛斗,ＦＣ東京,FC東京U-18,1999.09.19,MF
2018,1,原 大智,ＦＣ東京,FC東京U-18,1999.05.05,FW
2018,1,脇坂 泰斗,川崎フロンターレ,阪南大,1995.06.11,MF
2018,1,守田 英正,川崎フロンターレ,流通経済大,1995.05.10,MF
2018,1,堀 研太,横浜Ｆ・マリノス,横浜FMユース,1999.04.09,MF
2018,1,山田 康太,横浜Ｆ・マリノス,横浜FMユース,1999.07.10,MF
2018,1,西山 大雅,横浜Ｆ・マリノス,横浜FMユース,1999.08.24,DF
2018,1,町野 修斗,横浜Ｆ・マリノス,履正社高,1999.09.30,FW
2018,1,生駒 仁,横浜Ｆ・マリノス,鹿児島城西高,1999.07.01,DF
2018,1,新井 光,湘南ベルマーレ,市立長野高,1999.04.14,MF
2018,1,坂 圭祐,湘南ベルマーレ,順天堂大,1995.05.07,DF
2018,1,山口 和樹,湘南ベルマーレ,国士舘大,1995.05.15,FW
2018,1,真田 幸太,湘南ベルマーレ,湘南ユース,1999.04.21,GK
2018,1,和田 響稀,湘南ベルマーレ,湘南ユース,1999.05.03,FW
2018,1,鈴木 国友,湘南ベルマーレ,桐蔭横浜大,1995.07.03,FW
2018,1,金子 大毅,湘南ベルマーレ,神奈川大,1998.08.28,MF
2018,1,新井 栄聡,清水エスパルス,流通経済大,1995.09.27,GK
2018,1,西村 恭史,清水エスパルス,興國高,1999.11.04,MF
2018,1,高橋 大悟,清水エスパルス,神村学園,1999.04.17,FW
2018,1,伊藤 研太,清水エスパルス,清水ユース,1999.05.12,DF
2018,1,滝 裕太,清水エスパルス,清水ユース,1999.08.29,MF
2018,1,平墳 迅,清水エスパルス,清水ユース,1999.05.19,FW
2018,1,中野 誠也,ジュビロ磐田,筑波大,1995.07.23,FW
2018,1,秋山 陽介,名古屋グランパス,早稲田大,1995.04.13,MF
2018,1,大垣 勇樹,名古屋グランパス,興國高,2000.02.28,FW
2018,1,福田 湧矢,ガンバ大阪,東福岡高,1999.04.04,MF
2018,1,山口 竜弥,ガンバ大阪,東海大学付属相模高,2000.02.09,DF
2018,1,松田 陸,ガンバ大阪,前橋育英高,1999.05.03,DF
2018,1,芝本 蓮,ガンバ大阪,Ｇ大阪ユース,1999.07.22,MF
2018,1,白井 陽斗,ガンバ大阪,Ｇ大阪ユース,1999.10.23,FW
2018,1,中村 敬斗,ガンバ大阪,三菱養和SCユース,2000.07.28,FW
2018,1,永石 拓海,セレッソ大阪,福岡大,1996.02.16,GK
2018,1,中島 元彦,セレッソ大阪,Ｃ大阪U-18,1999.04.18,FW
2018,1,山田 寛人,セレッソ大阪,Ｃ大阪U-18,2000.03.07,FW
2018,1,安藤 瑞季,セレッソ大阪,長崎総合科学大学附属高,1999.07.19,FW
2018,1,魚里 直哉,セレッソ大阪,関西学院大,1995.08.03,MF
2018,1,宮 大樹,ヴィッセル神戸,びわこ成蹊スポーツ大,1996.04.01,DF
2018,1,郷家 友太,ヴィッセル神戸,青森山田高,1999.06.10,MF
2018,1,佐々木 大樹,ヴィッセル神戸,神戸U-18,1999.09.17,FW
2018,1,川井 歩,サンフレッチェ広島,広島ユース,1999.08.12,MF
2018,1,川村 拓夢,サンフレッチェ広島,広島ユース,1999.08.28,MF
2018,1,本多 琢人,Ｖ・ファーレン長崎,東海学園大,1995.05.28,DF
2018,1,新里 涼,Ｖ・ファーレン長崎,順天堂大,1995.09.03,MF
2018,1,米田 隼也,Ｖ・ファーレン長崎,順天堂大,1995.11.05,MF
2018,2,北川 柊斗,モンテディオ山形,筑波大,1995.06.01,FW
2018,2,中村 駿太,モンテディオ山形,青森山田高,1999.05.10,FW
2018,2,熊本 雄太,モンテディオ山形,早稲田大,1995.07.18,DF
2018,2,射庭 康太朗,モンテディオ山形,京都産業大,1995.12.07,GK
2018,2,大原 彰輝,水戸ホーリーホック,水戸ユース,1999.08.28,DF
2018,2,平野 佑一,水戸ホーリーホック,国士舘大,1996.03.11,MF
2018,2,長谷川 凌,水戸ホーリーホック,市立船橋高,1999.04.21,GK
2018,2,ンドカ ボニフェイス,水戸ホーリーホック,日本体育大,1996.02.15,DF
2018,2,早乙女 達海,栃木ＳＣ,栃木ユース,1999.06.22,FW
2018,2,本庄 竜大,栃木ＳＣ,栃木ユース,1999.05.11,FW
2018,2,山本 廉,栃木ＳＣ,栃木ユース,1999.05.08,MF
2018,2,荒井 秀賀,栃木ＳＣ,仙台ユース,1999.10.29,MF
2018,2,川上 盛司,栃木ＳＣ,仙台大,1995.06.20,DF
2018,2,浜下 瑛,栃木ＳＣ,産業能率大,1995.07.05,MF
2018,2,奥抜 侃志,大宮アルディージャ,大宮ユース,1999.08.11,FW
2018,2,佐相 壱明,大宮アルディージャ,昌平高,1999.06.16,FW
2018,2,鳥海 晃司,ジェフユナイテッド千葉,明治大,1995.05.09,DF
2018,2,本田 功輝,ジェフユナイテッド千葉,香川西高,2000.03.08,MF
2018,2,杉山 弾斗,ジェフユナイテッド千葉,市立船橋高,1999.05.20,DF
2018,2,古川 大悟,ジェフユナイテッド千葉,千葉U-18,1999.09.15,FW
2018,2,長谷川 洸,東京ヴェルディ,日本体育大,1995.05.16,GK
2018,2,藤本 寛也,東京ヴェルディ,東京Ｖユース,1999.07.01,MF
2018,2,福井 光輝,ＦＣ町田ゼルビア,日本体育大,1995.11.04,GK
2018,2,土居 柊太,ＦＣ町田ゼルビア,明治大,1996.02.29,MF
2018,2,立花 歩夢,横浜ＦＣ,流通経済大,1995.11.04,FW
2018,2,荒木 翔,ヴァンフォーレ甲府,国士舘大,1995.08.25,MF
2018,2,太田 修介,ヴァンフォーレ甲府,日本体育大,1996.02.23,FW
2018,2,入間川 景太,ヴァンフォーレ甲府,甲府U-18,1999.05.20,DF
2018,2,今津 佑太,ヴァンフォーレ甲府,流通経済大,1995.07.08,DF
2018,2,下川 陽太,松本山雅ＦＣ,大阪商業大,1995.09.07,DF
2018,2,武藤 友樹,松本山雅ＦＣ,法政大,1995.05.09,DF
2018,2,森本 大貴,松本山雅ＦＣ,関東学院大,1995.09.15,DF
2018,2,渡邊 泰基,アルビレックス新潟,前橋育英高,1999.04.22,DF
2018,2,渡邉 新太,アルビレックス新潟,流通経済大,1995.08.05,FW
2018,2,戸嶋 祥郎,アルビレックス新潟,筑波大,1995.09.26,MF
2018,2,三島 頌平,ＦＣ岐阜,中央大,1995.11.20,MF
2018,2,藤谷 匠,ＦＣ岐阜,神戸学院大,1995.12.06,DF
2018,2,石川 大地,ＦＣ岐阜,桐蔭横浜大,1996.02.22,FW
2018,2,岡本 享也,ＦＣ岐阜,日本大,1995.05.15,GK
2018,2,重廣 卓也,京都サンガF.C.,阪南大,1995.05.05,MF
2018,2,若原 智哉,京都サンガF.C.,京都U-18,1999.12.28,GK
2018,2,武田 拓真,ファジアーノ岡山,東海学園大,1995.10.12,FW
2018,2,松本 健太郎,ファジアーノ岡山,佐賀大,1996.03.14,MF
2018,2,デューク カルロス,ファジアーノ岡山,川崎フロンターレU-18,2000.02.28,MF
2018,2,阿部 海大,ファジアーノ岡山,東福岡高,1999.09.18,DF
2018,2,福元 友哉,ファジアーノ岡山,市立船橋高,1999.07.17,FW
2018,2,渡井 理己,徳島ヴォルティス,静岡学園高,1999.07.18,MF
2018,2,坪井 清志郎,徳島ヴォルティス,富山第一高,2000.02.01,FW
2018,2,竹嶋 裕二,愛媛ＦＣ,千葉U-18,1999.06.11,MF
2018,2,山﨑 浩介,愛媛ＦＣ,明治大,1995.12.30,DF
2018,2,木戸 皓貴,アビスパ福岡,明治大,1995.06.28,FW
2018,2,衛藤 幹弥,ロアッソ熊本,熊本ユース,1999.09.29,DF
2018,2,池谷 友喜,ロアッソ熊本,中央大,1995.06.27,MF
2018,2,坂本 広大,ロアッソ熊本,中京大,1995.09.20,MF
2018,2,濱口 草太,カマタマーレ讃岐,讃岐U-18,1999.05.22,MF
2018,2,島津 頼盛,ツエーゲン金沢,興國高,1999.04.07,MF
2018,2,毛利 駿也,ツエーゲン金沢,順天堂大,1995.04.10,DF
2018,2,山本 義道,ツエーゲン金沢,びわこ成蹊スポーツ大,1995.07.25,DF
2018,2,谷口 遼弥,ツエーゲン金沢,金沢U-18,1999.08.31,FW
2018,2,楠本 卓海,レノファ山口ＦＣ,東京国際大,1995.12.10,DF
2018,2,山下 敬大,レノファ山口ＦＣ,福岡大,1996.03.13,FW
2018,3,小林 智光,ガイナーレ鳥取,山梨学院大,1995.05.30,MF
2018,3,野口 航,ギラヴァンツ北九州,筑波大,1996.01.18,DF
2018,3,佐藤 颯汰,ギラヴァンツ北九州,日章学園高,1999.04.21,FW
2018,3,藤原 奏哉,ギラヴァンツ北九州,阪南大,1995.09.09,MF
2018,3,堂安 憂,ＡＣ長野パルセイロ,びわこ成蹊スポーツ大,1995.12.14,MF
2018,3,竹下 玲王,ＡＣ長野パルセイロ,関西大,1995.10.04,FW
2018,3,大塚 翔,ＦＣ琉球,関西学院大,1995.07.25,MF
2018,3,徳元 悠平,ＦＣ琉球,城西国際大,1995.09.12,DF
2018,3,キム ソンスン,ＦＣ琉球,朝鮮大,1995.12.31,MF
2018,3,宮内 雄希,ＦＣ琉球,流通経済大,1995.10.27,DF
2018,3,柳 雄太郎,横浜スポーツ&カルチャークラブ,明海大,1995.09.18,MF
2018,3,進 昂平,横浜スポーツ&カルチャークラブ,東京国際大,1995.06.04,FW
2018,3,古島 圭人,横浜スポーツ&カルチャークラブ,東京国際大,1995.09.05,GK
2018,3,佐藤 祐太,横浜スポーツ&カルチャークラブ,専修大,1995.05.13,MF
2018,3,三沢 直人,横浜スポーツ&カルチャークラブ,専修大,1995.07.07,MF
2018,3,尾身 俊哉,横浜スポーツ&カルチャークラブ,専修大,1995.10.10,DF
2018,3,浅川 隼人,横浜スポーツ&カルチャークラブ,桐蔭横浜大,1995.05.10,FW
2018,3,谷口 海斗,グルージャ盛岡,岐阜経済大,1995.09.07,FW
2018,3,太田 賢吾,グルージャ盛岡,大阪体育大,1995.11.16,DF
2018,3,池田 昌生,福島ユナイテッドＦＣ,東山高,1999.07.08,FW
2018,3,川上 翔平,福島ユナイテッドＦＣ,東京国際大,1995.05.17,MF
2018,3,輪笠 祐士,福島ユナイテッドＦＣ,日本体育大,1996.02.09,MF
2018,3,寺前 光太,福島ユナイテッドＦＣ,神奈川大,1995.07.09,DF
2018,3,古川 雅人,ＳＣ相模原,東京国際大,1995.09.23,DF
2018,3,田中 雄大,ＳＣ相模原,桐蔭横浜大,1995.11.17,GK
2018,3,中島 拓真,アスルクラロ沼津,東京農業大,1995.04.03,DF
2018,3,熱川 徳政,アスルクラロ沼津,駒澤大,1995.05.31,DF
2018,3,渥美 瑛亮,アスルクラロ沼津,中央大,1995.12.01,MF
2019,1,檀崎 竜孔,北海道コンサドーレ札幌,青森山田高,2000.05.31,MF
2019,1,中村 桐耶,北海道コンサドーレ札幌,札幌U-18,2000.07.23,DF
2019,1,田中 渉,ベガルタ仙台,桐生第一高,2000.09.23,MF
2019,1,照山 颯人,ベガルタ仙台,成立学園高,2000.08.28,DF
2019,1,名古 新太郎,鹿島アントラーズ,順天堂大,1996.04.17,MF
2019,1,関川 郁万,鹿島アントラーズ,流通経済大柏高,2000.09.13,DF
2019,1,佐々木 翔悟,鹿島アントラーズ,鹿島ユース,2000.07.25,DF
2019,1,有馬 幸太郎,鹿島アントラーズ,鹿島ユース,2000.09.03,MF
2019,1,岩武 克弥,浦和レッズ,明治大,1996.06.04,DF
2019,1,池髙 暢希,浦和レッズ,浦和ユース,2000.04.05,MF
2019,1,石井 僚,浦和レッズ,浦和ユース,2000.07.11,GK
2019,1,大城 螢,浦和レッズ,浦和ユース,2000.09.16,DF
2019,1,渡辺 剛,ＦＣ東京,中央大,1997.02.05,DF
2019,1,中村 拓海,ＦＣ東京,東福岡高,2001.03.16,DF
2019,1,宮代 大聖,川崎フロンターレ,川崎ＦU-18（2018プロ契約）,2000.05.26,FW
2019,1,原田 虹輝,川崎フロンターレ,昌平高,2000.08.06,MF
2019,1,椿 直起,横浜Ｆ・マリノス,横浜FMユース,2000.06.23,MF
2019,1,山谷 侑士,横浜Ｆ・マリノス,横浜FMユース,2000.06.11,FW
2019,1,大橋 祐紀,湘南ベルマーレ,中央大,1996.07.27,FW
2019,1,福島 隼斗,湘南ベルマーレ,大津高,2000.04.26,DF
2019,1,鈴木 冬一,湘南ベルマーレ,長崎総合科学大学附属高,2000.05.30,MF
2019,1,柴田 壮介,湘南ベルマーレ,湘南U-18,2001.05.26,MF
2019,1,山本 龍平,松本山雅ＦＣ,四日市中央工高,2000.07.16,DF
2019,1,大野 佑哉,松本山雅ＦＣ,阪南大,1996.08.17,DF
2019,1,榎本 樹,松本山雅ＦＣ,前橋育英高,2000.06.04,FW
2019,1,西澤 健太,清水エスパルス,筑波大,1996.09.06,MF
2019,1,梅田 透吾,清水エスパルス,清水ユース,2000.07.23,GK
2019,1,相馬 勇紀,名古屋グランパス,早稲田大,1997.02.25,MF
2019,1,渡邉 柊斗,名古屋グランパス,東海学園大,1997.01.28,MF
2019,1,榎本 大輝,名古屋グランパス,東海学園大,1996.06.21,FW
2019,1,成瀬 竣平,名古屋グランパス,名古屋U-18,2001.01.17,MF
2019,1,菅原 由勢,名古屋グランパス,名古屋U-18（2018プロ契約）,2000.06.28,MF
2019,1,藤井 陽也,名古屋グランパス,名古屋U-18,2000.12.26,DF
2019,1,松岡 ジョナタン,名古屋グランパス,名古屋U-18(昇格後即相模原へ期限付き移籍),2000.05.27,FW
2019,1,高尾 瑠,ガンバ大阪,関西学院大,1996.11.09,DF
2019,1,奥野 耕平,ガンバ大阪,Ｇ大阪ユース,2000.04.03,MF
2019,1,喜田 陽,セレッソ大阪,Ｃ大阪U-18（2018プロ契約）,2000.07.04,MF
2019,1,瀬古 歩夢,セレッソ大阪,Ｃ大阪U-18（2018プロ契約）,2000.06.07,DF
2019,1,伊藤 元太,ヴィッセル神戸,松山工業高,2000.07.02,GK
2019,1,小林 友希,ヴィッセル神戸,神戸U-18,2000.07.18,DF
2019,1,荒木 隼人,サンフレッチェ広島,関西大,1996.08.07,DF
2019,1,松本 大弥,サンフレッチェ広島,広島ユース（2018プロ契約）,2000.08.10,MF
2019,1,東 俊希,サンフレッチェ広島,広島ユース（2018プロ契約）,2000.07.28,MF
2019,1,石井 快征,サガン鳥栖,鳥栖U-18,2000.04.02,FW
2019,1,樋口 雄太,サガン鳥栖,鹿屋体育大,1996.10.30,MF
2019,1,長谷川 雄志,大分トリニータ,宮崎産業経営大,1996.12.06,MF
2019,1,高畑 奎汰,大分トリニータ,大分U-18,2000.09.16,MF
2019,1,小島 亨介,大分トリニータ,早稲田大,1997.01.30,GK
2019,2,坂元 達裕,モンテディオ山形,東洋大,1996.10.22,MF
2019,2,末吉 塁,モンテディオ山形,大阪体育大,1996.07.26,MF
2019,2,大友 竜輔,モンテディオ山形,山形ユース,2000.05.24,GK
2019,2,浅野 雄也,水戸ホーリーホック,大阪体育大,1997.02.17,MF
2019,2,村田 航一,水戸ホーリーホック,明治大,1996.09.06,FW
2019,2,平塚 悠知,水戸ホーリーホック,札幌大,1996.04.13,MF
2019,2,黒崎 隼人,栃木ＳＣ,法政大,1996.09.05,DF
2019,2,小野 雅史,大宮アルディージャ,明治大,1996.08.09,MF
2019,2,吉永 昇偉,大宮アルディージャ,大宮ユース,2000.04.18,FW
2019,2,相澤 ピーターコアミ,ジェフユナイテッド千葉,日本文理高,2001.01.20,GK
2019,2,上島 拓巳,柏レイソル,中央大,1997.02.05,DF
2019,2,杉井 颯,柏レイソル,柏U-18,2000.05.17,DF
2019,2,山田 雄士,柏レイソル,柏U-18,2000.05.17,MF
2019,2,安在 達弥,東京ヴェルディ,中央大,1996.05.09,DF
2019,2,森田 晃樹,東京ヴェルディ,東京Ｖユース,2000.08.08,MF
2019,2,山本 理仁,東京ヴェルディ,東京Ｖユース,2001.12.12,MF
2019,2,岡田 優希,ＦＣ町田ゼルビア,早稲田大,1996.05.13,FW
2019,2,橋村 龍ジョセフ,ＦＣ町田ゼルビア,町田ユース,2000.08.23,FW
2019,2,佐野 海舟,ＦＣ町田ゼルビア,米子北高,2000.12.30,MF
2019,2,袴田 裕太郎,横浜ＦＣ,明治大,1996.06.24,DF
2019,2,大内 一生,横浜ＦＣ,横浜FCユース,2000.09.08,GK
2019,2,安永 玲央,横浜ＦＣ,横浜FCユース,2000.11.19,MF
2019,2,草野 侑己,横浜ＦＣ,阪南大,1996.07.21,FW
2019,2,中山 克広,横浜ＦＣ,専修大,1996.07.17,MF
2019,2,小林 岩魚,ヴァンフォーレ甲府,専修大,1996.10.17,MF
2019,2,中山 陸,ヴァンフォーレ甲府,東海大相模高,2001.01.22,MF
2019,2,宮崎 純真,ヴァンフォーレ甲府,山梨学院高,2000.04.10,FW
2019,2,藤田 和輝,アルビレックス新潟,新潟U-18,2001.02.19,GK
2019,2,岡本 將成,アルビレックス新潟,新潟U-18,2000.04.07,DF
2019,2,本間 至恩,アルビレックス新潟,新潟U-18,2000.08.09,MF
2019,2,秋山 裕紀,アルビレックス新潟,前橋育英高,2000.12.09,MF
2019,2,新井 直人,アルビレックス新潟,新潟経営大,1996.10.07,DF
2019,2,村田 透馬,ＦＣ岐阜,興國高,2000.07.22,FW
2019,2,会津 雄生,ＦＣ岐阜,筑波大,1996.08.01,MF
2019,2,粟飯原 尚平,ＦＣ岐阜,近畿大,1996.05.26,FW
2019,2,柳澤 亘,ＦＣ岐阜,順天堂大,1996.06.28,DF
2019,2,長倉 颯,ＦＣ岐阜,法政大,1996.04.29,MF
2019,2,冨田 康平,京都サンガF.C.,早稲田大,1996.06.09,DF
2019,2,中野 克哉,京都サンガF.C.,関西学院大,1996.09.13,MF
2019,2,江川 慶城,京都サンガF.C.,京都U-18,2000.04.02,DF
2019,2,上月 壮一郎,京都サンガF.C.,京都U-18,2000.12.22,MF
2019,2,服部 航平,京都サンガF.C.,京都U-18,2000.08.22,FW
2019,2,福岡 慎平,京都サンガF.C.,京都U-18,2000.06.27,MF
2019,2,上夷 克典,京都サンガF.C.,明治大,1996.04.05,DF
2019,2,松木 駿之介,ファジアーノ岡山,慶應義塾大,1996.10.24,FW
2019,2,鈴木 徳真,徳島ヴォルティス,筑波大,1997.03.12,MF
2019,2,鈴木 大誠,徳島ヴォルティス,筑波大,1996.05.28,DF
2019,2,久米 航太郎,徳島ヴォルティス,徳島ユース,2000.05.29,DF
2019,2,藤原 志龍,徳島ヴォルティス,徳島ユース,2000.09.05,MF
2019,2,中川 裕仁,愛媛ＦＣ,興國高,2000.05.25,FW
2019,2,岩井 柊弥,愛媛ＦＣ,愛媛U-18,2000.10.11,MF
2019,2,渡邊 創太,愛媛ＦＣ,愛媛U-18,2000.08.25,MF
2019,2,清川 流石,愛媛ＦＣ,びわこ成蹊スポーツ大,1996.07.20,MF
2019,2,桑原 海人,アビスパ福岡,福岡U-18,2000.10.05,DF
2019,2,北島 祐二,アビスパ福岡,福岡U-18,2000.08.04,MF
2019,2,鹿山 拓真,Ｖ・ファーレン長崎,東海学園大,1996.05.26,DF
2019,2,江川 湧清,Ｖ・ファーレン長崎,長崎U-18,2000.10.24,DF
2019,2,花房 稔,ＦＣ琉球,国士舘大,1996.07.30,DF
2019,2,小泉 佳穂,ＦＣ琉球,青山学院大,1996.10.05,MF
2019,2,内藤 健太,ＦＣ琉球,中央大,1996.05.15,DF
2019,2,儀保 幸英,ＦＣ琉球,沖縄国際大,1996.04.02,FW
2019,2,猪瀬 康介,ＦＣ琉球,流通経済大学付属柏高,2000.12.25,GK
2019,2,井口 綾人,ＦＣ琉球,琉球U-18,2001.01.21,FW
2019,2,与那城 智希,ＦＣ琉球,琉球U-18,2001.01.25,FW
2019,2,國場 虎次朗,ＦＣ琉球,琉球U-18,2000.09.22,FW
2019,2,大石 竜平,ツエーゲン金沢,国士舘大,1997.01.21,FW
2019,2,窪田 稜,ツエーゲン金沢,成立学園高,2001.01.05,FW
2019,2,石尾 崚雅,ツエーゲン金沢,Ｃ大阪U-18,2000.05.18,DF
2019,2,小野原 和哉,レノファ山口ＦＣ,流通経済大,1996.04.19,DF
2019,2,起 海斗,レノファ山口ＦＣ,興國高,2000.11.14,DF
2019,2,菊池 流帆,レノファ山口ＦＣ,大阪体育大,1996.12.09,DF
2019,2,野嶽 寛也,鹿児島ユナイテッドＦＣ,鹿児島U-18,2000.12.03,MF
2019,3,鈴木 順也,ザスパクサツ群馬,立正大,1996.05.02,MF
2019,3,岡村 大八,ザスパクサツ群馬,立正大,1997.02.15,DF
2019,3,髙澤 優也,ザスパクサツ群馬,流通経済大,1997.02.19,FW
2019,3,飯野 七聖,ザスパクサツ群馬,国士館大,1996.10.02,DF
2019,3,吉田 舜,ザスパクサツ群馬,法政大,1996.11.28,GK
2019,3,吉田 将也,ザスパクサツ群馬,東京農業大,1996.10.10,DF
2019,3,大谷 駿斗,カターレ富山,金沢学院大,1997.01.17,FW
2019,3,戸根 一誓,カターレ富山,東海学園大,1996.05.22,DF
2019,3,齋藤 和希,カターレ富山,大阪学院大,1996.07.26,GK
2019,3,新井 博人,ギラヴァンツ北九州,明治学院大,1996.06.22,DF
2019,3,河野 貴志,ギラヴァンツ北九州,関西大,1996.06.17,DF
2019,3,ディサロ 燦シルヴァーノ,ギラヴァンツ北九州,法政大,1996.04.02,FW
2019,3,新垣 貴之,ギラヴァンツ北九州,流通経済大,1996.08.12,MF
2019,3,田中 悠也,ギラヴァンツ北九州,市立船橋高,2000.05.10,GK
2019,3,打越 大樹,ギラヴァンツ北九州,桐蔭横浜大,1996.05.12,DF
2019,3,後藤 大輝,ギラヴァンツ北九州,明治大,1996.06.14,GK
2019,3,酒井 崇一,ロアッソ熊本,東海大熊本,1996.05.13,DF
2019,3,北村 知也,ロアッソ熊本,宮崎産業経営大,1996.09.15,FW
2019,3,中原 輝,ロアッソ熊本,駒澤大,1996.07.08,MF
2019,3,小笠原 佳祐,ロアッソ熊本,筑波大,1996.06.07,DF
2019,3,リュウ ヌグラハ,ＡＣ長野パルセイロ,上田千曲高,2000.04.06,GK
2019,3,大城 佑斗,ＡＣ長野パルセイロ,中京大,1996.10.19,FW
2019,3,立川 小太郎,ＡＣ長野パルセイロ,大阪体育大,1997.01.04,GK
2019,3,渡部 大樹,ブラウブリッツ秋田,大阪産業大,1996.02.16,MF
2019,3,小池 大喜,ブラウブリッツ秋田,東洋大,1996.12.08,GK
2019,3,植村 友哉,横浜スポーツ&カルチャークラブ,Y.S.C.C.ユース,2000.05.19,MF
2019,3,澤田 健太,カマタマーレ讃岐,讃岐U-18,2000.07.26,MF
2019,3,中村 亮,カマタマーレ讃岐,阪南大,1996.12.31,MF
2019,3,渡辺 悠雅,カマタマーレ讃岐,明治大,1996.05.15,MF
2019,3,鈴木 翔太,藤枝ＭＹＦＣ,東京学芸大,1996.11.21,DF
2019,3,松村 航希,藤枝ＭＹＦＣ,大阪教育大,1996.05.24,DF
2019,3,原田 大雅,藤枝ＭＹＦＣ,静岡産業大,1996.10.18,DF
2019,3,金子 優希,ヴァンラーレ八戸,仙台大,1996.04.21,GK
2019,3,清水 敦貴,グルージャ盛岡,盛岡ユース,2000.07.10,MF
2019,3,平川 元樹,グルージャ盛岡,日本体育大,1996.07.08,FW
2019,3,河西 真,福島ユナイテッドＦＣ,産業能率大,1996.06.21,DF
2019,3,石渡 旭,福島ユナイテッドＦＣ,神奈川大,1996.04.08,DF
2019,3,吉永 大志,福島ユナイテッドＦＣ,日本大,1996.10.14,MF
2019,3,諸岡 裕人,福島ユナイテッドＦＣ,国士舘大,1997.01.04,MF
2019,3,雪江 悠人,福島ユナイテッドＦＣ,立正大,1996.06.09,FW
2019,3,小田島 怜,ＳＣ相模原,桐蔭横浜大,1996.06.10,DF
2019,3,三浦 基瑛,ＳＣ相模原,拓殖大,1996.05.28,GK
2019,3,上米良 柊人,ＳＣ相模原,新潟医療福祉大,1996.07.02,MF
2019,3,濱 託巳,アスルクラロ沼津,新潟経営大,1996.09.11,MF
2019,3,清水 光,アスルクラロ沼津,富士大,1996.07.19,MF
2019,3,徳永 晃太郎,アスルクラロ沼津,桃山学院大,1996.11.10,MF
2019,3,深井 祐希,アスルクラロ沼津,北海道教育大学岩見沢校,1996.09.06,DF
2019,3,長沢 祐弥,アスルクラロ沼津,明治大,1996.07.01,GK
2019,3,渡邉 りょう,アスルクラロ沼津,産業能率大,1996.10.25,FW
2019,3,佐藤 尚輝,アスルクラロ沼津,産業能率大,1996.07.12,MF
2020,1,田中 駿汰,北海道コンサドーレ札幌,大阪体育大,1997.05.26,DF
2020,1,高嶺 朋樹,北海道コンサドーレ札幌,筑波大,1997.12.29,MF
2020,1,金子 拓郎,北海道コンサドーレ札幌,日本大,1997.07.30,MF
2020,1,小畑 裕馬,ベガルタ仙台,仙台ユース,2001.11.07,GK
2020,1,山田 大樹,鹿島アントラーズ,鹿島ユース,2002.01.08,GK
2020,1,松村 優太,鹿島アントラーズ,静岡学園高,2001.04.13,FW
2020,1,荒木 遼太郎,鹿島アントラーズ,東福岡高,2002.01.29,MF
2020,1,染野 唯月,鹿島アントラーズ,尚志高,2001.09.12,FW
2020,1,武田 英寿,浦和レッズ,青森山田高,2001.09.15,MF
2020,1,井出 敬大,柏レイソル,柏U-18,2001.08.18,DF
2020,1,鵜木 郁哉,柏レイソル,柏U-18,2001.07.04,FW
2020,1,細谷 真大,柏レイソル,柏U-18,2001.09.07,FW
2020,1,松本 健太,柏レイソル,東洋大,1997.05.04,GK
2020,1,中村 帆高,ＦＣ東京,明治大,1997.08.12,DF
2020,1,バングーナガンデ 佳史扶,ＦＣ東京,FC東京U-18,2001.09.24,DF
2020,1,木村 誠二,ＦＣ東京,FC東京U-18,2001.08.24,DF
2020,1,安部 柊斗,ＦＣ東京,明治大,1997.12.05,MF
2020,1,紺野 和也,ＦＣ東京,法政大,1997.07.11,MF
2020,1,野澤 大志ブランドン,ＦＣ東京,FC東京U-18,2002.12.25,GK
2020,1,宮城 天,川崎フロンターレ,川崎FU-18,2001.06.02,FW
2020,1,イサカ ゼイン,川崎フロンターレ,桐蔭横浜大,1997.05.29,MF
2020,1,旗手 怜央,川崎フロンターレ,順天堂大,1997.11.21,FW
2020,1,三笘 薫,川崎フロンターレ,筑波大,1997.05.20,MF
2020,1,神谷 凱士,川崎フロンターレ,東海学園大,1997.06.16,MF
2020,1,池田 航,横浜Ｆ・マリノス,横浜FMユース,2001.07.04,DF
2020,1,松田 詠太郎,横浜Ｆ・マリノス,横浜FMユース,2001.05.20,MF
2020,1,ブラウン ノア 賢信,横浜Ｆ・マリノス,横浜FMユース,2001.05.27,FW
2020,1,オビ パウエル オビンナ,横浜Ｆ・マリノス,流通経済大,1997.12.18,GK
2020,1,古宿 理久,横浜ＦＣ,青森山田高,2001.04.18,MF
2020,1,瀬古 樹,横浜ＦＣ,明治大,1997.12.22,MF
2020,1,星 キョーワァン,横浜ＦＣ,駒澤大,1997.06.25,DF
2020,1,松尾 佑介,横浜ＦＣ,仙台大,1997.07.23,MF
2020,1,畑 大雅,湘南ベルマーレ,市立船橋高,2002.01.20,DF
2020,1,舘 幸希,湘南ベルマーレ,日本大,1997.12.14,DF
2020,1,若月 大和,湘南ベルマーレ,桐生第一高,2002.01.18,FW
2020,1,ノリエガ エリック,清水エスパルス,清水ユース,2001.10.22,MF
2020,1,栗原 イブラヒムジュニア,清水エスパルス,三菱養和SCユース,2001.08.14,FW
2020,1,鈴木 唯人,清水エスパルス,市立船橋高,2001.10.25,FW
2020,1,川本 梨誉,清水エスパルス,清水ユース,2001.06.11,FW
2020,1,吉田 晃,名古屋グランパス,九州国際大学付属高,2001.07.09,DF
2020,1,石田 凌太郎,名古屋グランパス,名古屋U-18,2001.12.13,DF
2020,1,三井 大輝,名古屋グランパス,名古屋U-18,2001.05.27,GK
2020,1,唐山 翔自,ガンバ大阪,Ｇ大阪ユース,2002.09.21,FW
2020,1,川崎 修平,ガンバ大阪,Ｇ大阪ユース,2001.04.28,FW
2020,1,塚元 大,ガンバ大阪,Ｇ大阪ユース,2001.06.23,FW
2020,1,山本 悠樹,ガンバ大阪,関西学院大,1997.11.06,MF
2020,1,黒川 圭介,ガンバ大阪,関西大,1997.04.13,DF
2020,1,西尾 隆矢,セレッソ大阪,Ｃ大阪U-18,2001.05.16,DF
2020,1,吉馴 空矢,セレッソ大阪,Ｃ大阪U-18,2001.06.07,MF
2020,1,松本 凪生,セレッソ大阪,Ｃ大阪U-18,2001.09.04,MF
2020,1,藤尾 翔太,セレッソ大阪,Ｃ大阪U-18,2001.05.02,FW
2020,1,田平 起也,セレッソ大阪,神戸弘陵学園高,2001.05.10,DF
2020,1,西川 潤,セレッソ大阪,桐光学園高,2002.02.21,MF
2020,1,山川 哲史,ヴィッセル神戸,神戸U-18,1997.10.01,DF
2020,1,小田 裕太郎,ヴィッセル神戸,神戸U-18,2001.08.12,FW
2020,1,鮎川 峻,サンフレッチェ広島,広島ユース,2001.09.15,FW
2020,1,土肥 航大,サンフレッチェ広島,広島ユース,2001.04.13,MF
2020,1,林 大地,サガン鳥栖,大阪体育大,1997.05.23,FW
2020,1,森下 龍矢,サガン鳥栖,明治大,1997.04.11,DF
2020,1,板橋 洋青,サガン鳥栖,鳥栖U-18,2001.08.11,GK
2020,1,大畑 歩夢,サガン鳥栖,鳥栖U-18,2001.04.27,DF
2020,1,本田 風智,サガン鳥栖,鳥栖U-18,2001.05.10,MF
2020,1,高橋 祐翔,大分トリニータ,米子北高,2001.09.19,DF
2020,1,羽田 健人,大分トリニータ,関西大,1997.07.07,DF
2020,2,廣岡 睦樹,モンテディオ山形,JFAアカデミー福島,2001.08.16,MF
2020,2,高橋 潤哉,モンテディオ山形,駒澤大,1997.05.28,FW
2020,2,半田 陸,モンテディオ山形,山形ユース,2002.01.01,DF
2020,2,小野寺 健也,モンテディオ山形,明治大,1997.11.18,DF
2020,2,平田 海斗,水戸ホーリーホック,水戸ユース,2001.07.25,MF
2020,2,住吉 ジェラニレショーン,水戸ホーリーホック,国士舘大,1997.10.05,DF
2020,2,松崎 快,水戸ホーリーホック,東洋大,1997.11.22,MF
2020,2,明本 考浩,栃木ＳＣ,国士舘大,1998.01.31,MF
2020,2,森 俊貴,栃木ＳＣ,法政大,1997.08.29,FW
2020,2,池庭 諒耶,栃木ＳＣ,青山学院大,1997.12.17,DF
2020,2,山中 惇希,ザスパクサツ群馬,浦和ユース,2001.05.06,MF
2020,2,川上 優樹,ザスパクサツ群馬,明治大,1997.07.18,DF
2020,2,外山 佳大,ザスパクサツ群馬,立命館大,1997.10.26,GK
2020,2,髙田 颯也,大宮アルディージャ,大宮U18,2001.08.15,FW
2020,2,西村 慧祐,大宮アルディージャ,専修大,1998.02.19,DF
2020,2,本村 武揚,ジェフユナイテッド千葉,流通経済大,1997.06.20,DF
2020,2,見木 友哉,ジェフユナイテッド千葉,関東学院大,1998.03.28,MF
2020,2,櫻川 ソロモン,ジェフユナイテッド千葉,千葉U-18,2001.08.04,FW
2020,2,馬場 晴也,東京ヴェルディ,東京Vユース,2001.10.24,DF
2020,2,松橋 優安,東京ヴェルディ,東京Vユース,2001.10.27,MF
2020,2,石浦 大雅,東京ヴェルディ,東京Vユース,2001.11.22,MF
2020,2,藤田 譲瑠チマ,東京ヴェルディ,東京Vユース,2002.02.16,MF
2020,2,阿野 真拓,東京ヴェルディ,東京Vユース,2003.08.30,MF
2020,2,山下 諒也,東京ヴェルディ,日本体育大,1997.10.19,FW
2020,2,晴山 岬,ＦＣ町田ゼルビア,帝京長岡高,2001.06.30,FW
2020,2,中塩 大貴,ヴァンフォーレ甲府,立正大,1997.06.08,DF
2020,2,中村 亮太朗,ヴァンフォーレ甲府,中央大,1997.09.27,MF
2020,2,山田 真夏斗,松本山雅ＦＣ,立正大淞南高,2001.05.31,MF
2020,2,村越 凱光,松本山雅ＦＣ,飯塚高,2001.10.07,MF
2020,2,三ッ田 啓希,松本山雅ＦＣ,中央大,1997.12.22,DF
2020,2,阿部 航斗,アルビレックス新潟,筑波大,1997.08.01,GK
2020,2,矢村 健,アルビレックス新潟,新潟医療福祉大,1997.06.09,FW
2020,2,三木 直土,ジュビロ磐田,磐田U-18,2001.05.08,FW
2020,2,清田 奈央弥,ジュビロ磐田,磐田U-18,2001.08.25,MF
2020,2,吉長 真優,ジュビロ磐田,成立学園高,2002.03.20,FW
2020,2,川崎 颯太,京都サンガF.C.,京都U-18,2001.07.30,MF
2020,2,山田 楓喜,京都サンガF.C.,京都U-18,2001.07.10,MF
2020,2,谷内田 哲平,京都サンガF.C.,帝京長岡高,2001.11.01,MF
2020,2,山田 恭也,ファジアーノ岡山,岡山U-18,2001.07.29,MF
2020,2,野口 竜彦,ファジアーノ岡山,中央大,1997.11.20,FW
2020,2,吹ケ 徳喜,徳島ヴォルティス,阪南大,1997.07.22,DF
2020,2,森田 凜,徳島ヴォルティス,徳島ユース,2002.02.14,MF
2020,2,奥田 雄大,徳島ヴォルティス,鹿屋体育大,1997.05.01,DF
2020,2,安部 崇士,徳島ヴォルティス,中央大,1997.07.15,DF
2020,2,武田 太一,徳島ヴォルティス,早稲田大,1997.04.22,FW
2020,2,加藤 大智,愛媛ＦＣ,明治大,1997.04.14,GK
2020,2,三原 秀真,愛媛ＦＣ,愛媛U-18,2001.07.16,DF
2020,2,忽那 喬司,愛媛ＦＣ,びわこ成蹊スポーツ大,1997.08.20,MF
2020,2,吉田 晴稀,愛媛ＦＣ,帝京長岡高,2001.04.20,DF
2020,2,東家 聡樹,アビスパ福岡,中京大,1997.04.20,MF
2020,2,永野 雄大,ギラヴァンツ北九州,阪南大,1998.01.22,MF
2020,2,佐藤 喜生,ギラヴァンツ北九州,桐蔭横浜大,1997.11.06,DF
2020,2,佐藤 亮,ギラヴァンツ北九州,明治大,1997.11.24,FW
2020,2,氣田 亮真,Ｖ・ファーレン長崎,専修大,1997.08.12,MF
2020,2,毎熊 晟矢,Ｖ・ファーレン長崎,桃山学院大,1997.10.16,FW
2020,2,植中 朝日,Ｖ・ファーレン長崎,JFAアカデミー福島U18,2001.11.01,FW
2020,2,加藤 聖,Ｖ・ファーレン長崎,JFAアカデミー福島U18,2001.09.16,DF
2020,2,知念 哲矢,ＦＣ琉球,近畿大,1997.11.08,DF
2020,2,人見 拓哉,ＦＣ琉球,立正大,1997.12.18,FW
2020,2,池田 廉,ＦＣ琉球,拓殖大,1997.11.10,MF
2020,2,加藤 陸次樹,ツエーゲン金沢,中央大,1997.08.06,FW
2020,2,西田 恵,ツエーゲン金沢,大阪体育大,1998.01.10,MF
2020,2,本塚 聖也,ツエーゲン金沢,金沢星稜大,1997.05.20,MF
2020,2,上田 樹,ツエーゲン金沢,金沢U-18,2001.06.28,GK
2020,2,高安 孝幸,ツエーゲン金沢,興國高,2001.09.25,DF
2020,2,田路 耀介,ツエーゲン金沢,興國高,2001.04.08,MF
2020,2,浮田 健誠,レノファ山口ＦＣ,順天堂大,1997.06.12,FW
2020,2,国本 玲央,レノファ山口ＦＣ,暁星国際高,2001.09.01,DF
2020,2,伊東 稜晟,レノファ山口ＦＣ,山口U-18,2001.04.26,DF
2020,2,眞鍋 旭輝,レノファ山口ＦＣ,桐蔭横浜大,1997.10.17,DF
2020,3,松澤 彰,カターレ富山,法政大,1997.09.18,FW
2020,3,末木 裕也,カターレ富山,法政大,1997.05.16,MF
2020,3,大西 遼太郎,ＦＣ岐阜,法政大,1997.11.24,MF
2020,3,新井 泰貴,ガイナーレ鳥取,産業能率大,1997.06.19,MF
2020,3,田口 裕也,ガイナーレ鳥取,四日市中央工業高,2001.04.08,FW
2020,3,坂本 敬,ガイナーレ鳥取,鳥取U-18,2001.07.05,DF
2020,3,糸原 紘史郎,ガイナーレ鳥取,びわこ成蹊スポーツ大,1998.02.25,GK
2020,3,安藤 一哉,ガイナーレ鳥取,東京農業大,1997.07.15,DF
2020,3,大久保 優,ガイナーレ鳥取,関西大,1997.05.17,FW
2020,3,河原 創,ロアッソ熊本,福岡大,1998.03.13,MF
2020,3,菅田 真啓,ロアッソ熊本,福岡大,1997.06.28,DF
2020,3,竹本 雄飛,ロアッソ熊本,立命館大,1997.08.19,MF
2020,3,小島 圭巽,ロアッソ熊本,熊本ユース,2001.06.21,FW
2020,3,田尻 康晴,ロアッソ熊本,熊本ユース,2001.06.27,MF
2020,3,樋口 叶,ロアッソ熊本,熊本ユース,2001.04.23,MF
2020,3,高橋 利樹,ロアッソ熊本,国士舘大,1998.01.20,FW
2020,3,喜岡 佳太,ＡＣ長野パルセイロ,新潟医療福祉大,1997.10.05,DF
2020,3,坪川 潤之,ＡＣ長野パルセイロ,東洋大,1997.05.15,MF
2020,3,牧野 寛太,ＡＣ長野パルセイロ,関西大,1997.06.02,MF
2020,3,藤森 亮志,ＡＣ長野パルセイロ,立正大,1997.04.11,MF
2020,3,吉田 伊吹,ＡＣ長野パルセイロ,産業能率大,1997.11.01,FW
2020,3,大桃 海斗,ＡＣ長野パルセイロ,早稲田大,1997.10.28,DF
2020,3,小西 陽向,ＡＣ長野パルセイロ,長野U-18,2001.12.21,FW
2020,3,下澤 悠太,ブラウブリッツ秋田,法政大,1997.09.04,MF
2020,3,井上 直輝,ブラウブリッツ秋田,びわこ成蹊スポーツ大,1997.08.05,FW
2020,3,饗庭 瑞生,ブラウブリッツ秋田,福岡大,1997.05.03,DF
2020,3,船橋 勇真,横浜スポーツ&カルチャークラブ,江戸川大,1997.11.13,DF
2020,3,オニエ オゴチュクウ プロミス,横浜スポーツ&カルチャークラブ,高知中央高,2002.03.13,FW
2020,3,ピーダーセン 世穏,横浜スポーツ&カルチャークラブ,慶應義塾大学,1997.12.12,FW
2020,3,薩川 淳貴,カマタマーレ讃岐,関東学院大,1997.08.12,FW
2020,3,川﨑 一輝,カマタマーレ讃岐,大阪経済大,1997.11.08,FW
2020,3,栗田 マーク アジェイ,カマタマーレ讃岐,静岡産業大,1997.03.07,FW
2020,3,岩本 和希,カマタマーレ讃岐,関西学院大,1997.04.07,MF
2020,3,下川 太陽,カマタマーレ讃岐,Ｃ大阪U-18,2002.03.07,MF
2020,3,小松 拓幹,カマタマーレ讃岐,立命館大,1997.04.09,DF
2020,3,松本 直也,カマタマーレ讃岐,東海学園大,1997.09.30,MF
2020,3,神谷 椋士,カマタマーレ讃岐,東海学園大,1997.06.16,FW
2020,3,長谷川 隼,カマタマーレ讃岐,阪南大,1997.09.14,DF
2020,3,横山 暁之,藤枝ＭＹＦＣ,北陸大,1997.03.26,MF
2020,3,稲積 大介,藤枝ＭＹＦＣ,日本体育大,1997.05.08,DF
2020,3,河上 将平,藤枝ＭＹＦＣ,専修大,1997.10.26,MF
2020,3,李 到炯,ＦＣ今治,東海大学付属福岡高,2001.10.15,GK
2020,3,近藤 高虎,ＦＣ今治,流通経済大,1997.09.28,DF
2020,3,石ケ森 荘真,ヴァンラーレ八戸,八戸U-18,2001.07.01,MF
2020,3,丸岡 悟,ヴァンラーレ八戸,近畿大,1997.12.06,MF
2020,3,色摩 雄貴,いわてグルージャ盛岡,東京学芸大,1997.10.01,FW
2020,3,原山 海里,いわてグルージャ盛岡,東京学芸大,1997.11.01,MF
2020,3,青山 景昌,福島ユナイテッドＦＣ,びわこ成蹊スポーツ大,1996.10.14,FW
2020,3,前田 椋介,福島ユナイテッドＦＣ,宮崎産業経営大,1998.03.02,MF
2020,3,鎌田 大夢,福島ユナイテッドＦＣ,昌平高,2001.06.23,MF
2020,3,橋本 陸,福島ユナイテッドＦＣ,法政大,1998.02.11,DF
2020,3,吉田 朋恭,福島ユナイテッドＦＣ,産業能率大,1997.09.24,DF
2020,3,賀澤 陽友,福島ユナイテッドＦＣ,市立船橋高,2001.04.18,FW
2020,3,鹿沼 直生,ＳＣ相模原,専修大,1997.12.07,MF
2020,3,上野 賢人,ＳＣ相模原,東京国際大,1997.04.03,MF
2020,3,中村 龍雅,ＳＣ相模原,相模原U-18,2001.07.24,MF
2020,3,白井 達也,ＳＣ相模原,神奈川大,1997.04.25,DF
2020,3,中村 健人,鹿児島ユナイテッドＦＣ,明治大,1997.09.01,MF
2020,3,神野 亮太,鹿児島ユナイテッドＦＣ,鹿児島U-18,2001.09.25,MF
2020,3,鈴木 厚太,アスルクラロ沼津,専修大,1997.05.02,FW
2020,3,井上 航希,アスルクラロ沼津,京都U-18,2001.06.20,DF
2020,3,大迫 暁,アスルクラロ沼津,日本体育大,1997.11.26,DF
2020,3,今村 優介,アスルクラロ沼津,関東学院大,1997.12.27,FW
2020,3,森 夢真,アスルクラロ沼津,四日市中央工高,2001.07.02,MF
2021,1,中島 大嘉,北海道コンサドーレ札幌,国見高,2002.06.08,FW
2021,1,中野 小次郎,北海道コンサドーレ札幌,法政大,1999.03.05,GK
2021,1,小柏 剛,北海道コンサドーレ札幌,明治大,1998.07.09,FW
2021,1,アピアタウィア 久,ベガルタ仙台,流通経済大,1998.10.18,DF
2021,1,真瀬 拓海,ベガルタ仙台,阪南大,1998.05.03,DF
2021,1,加藤 千尋,ベガルタ仙台,流通経済大,1998.12.12,MF
2021,1,井岡 海都,ベガルタ仙台,仙台大,1998.04.27,GK
2021,1,舩橋 佑,鹿島アントラーズ,鹿島ユース,2002.07.12,MF
2021,1,小川 優介,鹿島アントラーズ,昌平高,2002.04.14,MF
2021,1,須藤 直輝,鹿島アントラーズ,昌平高,2002.10.01,MF
2021,1,常本 佳吾,鹿島アントラーズ,明治大,1998.10.21,DF
2021,1,早川 友基,鹿島アントラーズ,明治大,1999.03.03,GK
2021,1,林 尚輝,鹿島アントラーズ,大阪体育大,1998.06.09,MF
2021,1,福島 竜弥,浦和レッズ,浦和ユース,2002.06.08,DF
2021,1,藤原 優大,浦和レッズ,青森山田高,2002.06.29,DF
2021,1,大久保 智明,浦和レッズ,中央大,1998.07.23,MF
2021,1,伊藤 敦樹,浦和レッズ,流通経済大,1998.08.11,MF
2021,1,大森 理生,ＦＣ東京,FC東京U-18,2002.07.21,DF
2021,1,蓮川 壮大,ＦＣ東京,明治大,1998.06.27,DF
2021,1,田邉 秀斗,川崎フロンターレ,静岡学園高,2002.05.05,DF
2021,1,橘田 健人,川崎フロンターレ,桐蔭横浜大,1998.05.29,MF
2021,1,植田 啓太,横浜Ｆ・マリノス,横浜FMユース,2002.09.03,MF
2021,1,寺門 陸,横浜Ｆ・マリノス,横浜FMユース,2002.11.23,GK
2021,1,樺山 諒乃介,横浜Ｆ・マリノス,興國高,2002.09.17,FW
2021,1,平井 駿助,横浜Ｆ・マリノス,興國高,2002.09.07,DF
2021,1,田川 知樹,横浜Ｆ・マリノス,興國高,2002.09.18,GK
2021,1,南 拓都,横浜Ｆ・マリノス,興國高,2002.05.09,MF
2021,1,ンダウ ターラ,横浜Ｆ・マリノス,新潟医療福祉大,1999.02.23,FW
2021,1,高木 友也,横浜ＦＣ,法政大,1998.05.23,DF
2021,1,田中 聡,湘南ベルマーレ,湘南U-18,2002.08.13,MF
2021,1,平岡 大陽,湘南ベルマーレ,履正社高,2002.09.14,MF
2021,1,平松 昇,湘南ベルマーレ,立正大,1998.11.26,MF
2021,1,成岡 輝瑠,清水エスパルス,清水ユース,2002.07.28,MF
2021,1,児玉 駿斗,名古屋グランパス,東海学園大,1998.12.03,MF
2021,1,東 ジョン,名古屋グランパス,名古屋U-18,2002.05.02,GK
2021,1,佐藤 瑶大,ガンバ大阪,明治大,1998.09.10,DF
2021,1,櫻井 辰徳,ヴィッセル神戸,前橋育英高,2002.07.26,MF
2021,1,藤井 智也,サンフレッチェ広島,立命館大,1998.12.04,MF
2021,1,西野 太陽,徳島ヴォルティス,京都橘高,2002.08.10,FW
2021,1,後東 尚輝,徳島ヴォルティス,徳島ユース,2002.04.26,GK
2021,1,大森 博,徳島ヴォルティス,修徳高,2002.09.10,MF
2021,1,鈴木 輪太朗イブラヒーム,徳島ヴォルティス,日大藤沢高,2003.01.31,FW
2021,1,森山 公弥,アビスパ福岡,福岡U-18,2002.04.04,DF
2021,1,兒玉 澪王斗,サガン鳥栖,鳥栖U-18,2002.04.24,FW
2021,1,相良 竜之介,サガン鳥栖,鳥栖U-18,2002.08.17,MF
2021,1,松本 大輔,サガン鳥栖,中央大,1998.09.10,DF
2021,1,今掛 航貴,サガン鳥栖,中央大,1999.02.17,DF
2021,1,弓場 将輝,大分トリニータ,大分U-18,2002.05.13,MF
2021,1,井上 健太,大分トリニータ,福岡大,1998.07.23,MF
2021,1,藤本 一輝,大分トリニータ,鹿屋体育大,1998.07.29,FW
2021,1,西川 幸之介,大分トリニータ,藤枝東高,2002.09.11,GK
2021,2,阿部 要門,モンテディオ山形,尚志高,2002.04.03,FW
2021,2,松本 幹太,モンテディオ山形,桐蔭横浜大,1998.07.16,FW
2021,2,田辺 陽太,水戸ホーリーホック,水戸ユース,2002.05.15,DF
2021,2,三國 スティビアエブス,水戸ホーリーホック,順天堂大,1998.05.31,DF
2021,2,山田 奈央,水戸ホーリーホック,浦和ユース,2002.11.18,DF
2021,2,大崎 航詩,水戸ホーリーホック,大阪体育大,1998.06.30,MF
2021,2,柳町 魁耀,水戸ホーリーホック,鹿島ユース,2002.05.07,MF
2021,2,小堀 空,栃木ＳＣ,栃木SCU-18,2002.12.17,FW
2021,2,松岡 瑠夢,栃木ＳＣ,慶應義塾大,1998.07.22,FW
2021,2,面矢 行斗,栃木ＳＣ,東海大,1998.08.29,DF
2021,2,中田 湧大,ザスパクサツ群馬,香里ヌヴェール学院高,2003.01.21,MF
2021,2,高橋 勇利也,ザスパクサツ群馬,神奈川大,1999.03.24,MF
2021,2,山田 晃士,ザスパクサツ群馬,早稲田大,1998.12.31,GK
2021,2,阿部 隼人,ザスパクサツ群馬,早稲田大,1998.06.27,MF
2021,2,一木 立一,ザスパクサツ群馬,東京学芸大,1998.11.24,FW
2021,2,城和 隼颯,ザスパクサツ群馬,法政大,1998.08.25,DF
2021,2,奥村 晃司,ザスパクサツ群馬,拓殖大,1998.07.29,MF
2021,2,大澤 朋也,大宮アルディージャ,大宮U18,2002.09.06,FW
2021,2,柴山 昌也,大宮アルディージャ,大宮U18,2002.07.02,MF
2021,2,松原 颯汰,ジェフユナイテッド千葉,流通経済大学付属柏高,2002.09.30,GK
2021,2,ブワニカ 啓太,ジェフユナイテッド千葉,修徳高,2002.12.16,FW
2021,2,佐古 真礼,東京ヴェルディ,東京Vユース,2002.12.02,DF
2021,2,深澤 大輝,東京ヴェルディ,中央大,1998.08.21,DF
2021,2,佐藤 凌我,東京ヴェルディ,明治大,1999.02.20,FW
2021,2,持井 響太,東京ヴェルディ,明治大,1999.01.20,MF
2021,2,佐藤 久弥,東京ヴェルディ,順天堂大,1998.04.04,GK
2021,2,奈良坂 巧,ＦＣ町田ゼルビア,桐光学園高,2002.07.06,DF
2021,2,青木 義孝,ＦＣ町田ゼルビア,拓殖大,1998.09.02,DF
2021,2,長谷川 元希,ヴァンフォーレ甲府,法政大,1998.12.10,MF
2021,2,関口 正大,ヴァンフォーレ甲府,法政大,1998.04.21,MF
2021,2,須貝 英大,ヴァンフォーレ甲府,明治大,1998.10.27,DF
2021,2,野澤 陸,ヴァンフォーレ甲府,産業能率大,1998.12.07,DF
2021,2,鳥海 芳樹,ヴァンフォーレ甲府,桐蔭横浜大,1998.08.01,MF
2021,2,宮部 大己,松本山雅ＦＣ,法政大,1998.10.16,DF
2021,2,神田 渉馬,松本山雅ＦＣ,松本U-18,2002.07.09,GK
2021,2,稲福 卓,松本山雅ＦＣ,松本U-18,2002.05.02,MF
2021,2,野々村 鷹人,松本山雅ＦＣ,流通経済大,1998.05.13,DF
2021,2,横山 歩夢,松本山雅ＦＣ,東海大高輪台高,2003.03.04,FW
2021,2,小見 洋太,アルビレックス新潟,昌平高,2002.08.11,FW
2021,2,三戸 舜介,アルビレックス新潟,JFAアカデミー福島U-18,2002.09.28,MF
2021,2,遠藤 凌,アルビレックス新潟,桐蔭横浜大,1998.07.06,DF
2021,2,森岡 陸,ジュビロ磐田,法政大,1998.11.20,DF
2021,2,長井 一真,京都サンガF.C.,関西大,1998.11.02,DF
2021,2,中野 桂太,京都サンガF.C.,京都U-18,2002.08.27,MF
2021,2,木村 太哉,ファジアーノ岡山,甲南大,1998.07.08,FW
2021,2,疋田 優人,ファジアーノ岡山,大阪体育大,1998.04.07,MF
2021,2,前田 紘基,ギラヴァンツ北九州,東海学園大,1998.08.25,DF
2021,2,狩土名 禅,ギラヴァンツ北九州,明治大,1998.05.12,FW
2021,2,平山 駿,ギラヴァンツ北九州,法政大,1998.10.06,FW
2021,2,五月田 星矢,Ｖ・ファーレン長崎,長崎U-18,2002.04.18,MF
2021,2,鍬先 祐弥,Ｖ・ファーレン長崎,早稲田大,1998.05.15,MF
2021,2,上原 牧人,ＦＣ琉球,城西国際大,1998.11.20,DF
2021,2,澤田 将,ＦＣ琉球,CEサバデル,2003.04.12,MF
2021,2,山下 令雄,ＦＣ琉球,近畿大,1998.05.19,DF
2021,2,村瀬 悠介,ＦＣ琉球,大阪教育大,1998.04.09,DF
2021,2,半田 航也,ブラウブリッツ秋田,札幌大,1998.09.27,FW
2021,2,安田 祐生,ブラウブリッツ秋田,東京学芸大,1998.06.05,GK
2021,2,稲葉 楽,ツエーゲン金沢,藤枝東高,2002.04.27,DF
2021,2,杉浦 力斗,ツエーゲン金沢,興國高,2002.10.22,FW
2021,2,力安 祥伍,ツエーゲン金沢,明治大,1998.08.22,MF
2021,2,片倉 誠也,ツエーゲン金沢,城西大,1998.12.05,DF
2021,2,梅木 翼,レノファ山口ＦＣ,福岡大,1998.11.24,FW
2021,2,神垣 陸,レノファ山口ＦＣ,桐蔭横浜大,1998.07.14,MF
2021,2,新保 海鈴,レノファ山口ＦＣ,Ｃ大阪Ｕ-18,2002.08.16,FW
2021,2,高橋 秀典,レノファ山口ＦＣ,大阪体育大,1998.07.18,DF
2021,3,松岡 大智,カターレ富山,国士舘大,1999.01.23,FW
2021,3,生地 慶充,ＦＣ岐阜,筑波大,1998.04.02,MF
2021,3,小山 新,ＦＣ岐阜,関西大,1998.06.14,DF
2021,3,本石 捺,ＦＣ岐阜,阪南大,1999.02.03,DF
2021,3,松本 歩夢,ＦＣ岐阜,関西大,1998.04.28,MF
2021,3,小山 珠里,ガイナーレ鳥取,東京農業大,1999.01.24,DF
2021,3,石田 侑資,ガイナーレ鳥取,市立船橋高,2002.11.11,DF
2021,3,岩下 航,ロアッソ熊本,桐蔭横浜大,1999.04.01,DF
2021,3,東出 壮太,ロアッソ熊本,北陸大,1998.08.24,MF
2021,3,杉山 直宏,ロアッソ熊本,順天堂大,1998.09.07,MF
2021,3,東野 広太郎,ロアッソ熊本,立命館大,1998.06.10,DF
2021,3,田代 琉我,ロアッソ熊本,国士舘大,1998.08.27,GK
2021,3,坂本 亘基,ロアッソ熊本,明治大,1999.01.19,MF
2021,3,レオナルド ケンタ ホサカ カルロス,ロアッソ熊本,秀岳館高,2002.04.02,DF
2021,3,ターレス プロコピオ カストロ デ パウラ,ロアッソ熊本,秀岳館高,2001.06.29,MF
2021,3,宮原 愛輝,ロアッソ熊本,大津高,2002.04.10,FW
2021,3,住永 翔,ＡＣ長野パルセイロ,明治大,1998.10.06,MF
2021,3,高窪 健人,ＡＣ長野パルセイロ,中央大,1998.07.17,FW
2021,3,ンドカ チャールス,横浜スポーツ&カルチャークラブ,城西大,1998.08.08,FW
2021,3,武下 智哉,カマタマーレ讃岐,讃岐U-18,2002.05.07,DF
2021,3,名良橋 拓真,藤枝ＭＹＦＣ,阪南大,1997.05.19,GK
2021,3,髙瀬 太聖,ＦＣ今治,今治東中等教育学校,2003.02.08,FW
2021,3,松井 治輝,ＦＣ今治,神戸弘陵学園高,2002.04.12,MF
2021,3,安藤 智哉,ＦＣ今治,愛知学院大,1999.01.10,DF
2021,3,相田 勇樹,ヴァンラーレ八戸,札幌大,1998.08.03,MF
2021,3,丹羽 一陽,ヴァンラーレ八戸,新潟経営大,1998.06.25,MF
2021,3,佐々木 快,ヴァンラーレ八戸,新潟医療福祉大,1998.10.20,FW
2021,3,高島 康四郎,ヴァンラーレ八戸,専修大,1998.08.20,GK
2021,3,小林 大智,ヴァンラーレ八戸,桃山学院大,1999.01.07,DF
2021,3,板倉 洸,ヴァンラーレ八戸,東洋大,1998.04.06,DF
2021,3,坪井 一真,ヴァンラーレ八戸,近畿大,1998.12.09,MF
2021,3,タビナス ポール,いわてグルージャ盛岡,青森山田高,2002.07.05,DF
2021,3,山川 廉,いわてグルージャ盛岡,大阪教育大,1998.07.07,FW
2021,3,松山 健太,いわてグルージャ盛岡,桃山学院大,1998.11.17,GK
2021,3,加々美 登生,いわてグルージャ盛岡,桐蔭横浜大,1999.02.15,MF
2021,3,増田 隼司,いわてグルージャ盛岡,近畿大,1998.08.13,MF
2021,3,オタボー ケネス,いわてグルージャ盛岡,高知中央高,2002.05.13,MF
2021,3,柴 圭汰,福島ユナイテッドＦＣ,昌平高,2002.09.12,MF
2021,3,堤 聖司,福島ユナイテッドＦＣ,大分高,2002.08.04,FW
2021,3,延 祐太,福島ユナイテッドＦＣ,立命館大,1998.06.04,FW
2021,3,田中 康介,福島ユナイテッドＦＣ,立命館大,1999.02.01,MF
2021,3,堂鼻 起暉,福島ユナイテッドＦＣ,びわこ成蹊スポーツ大,1998.12.05,MF
2021,3,上畑 佑平士,福島ユナイテッドＦＣ,産業能率大,1998.07.25,MF
2021,3,長野 星輝,福島ユナイテッドＦＣ,東福岡高,2002.05.22,FW
2021,3,濱口 功聖,鹿児島ユナイテッドＦＣ,鹿屋体育大,1998.04.11,DF
2021,3,山本 駿亮,鹿児島ユナイテッドＦＣ,徳山大,1999.03.24,FW
2021,3,木出 雄斗,鹿児島ユナイテッドＦＣ,大阪体育大,1999.02.13,DF
2021,3,石津 快,鹿児島ユナイテッドＦＣ,鹿島ユース,2002.05.13,MF
2021,3,川前 陽斗,アスルクラロ沼津,飯塚高,2002.04.14,DF
2021,3,伊藤 龍生,アスルクラロ沼津,鹿屋体育大,1998.08.20,FW
2021,3,北 龍磨,アスルクラロ沼津,関東学院大,1998.04.16,MF
2021,3,杉本 大雅,アスルクラロ沼津,沼津U18,2003.01.02,FW
2021,3,篠崎 輝和,アスルクラロ沼津,産業能率大,1998.05.13,DF
2021,3,西川 駿一郎,アスルクラロ沼津,京都産業大,1998.08.15,GK
2021,3,鬼島 和希,アスルクラロ沼津,順天堂大,1998.08.29,MF
