year,league_id,team_name,player_name,apps,minutes,goals
2015,1,FC東京,室屋成,0,0,0
2015,1,FC東京,松田陸,9,473,0
2015,1,FC東京,波多野豪,0,0,0
2015,1,仙台,小島雅也,0,0,0
2015,1,仙台,榎本滉大,0,0,0
2015,1,仙台,茂木駿佑,11,717,0
2015,1,仙台,西村拓真,0,0,0
2015,1,名古屋,和泉竜司,0,0,0
2015,1,名古屋,大武峻,7,504,0
2015,1,名古屋,高橋諒,0,0,0
2015,1,山形,高木利弥,20,1410,0
2015,1,川崎Ｆ,三好康児,3,32,0
2015,1,川崎Ｆ,板倉滉,0,0,0
2015,1,川崎Ｆ,車屋紳太郎,30,2030,0
2015,1,川崎Ｆ,長谷川竜也,0,0,0
2015,1,広島,森島司,0,0,0
2015,1,新潟,宮崎幾笑,1,4,0
2015,1,新潟,平松宗,13,616,0
2015,1,新潟,早川史哉,0,0,0
2015,1,新潟,田中達也,13,427,1
2015,1,新潟,端山豪,8,401,1
2015,1,新潟,長谷川巧,0,0,0
2015,1,松本,柴田隆太朗,0,0,0
2015,1,柏,中山雄太,1,22,0
2015,1,柏,大島康樹,1,20,0
2015,1,柏,浮田健誠,0,0,0
2015,1,柏,湯澤聖人,0,0,0
2015,1,柏,滝本晴彦,0,0,0
2015,1,横浜FM,中島賢星,0,0,0
2015,1,横浜FM,仲川輝人,2,26,0
2015,1,横浜FM,和田昌士,0,0,0
2015,1,横浜FM,富樫敬真,4,59,1
2015,1,横浜FM,新井一耀,0,0,0
2015,1,浦和,山田晃士,0,0,0
2015,1,清水,北川航也,7,290,1
2015,1,清水,宮本航汰,0,0,0
2015,1,清水,松原后,7,378,0
2015,1,清水,水谷拓磨,5,280,0
2015,1,湘南,岡﨑亮平,0,0,0
2015,1,湘南,広瀬健太,1,3,0
2015,1,湘南,高野遼,0,0,0
2015,1,甲府,伊東純也,30,1392,4
2015,1,甲府,西山雄介,0,0,0
2015,1,神戸,増山朝陽,9,184,0
2015,1,神戸,小林成豪,0,0,0
2015,1,神戸,山口真司,1,15,0
2015,1,神戸,山川哲史,0,0,0
2015,1,神戸,東隼也,0,0,0
2015,1,神戸,松下佳貴,1,8,0
2015,1,神戸,藤谷壮,5,152,0
2015,1,鳥栖,中島大貴,0,0,0
2015,1,鳥栖,山﨑凌吾,1,1,0
2015,1,鳥栖,永石拓海,0,0,0
2015,1,鳥栖,福田晃斗,3,27,0
2015,1,鳥栖,鎌田大地,21,1093,3
2015,1,鹿島,久保田和音,0,0,0
2015,1,鹿島,大橋尚志,0,0,0
2015,1,鹿島,鈴木優磨,7,108,2
2015,1,Ｇ大阪,堂安律,2,46,0
2015,2,京都,内田恭兵,20,1146,0
2015,2,京都,和田篤紀,9,588,0
2015,2,京都,奥川雅也,5,385,1
2015,2,京都,永島悠史,7,97,0
2015,2,京都,沼大希,0,0,0
2015,2,京都,荻野広大,0,0,0
2015,2,北九州,中山開帆,0,0,0
2015,2,北九州,小谷健悟,3,58,0
2015,2,北九州,弓崎恭平,6,387,0
2015,2,北九州,新井純平,2,167,0
2015,2,千葉,仲村京雅,0,0,0
2015,2,千葉,伊藤槙人,1,10,0
2015,2,千葉,北爪健吾,11,423,0
2015,2,千葉,大野哲煥,0,0,0
2015,2,千葉,河津良一,0,0,0
2015,2,大分,佐藤昂洋,0,0,0
2015,2,大分,吉平翼,4,245,0
2015,2,大分,坂井大将,4,215,0
2015,2,大分,姫野宥弥,2,95,0
2015,2,大分,岩田智輝,0,0,0
2015,2,大分,福森直也,2,132,0
2015,2,大分,鈴木義宜,40,3600,1
2015,2,大宮,川田拳登,0,0,0
2015,2,大宮,藤沼拓夢,0,0,0
2015,2,大宮,黒川淳史,0,0,0
2015,2,岐阜,小川雄大,3,57,0
2015,2,岐阜,小見恵吾,0,0,0
2015,2,岐阜,苅部隆太郎,7,260,0
2015,2,岐阜,鈴木潤,2,114,0
2015,2,岐阜,青木翼,11,654,0
2015,2,徳島,佐々木陽次,15,960,0
2015,2,愛媛,忽那喬司,0,0,0
2015,2,愛媛,近藤貴司,34,1428,6
2015,2,東京Ｖ,三竿健斗,39,3186,0
2015,2,東京Ｖ,中野雅臣,9,251,0
2015,2,東京Ｖ,井上潮音,0,0,0
2015,2,東京Ｖ,大木暁,5,389,0
2015,2,東京Ｖ,長谷川洸,0,0,0
2015,2,栃木,古波津辰希,0,0,0
2015,2,栃木,吉満大介,1,90,0
2015,2,栃木,田上大地,0,0,0
2015,2,横浜FC,楠元秀真,7,579,1
2015,2,水戸,今瀬淳也,16,1188,0
2015,2,水戸,田中雄大,42,3762,1
2015,2,水戸,角口大征,0,0,0
2015,2,水戸,麦倉捺木,0,0,0
2015,2,熊本,一美和成,0,0,0
2015,2,熊本,岡﨑亮平,1,90,0
2015,2,熊本,田上大地,0,0,0
2015,2,熊本,田中達也,10,149,1
2015,2,熊本,米原秀亮,0,0,0
2015,2,熊本,野田裕喜,4,294,0
2015,2,熊本,鈴木翔登,23,1859,0
2015,2,磐田,志村滉,0,0,0
2015,2,磐田,清水貴文,12,128,0
2015,2,磐田,石田崚真,0,0,0
2015,2,福岡,冨安健洋,0,0,0
2015,2,福岡,木本恭生,0,0,0
2015,2,福岡,田村友,18,1607,0
2015,2,福岡,邦本宜裕,4,30,0
2015,2,群馬,小牟田洋佑,17,907,0
2015,2,群馬,川岸祐輔,4,360,0
2015,2,群馬,江坂任,42,3682,13
2015,2,讃岐,森川裕基,6,319,0
2015,2,金沢,星野有亮,17,902,1
2015,2,金沢,深井脩平,0,0,0
2015,2,金沢,玉城峻吾,8,266,0
2015,2,金沢,茂木駿佑,11,705,0
2015,2,長崎,上形洋介,9,548,2
2015,2,長崎,中村慶太,0,0,0
2015,2,長崎,北川滉平,5,124,1
2015,2,長崎,武内大,8,669,0
2015,2,Ｃ大阪,前川大河,1,6,0
2015,2,Ｃ大阪,前川黛也,0,0,0
2015,2,Ｃ大阪,庄司朋乃也,0,0,0
2015,2,Ｃ大阪,池田樹雷人,0,0,0
2015,2,Ｃ大阪,沖野将基,2,44,0
2015,2,Ｃ大阪,温井駿斗,0,0,0
2015,2,Ｃ大阪,米澤令衣,0,0,0
2015,2,Ｃ大阪,西本雅崇,0,0,0
2015,2,Ｃ大阪,阪本将基,1,1,0
2015,3,J-22,三好康児,8,449,1
2015,3,J-22,上原力也,6,327,0
2015,3,J-22,中山雄太,12,901,0
2015,3,J-22,中島賢星,15,692,1
2015,3,J-22,仲村京雅,0,0,0
2015,3,J-22,佐藤昂洋,0,0,0
2015,3,J-22,前川大河,2,91,0
2015,3,J-22,北川航也,4,157,0
2015,3,J-22,坂井大将,8,453,0
2015,3,J-22,大島康樹,12,620,1
2015,3,J-22,大橋尚志,6,499,0
2015,3,J-22,大西勇輝,3,205,0
2015,3,J-22,奥川雅也,4,255,0
2015,3,J-22,姫野宥弥,0,0,0
2015,3,J-22,宮本航汰,4,311,0
2015,3,J-22,小島幹敏,1,22,0
2015,3,J-22,小川諒也,1,70,0
2015,3,J-22,岩元颯オリビエ,12,516,0
2015,3,J-22,平尾壮,9,678,0
2015,3,J-22,斎藤翔太,8,397,0
2015,3,J-22,松原后,3,246,0
2015,3,J-22,板倉滉,2,180,0
2015,3,J-22,水谷拓磨,3,111,0
2015,3,J-22,浦田樹,1,90,0
2015,3,J-22,温井駿斗,0,0,0
2015,3,J-22,石田崚真,5,345,0
2015,3,J-22,米澤令衣,0,0,0
2015,3,J-22,茂木力也,14,978,1
2015,3,J-22,茂木駿佑,1,90,0
2015,3,J-22,西村拓真,14,504,1
2015,3,J-22,進藤亮佑,14,1184,2
2015,3,J-22,邦本宜裕,3,135,0
2015,3,J-22,鈴木優磨,9,662,3
2015,3,J-22,鎌田大地,2,94,0
2015,3,J-22,阪本将基,1,33,0
2015,3,J-22,高山和真,14,975,0
2015,3,J-22,麦倉捺木,5,439,0
2015,3,YS横浜,仲村京雅,14,933,0
2015,3,YS横浜,佐々木雅人,10,298,0
2015,3,YS横浜,宗近慧,31,2770,1
2015,3,YS横浜,泉宗太郎,12,583,0
2015,3,YS横浜,浅沼優瑠,0,0,0
2015,3,YS横浜,郡司健太朗,3,185,0
2015,3,富山,中田大貴,0,0,0
2015,3,富山,中西倫也,26,2038,6
2015,3,富山,萱沼優聖,6,506,1
2015,3,富山,進藤誠司,13,710,2
2015,3,富山,馬渡隼暉,16,954,2
2015,3,山口,原口拓人,19,534,2
2015,3,山口,古澤慶太,0,0,0
2015,3,山口,廣木雄磨,27,1082,0
2015,3,山口,香川勇気,22,1829,0
2015,3,琉球,今野太祐,33,2970,0
2015,3,琉球,富樫佑太,9,181,0
2015,3,琉球,才藤龍治,27,531,3
2015,3,町田,平石直人,0,0,0
2015,3,相模原,成田恭輔,24,1145,4
2015,3,相模原,黒木晃賢,0,0,0
2015,3,福島,星広太,28,1452,1
2015,3,福島,星雄次,35,3109,5
2015,3,福島,齋藤恵太,28,1406,8
2015,3,秋田,斎藤純平,13,88,0
2015,3,秋田,熊谷達也,34,2756,3
2015,3,秋田,米澤令衣,23,1421,5
2015,3,秋田,船川琢之介,2,11,0
2015,3,藤枝,三橋拓也,24,770,0
2015,3,藤枝,中村宏輝,12,772,0
2015,3,藤枝,添田隆司,8,155,0
2015,3,藤枝,田島昇太,5,285,0
2015,3,鳥取,井上黎生人,8,274,0
2015,3,鳥取,宮本龍,26,1118,0
2015,3,鳥取,曽我大地,2,52,0
2015,3,鳥取,林誠道,27,760,1
2015,3,鳥取,橘一輝,0,0,0
2015,3,鳥取,石輪聖人,4,312,0
2015,3,鳥取,秋山貴嗣,36,3109,1
2015,3,鳥取,細田歩夢,0,0,0
2016,1,FC東京,内田宅哉,0,0,0
2016,1,FC東京,品田愛斗,0,0,0
2016,1,FC東京,室屋成,12,1080,0
2016,1,FC東京,小川諒也,18,1614,0
2016,1,FC東京,山田将之,0,0,0
2016,1,FC東京,岡崎慎,0,0,0
2016,1,FC東京,松岡瑠夢,0,0,0
2016,1,FC東京,生地慶充,0,0,0
2016,1,FC東京,矢島輝一,0,0,0
2016,1,FC東京,蓮川壮大,0,0,0
2016,1,FC東京,鈴木喜丈,0,0,0
2016,1,仙台,佐々木匠,2,7,0
2016,1,仙台,小島雅也,2,62,0
2016,1,仙台,差波優人,0,0,0
2016,1,仙台,常田克人,0,0,0
2016,1,仙台,榎本滉大,0,0,0
2016,1,仙台,茂木駿佑,8,225,0
2016,1,仙台,西村拓真,12,290,1
2016,1,名古屋,和泉竜司,14,816,1
2016,1,名古屋,大武峻,20,1637,0
2016,1,名古屋,宮地元貴,0,0,0
2016,1,名古屋,高橋諒,12,868,0
2016,1,大宮,山越康平,14,805,0
2016,1,大宮,江坂任,31,2091,8
2016,1,大宮,高山和真,1,90,0
2016,1,川崎Ｆ,デュークカルロス,0,0,0
2016,1,川崎Ｆ,三好康児,15,468,4
2016,1,川崎Ｆ,板倉滉,2,21,0
2016,1,川崎Ｆ,車屋紳太郎,30,2546,1
2016,1,川崎Ｆ,長谷川竜也,2,121,1
2016,1,新潟,宮崎幾笑,0,0,0
2016,1,新潟,平松宗,7,216,0
2016,1,新潟,早川史哉,3,270,0
2016,1,新潟,田中達也,20,1264,3
2016,1,新潟,端山豪,9,401,1
2016,1,柏,中山雄太,26,2213,2
2016,1,柏,伊東純也,33,2676,7
2016,1,柏,古賀太陽,0,0,0
2016,1,柏,大島康樹,1,4,0
2016,1,柏,湯澤聖人,11,668,0
2016,1,横浜FM,中島賢星,0,0,0
2016,1,横浜FM,仲川輝人,4,97,0
2016,1,横浜FM,吉尾海夏,0,0,0
2016,1,横浜FM,和田昌士,1,11,0
2016,1,横浜FM,富樫敬真,18,868,5
2016,1,横浜FM,新井一耀,5,315,0
2016,1,横浜FM,田口潤人,0,0,0
2016,1,横浜FM,遠藤渓太,23,954,0
2016,1,横浜FM,高野遼,0,0,0
2016,1,浦和,伊藤涼太郎,1,17,0
2016,1,浦和,橋岡大樹,0,0,0
2016,1,湘南,山根視来,0,0,0
2016,1,湘南,岡﨑亮平,1,2,0
2016,1,甲府,森晃太,14,358,0
2016,1,甲府,熊谷駿,6,148,1
2016,1,磐田,上原力也,1,1,0
2016,1,磐田,大南拓磨,0,0,0
2016,1,磐田,小川航基,0,0,0
2016,1,磐田,岩元颯オリビエ,0,0,0
2016,1,磐田,志村滉,10,900,0
2016,1,磐田,清水貴文,1,9,0
2016,1,磐田,石田崚真,5,234,0
2016,1,磐田,荒木大吾,1,17,0
2016,1,神戸,中坂勇哉,12,379,1
2016,1,神戸,堂鼻起暉,0,0,0
2016,1,神戸,増山朝陽,8,193,1
2016,1,神戸,安井拓也,0,0,0
2016,1,神戸,宮大樹,0,0,0
2016,1,神戸,小林友希,0,0,0
2016,1,神戸,小林成豪,20,896,1
2016,1,神戸,山口真司,0,0,0
2016,1,神戸,東隼也,2,113,0
2016,1,神戸,松下佳貴,11,455,1
2016,1,神戸,田中雄大,9,402,0
2016,1,神戸,藤谷壮,0,0,0
2016,1,神戸,野田樹,0,0,0
2016,1,福岡,下坂晃城,0,0,0
2016,1,福岡,冨安健洋,10,789,0
2016,1,福岡,田村友,16,1327,0
2016,1,福岡,邦本宜裕,20,1055,1
2016,1,鳥栖,三丸拡,3,270,0
2016,1,鳥栖,田川亨介,0,0,0
2016,1,鳥栖,石川啓人,2,21,0
2016,1,鳥栖,福田晃斗,22,1893,0
2016,1,鳥栖,鎌田大地,28,2186,7
2016,1,鹿島,三竿健斗,4,30,0
2016,1,鹿島,久保田和音,0,0,0
2016,1,鹿島,垣田裕暉,3,84,0
2016,1,鹿島,平戸太貴,0,0,0
2016,1,鹿島,沖悠哉,0,0,0
2016,1,鹿島,田中稔也,0,0,0
2016,1,鹿島,町田浩樹,0,0,0
2016,1,鹿島,鈴木優磨,31,1188,8
2016,1,Ｇ大阪,初瀬亮,5,287,0
2016,1,Ｇ大阪,呉屋大翔,14,337,1
2016,1,Ｇ大阪,堂安律,3,25,0
2016,1,Ｇ大阪,小西雄大,0,0,0
2016,1,Ｇ大阪,山下令雄,0,0,0
2016,1,Ｇ大阪,松本歩夢,0,0,0
2016,1,Ｇ大阪,渡辺健太,0,0,0
2016,1,Ｇ大阪,食野亮太郎,0,0,0
2016,2,京都,内田恭兵,21,660,1
2016,2,京都,和田篤紀,0,0,0
2016,2,京都,永島悠史,0,0,0
2016,2,京都,沼大希,6,90,1
2016,2,京都,若原智哉,0,0,0
2016,2,京都,荻野広大,0,0,0
2016,2,京都,麻田将吾,0,0,0
2016,2,北九州,中山開帆,0,0,0
2016,2,北九州,小谷健悟,7,125,0
2016,2,北九州,弓崎恭平,0,0,0
2016,2,北九州,新井純平,23,2030,0
2016,2,北九州,福森健太,2,11,0
2016,2,千葉,仲村京雅,0,0,0
2016,2,千葉,北爪健吾,24,716,0
2016,2,千葉,岡野洵,7,586,0
2016,2,千葉,浦田樹,0,0,0
2016,2,千葉,溝渕雄志,0,0,0
2016,2,山口,原口拓人,10,154,1
2016,2,山口,奥山政幸,5,206,0
2016,2,山口,廣木雄磨,20,1321,0
2016,2,山口,星雄次,30,1984,4
2016,2,山口,香川勇気,27,2326,1
2016,2,山形,永藤歩,11,134,1
2016,2,山形,高木利弥,33,2325,0
2016,2,岐阜,小川雄大,0,0,0
2016,2,岐阜,瀧谷亮,26,1346,4
2016,2,岐阜,田中達也,18,1001,1
2016,2,岐阜,田代雅也,28,2519,1
2016,2,岐阜,甲斐健太郎,1,3,0
2016,2,岐阜,苅部隆太郎,17,1293,2
2016,2,岐阜,鈴木潤,20,1592,0
2016,2,岐阜,青木翼,16,926,0
2016,2,岡山,久保飛翔,0,0,0
2016,2,岡山,武田将平,0,0,0
2016,2,岡山,藤本佳希,23,615,0
2016,2,徳島,中野小次郎,0,0,0
2016,2,徳島,佐々木陽次,0,0,0
2016,2,徳島,前川大河,9,176,0
2016,2,徳島,山﨑凌吾,40,2512,5
2016,2,愛媛,仲島義貴,0,0,0
2016,2,愛媛,茂木力也,33,2726,0
2016,2,愛媛,近藤貴司,29,1075,1
2016,2,札幌,菅大輝,5,164,0
2016,2,札幌,進藤亮佑,23,1930,0
2016,2,東京Ｖ,中野雅臣,7,440,0
2016,2,東京Ｖ,井上潮音,12,898,0
2016,2,東京Ｖ,大木暁,9,740,0
2016,2,東京Ｖ,林昇吾,0,0,0
2016,2,東京Ｖ,渡辺皓太,11,582,0
2016,2,東京Ｖ,郡大夢,0,0,0
2016,2,東京Ｖ,長谷川洸,0,0,0
2016,2,松本,前田大然,9,54,0
2016,2,松本,柴田隆太朗,1,2,0
2016,2,横浜FC,上田悠起,0,0,0
2016,2,横浜FC,似鳥康太,0,0,0
2016,2,横浜FC,前嶋洋太,0,0,0
2016,2,横浜FC,大内一生,0,0,0
2016,2,横浜FC,楠元秀真,5,123,0
2016,2,水戸,今瀬淳也,20,1171,1
2016,2,水戸,伊藤槙人,18,1292,0
2016,2,水戸,宮本拓弥,16,330,2
2016,2,水戸,平松宗,22,1561,4
2016,2,水戸,角口大征,0,0,0
2016,2,水戸,麦倉捺木,0,0,0
2016,2,清水,北川航也,30,969,9
2016,2,清水,松原后,28,2497,1
2016,2,清水,水谷拓磨,0,0,0
2016,2,清水,飯田貴敬,0,0,0
2016,2,熊本,八久保颯,10,571,1
2016,2,熊本,坂本亘基,0,0,0
2016,2,熊本,米原秀亮,0,0,0
2016,2,熊本,鈴木翔登,8,257,0
2016,2,熊本,齋藤恵太,25,1073,2
2016,2,町田,仲川輝人,12,1056,3
2016,2,町田,福田友也,0,0,0
2016,2,町田,青木義孝,0,0,0
2016,2,群馬,中村俊貴,0,0,0
2016,2,群馬,中村駿,34,2758,4
2016,2,群馬,八角大智,0,0,0
2016,2,群馬,大岩亮太,0,0,0
2016,2,群馬,小牟田洋佑,19,1288,1
2016,2,群馬,山岸祐也,33,2825,5
2016,2,群馬,川岸祐輔,15,1177,0
2016,2,群馬,志村駿太,1,2,0
2016,2,群馬,瀬川祐輔,42,3633,13
2016,2,群馬,福島遼,0,0,0
2016,2,讃岐,森川裕基,11,362,0
2016,2,讃岐,玉城史也,1,15,0
2016,2,讃岐,荻野広大,10,603,0
2016,2,金沢,星野有亮,8,357,0
2016,2,金沢,玉城峻吾,9,259,0
2016,2,長崎,中村慶太,27,844,2
2016,2,長崎,北川滉平,8,62,0
2016,2,長崎,宮本航汰,18,1072,0
2016,2,長崎,武内大,0,0,0
2016,2,長崎,田上大地,15,897,0
2016,2,長崎,畑潤基,5,74,1
2016,2,Ｃ大阪,中島元彦,0,0,0
2016,2,Ｃ大阪,坪井一真,0,0,0
2016,2,Ｃ大阪,庄司朋乃也,0,0,0
2016,2,Ｃ大阪,木本恭生,1,25,1
2016,2,Ｃ大阪,松田陸,42,3733,2
2016,2,Ｃ大阪,澤上竜二,30,521,1
2016,2,Ｃ大阪,瀬古歩夢,0,0,0
2016,2,Ｃ大阪,齋藤和希,0,0,0
2016,3,YS横浜,佐々木雅人,19,509,1
2016,3,YS横浜,北原大奨,13,743,3
2016,3,YS横浜,宗近慧,22,1673,1
2016,3,YS横浜,宮内寛斗,8,368,0
2016,3,YS横浜,宮尾孝一,19,1111,0
2016,3,YS横浜,浅沼優瑠,6,540,0
2016,3,YS横浜,郡司健太朗,3,67,0
2016,3,大分,佐藤昂洋,0,0,0
2016,3,大分,吉平翼,13,757,2
2016,3,大分,坂井大将,11,230,0
2016,3,大分,姫野宥弥,19,1316,0
2016,3,大分,山口真司,7,484,0
2016,3,大分,岩田智輝,24,2160,1
2016,3,大分,福森直也,24,2071,1
2016,3,大分,野上拓哉,0,0,0
2016,3,大分,鈴木義宜,30,2667,1
2016,3,富山,中田大貴,2,46,0
2016,3,富山,中西倫也,24,1083,1
2016,3,富山,大島康樹,5,389,1
2016,3,富山,石坂元気,0,0,0
2016,3,富山,脇本晃成,28,2412,1
2016,3,富山,萱沼優聖,28,2326,7
2016,3,富山,西室隆規,6,270,0
2016,3,富山,進藤誠司,21,977,0
2016,3,富山,馬渡隼暉,0,0,0
2016,3,栃木,上形洋介,20,1032,2
2016,3,栃木,古波津辰希,11,809,0
2016,3,栃木,吉満大介,30,2700,0
2016,3,栃木,広瀬健太,28,2430,3
2016,3,栃木,西谷和希,26,1451,1
2016,3,琉球,上門知樹,8,180,0
2016,3,琉球,今野太祐,5,377,0
2016,3,琉球,仲村京雅,3,138,0
2016,3,琉球,増谷幸祐,28,2475,1
2016,3,琉球,宮城晃太,0,0,0
2016,3,琉球,富樫佑太,18,1260,4
2016,3,琉球,山内達朗,8,414,0
2016,3,琉球,山川デション諒,1,3,0
2016,3,琉球,才藤龍治,22,1823,4
2016,3,琉球,浦田樹,8,632,0
2016,3,琉球,瀧澤修平,25,2250,1
2016,3,琉球,知念雄太朗,25,1888,1
2016,3,琉球,積田景介,0,0,0
2016,3,盛岡,久保海都,29,2610,2
2016,3,盛岡,八角大智,10,900,1
2016,3,盛岡,土館賢人,5,307,0
2016,3,盛岡,郡大夢,1,23,0
2016,3,盛岡,鈴木達也,28,2471,3
2016,3,相模原,成田恭輔,3,43,0
2016,3,相模原,普光院誠,25,1551,1
2016,3,相模原,石垣徳之,0,0,0
2016,3,福島,星広太,28,2011,5
2016,3,福島,蓮沼翔太,10,626,2
2016,3,秋田,堺俊暉,14,384,0
2016,3,秋田,大石文弥,0,0,0
2016,3,秋田,深井脩平,14,1140,0
2016,3,秋田,熊谷達也,21,1495,1
2016,3,秋田,畠中佑樹,6,231,3
2016,3,秋田,船川琢之介,1,2,0
2016,3,秋田,遊馬将也,20,977,3
2016,3,秋田,青島拓馬,15,1081,0
2016,3,藤枝,三橋拓也,8,352,0
2016,3,藤枝,佐々木宏樹,1,90,0
2016,3,藤枝,平石直人,26,1217,3
2016,3,藤枝,藤﨑将汰,1,4,0
2016,3,藤枝,青木捷,0,0,0
2016,3,長野,三浦龍輝,15,1350,0
2016,3,鳥取,亀島周,19,1500,0
2016,3,鳥取,井上黎生人,0,0,0
2016,3,鳥取,山本蓮,16,748,1
2016,3,鳥取,山道淳司,21,1349,1
2016,3,鳥取,曽我大地,7,267,0
2016,3,鳥取,林誠道,17,529,0
2016,3,鳥取,河合秀人,29,2463,6
2016,3,鳥取,畑中槙人,1,1,0
2016,3,鳥取,磯江太勢,0,0,0
2016,3,鳥取,福島春樹,14,1246,0
2016,3,鳥取,秋山貴嗣,30,2643,3
2016,3,鹿児島,中原優生,29,2045,8
2016,3,鹿児島,塚田翔悟,3,55,0
2016,3,鹿児島,寺田匡史,8,567,1
2016,3,鹿児島,藤井貴之,6,143,1
2016,3,Ｃ大23,上畑佑平士,0,0,0
2016,3,Ｃ大23,中島元彦,3,92,0
2016,3,Ｃ大23,坪井一真,0,0,0
2016,3,Ｃ大23,山田寛人,1,5,0
2016,3,Ｃ大23,岸本武流,18,1182,6
2016,3,Ｃ大23,庄司朋乃也,16,1252,0
2016,3,Ｃ大23,斧澤隼輝,28,1752,1
2016,3,Ｃ大23,木本恭生,23,2028,1
2016,3,Ｃ大23,松岡大智,1,2,0
2016,3,Ｃ大23,森下怜哉,22,1900,2
2016,3,Ｃ大23,池田樹雷人,11,613,0
2016,3,Ｃ大23,沖野将基,28,1722,2
2016,3,Ｃ大23,温井駿斗,29,2583,0
2016,3,Ｃ大23,澤上竜二,3,264,1
2016,3,Ｃ大23,瀬古歩夢,1,1,0
2016,3,Ｃ大23,米澤令衣,25,2144,8
2016,3,Ｃ大23,舩木翔,5,117,0
2016,3,Ｃ大23,西本雅崇,25,1969,6
2016,3,Ｃ大23,阪本将基,18,1206,2
2016,3,Ｃ大23,齋藤和希,0,0,0
2016,3,Ｆ東23,佐々木渉,17,1018,0
2016,3,Ｆ東23,内田宅哉,12,495,1
2016,3,Ｆ東23,品田愛斗,1,6,0
2016,3,Ｆ東23,室屋成,4,238,0
2016,3,Ｆ東23,小川諒也,14,1215,0
2016,3,Ｆ東23,山田将之,7,475,0
2016,3,Ｆ東23,岡崎慎,29,2590,2
2016,3,Ｆ東23,松岡瑠夢,10,215,1
2016,3,Ｆ東23,柳貴博,24,2117,0
2016,3,Ｆ東23,波多野豪,2,180,0
2016,3,Ｆ東23,生地慶充,22,1351,1
2016,3,Ｆ東23,矢島輝一,4,188,1
2016,3,Ｆ東23,蓮川壮大,5,344,0
2016,3,Ｆ東23,鈴木喜丈,25,1884,0
2016,3,Ｇ大23,一美和成,29,938,3
2016,3,Ｇ大23,初瀬亮,15,1350,0
2016,3,Ｇ大23,呉屋大翔,11,988,7
2016,3,Ｇ大23,堂安律,21,1877,10
2016,3,Ｇ大23,妹尾直哉,29,1937,3
2016,3,Ｇ大23,嫁阪翔太,19,1386,0
2016,3,Ｇ大23,小西雄大,2,73,0
2016,3,Ｇ大23,山下令雄,1,34,0
2016,3,Ｇ大23,市丸瑞希,21,1757,0
2016,3,Ｇ大23,平尾壮,27,2407,1
2016,3,Ｇ大23,松本歩夢,2,15,0
2016,3,Ｇ大23,林瑞輝,13,1170,0
2016,3,Ｇ大23,渡辺健太,0,0,0
2016,3,Ｇ大23,野田裕喜,27,2234,3
2016,3,Ｇ大23,食野亮太郎,13,727,1
2016,3,Ｇ大23,髙木彰人,23,1342,1
2017,1,FC東京,原大智,0,0,0
2017,1,FC東京,品田愛斗,0,0,0
2017,1,FC東京,室屋成,26,2291,0
2017,1,FC東京,小川諒也,5,255,0
2017,1,FC東京,山田将之,3,181,1
2017,1,FC東京,岡崎慎,0,0,0
2017,1,FC東京,廣末陸,0,0,0
2017,1,FC東京,柳貴博,4,315,0
2017,1,FC東京,波多野豪,0,0,0
2017,1,FC東京,生地慶充,0,0,0
2017,1,仙台,ジャーメイン良,1,8,0
2017,1,仙台,佐々木匠,5,264,0
2017,1,仙台,小島雅也,1,7,0
2017,1,仙台,小畑裕馬,0,0,0
2017,1,仙台,差波優人,0,0,0
2017,1,仙台,常田克人,0,0,0
2017,1,仙台,椎橋慧也,9,810,1
2017,1,仙台,永戸勝也,17,1364,0
2017,1,仙台,茂木駿佑,8,230,0
2017,1,仙台,西村拓真,28,1670,2
2017,1,大宮,奥抜侃志,0,0,0
2017,1,大宮,山越康平,23,1530,1
2017,1,大宮,江坂任,34,2997,7
2017,1,大宮,河面旺成,1,8,0
2017,1,大宮,瀬川祐輔,16,862,2
2017,1,大宮,藤沼拓夢,0,0,0
2017,1,大宮,高山和真,11,895,0
2017,1,大宮,黒川淳史,3,83,0
2017,1,川崎Ｆ,三好康児,13,455,1
2017,1,川崎Ｆ,三笘薫,0,0,0
2017,1,川崎Ｆ,守田英正,0,0,0
2017,1,川崎Ｆ,板倉滉,5,72,0
2017,1,川崎Ｆ,知念慶,4,58,1
2017,1,川崎Ｆ,脇坂泰斗,0,0,0
2017,1,川崎Ｆ,車屋紳太郎,34,3041,0
2017,1,川崎Ｆ,長谷川竜也,24,952,5
2017,1,広島,川﨑裕大,0,0,0
2017,1,広島,森島司,14,644,0
2017,1,広島,長沼洋一,0,0,0
2017,1,新潟,原輝綺,18,1459,1
2017,1,新潟,大武峻,9,798,0
2017,1,新潟,平松宗,2,83,0
2017,1,新潟,本間至恩,0,0,0
2017,1,新潟,森俊介,4,104,0
2017,1,新潟,渡邉新太,0,0,0
2017,1,新潟,田中達也,11,175,2
2017,1,新潟,端山豪,5,113,0
2017,1,新潟,長谷川巧,0,0,0
2017,1,札幌,田中雄大,6,511,0
2017,1,札幌,菅大輝,23,1547,1
2017,1,札幌,藤村怜,0,0,0
2017,1,札幌,進藤亮佑,8,381,0
2017,1,柏,中山雄太,30,2680,1
2017,1,柏,伊東純也,34,2895,6
2017,1,柏,古賀太陽,9,366,0
2017,1,柏,大島康樹,0,0,0
2017,1,柏,安西海斗,0,0,0
2017,1,柏,宮本駿晃,0,0,0
2017,1,柏,滝本晴彦,0,0,0
2017,1,横浜FM,中島賢星,0,0,0
2017,1,横浜FM,仲川輝人,0,0,0
2017,1,横浜FM,堀研太,0,0,0
2017,1,横浜FM,富樫敬真,16,563,2
2017,1,横浜FM,山田康太,0,0,0
2017,1,横浜FM,新井一耀,3,217,0
2017,1,横浜FM,椿直起,0,0,0
2017,1,横浜FM,西山大雅,0,0,0
2017,1,横浜FM,遠藤渓太,14,467,2
2017,1,横浜FM,高野遼,0,0,0
2017,1,浦和,井澤春輝,0,0,0
2017,1,浦和,伊藤涼太郎,0,0,0
2017,1,浦和,橋岡大樹,0,0,0
2017,1,浦和,田村友,0,0,0
2017,1,浦和,荻原拓也,0,0,0
2017,1,清水,北川航也,26,1129,5
2017,1,清水,平墳迅,0,0,0
2017,1,清水,新井栄聡,0,0,0
2017,1,清水,松原后,32,2834,2
2017,1,清水,滝裕太,0,0,0
2017,1,清水,立田悠悟,0,0,0
2017,1,清水,飯田貴敬,1,18,0
2017,1,甲府,入間川景太,0,0,0
2017,1,甲府,小出悠太,10,704,0
2017,1,甲府,曽根田穣,3,45,0
2017,1,甲府,森晃太,0,0,0
2017,1,甲府,熊谷駿,1,7,0
2017,1,甲府,道渕諒平,4,28,0
2017,1,甲府,高野遼,8,522,1
2017,1,磐田,三浦龍輝,0,0,0
2017,1,磐田,上原力也,6,258,0
2017,1,磐田,中野誠也,0,0,0
2017,1,磐田,小川航基,5,137,0
2017,1,磐田,志村滉,0,0,0
2017,1,磐田,清水貴文,0,0,0
2017,1,磐田,荒木大吾,5,67,0
2017,1,神戸,中坂勇哉,14,567,2
2017,1,神戸,佐々木大樹,0,0,0
2017,1,神戸,前川黛也,0,0,0
2017,1,神戸,安井拓也,1,36,0
2017,1,神戸,宮大樹,0,0,0
2017,1,神戸,小林友希,0,0,0
2017,1,神戸,小林成豪,13,531,1
2017,1,神戸,山口真司,0,0,0
2017,1,神戸,東隼也,0,0,0
2017,1,神戸,松下佳貴,25,1638,0
2017,1,神戸,藤谷壮,16,1319,0
2017,1,鳥栖,三丸拡,6,475,0
2017,1,鳥栖,板橋洋青,0,0,0
2017,1,鳥栖,田川亨介,24,1128,4
2017,1,鳥栖,石川啓人,1,53,0
2017,1,鳥栖,福田晃斗,29,2419,4
2017,1,鳥栖,辻周吾,0,0,0
2017,1,鳥栖,鎌田大地,16,1399,3
2017,1,鹿島,三竿健斗,26,1994,1
2017,1,鹿島,久保田和音,0,0,0
2017,1,鹿島,安部裕葵,13,272,1
2017,1,鹿島,町田浩樹,2,126,0
2017,1,鹿島,鈴木優磨,26,866,6
2017,1,Ｃ大阪,庄司朋乃也,0,0,0
2017,1,Ｃ大阪,木本恭生,23,1296,2
2017,1,Ｃ大阪,松田陸,31,2662,2
2017,1,Ｃ大阪,永石拓海,0,0,0
2017,1,Ｃ大阪,澤上竜二,12,189,0
2017,1,Ｃ大阪,瀬古歩夢,0,0,0
2017,1,Ｃ大阪,米澤令衣,0,0,0
2017,1,Ｃ大阪,西本雅崇,1,2,0
2017,1,Ｃ大阪,鈴木冬一,0,0,0
2017,1,Ｇ大阪,初瀬亮,19,1132,0
2017,1,Ｇ大阪,呉屋大翔,9,193,1
2017,1,Ｇ大阪,堂安律,10,547,3
2017,1,Ｇ大阪,奥野耕平,0,0,0
2017,1,Ｇ大阪,妹尾直哉,0,0,0
2017,1,Ｇ大阪,市丸瑞希,1,76,0
2017,1,Ｇ大阪,野田裕喜,0,0,0
2017,1,Ｇ大阪,食野亮太郎,0,0,0
2017,1,Ｇ大阪,髙木彰人,7,199,0
2017,2,京都,仙頭啓矢,24,1477,5
2017,2,京都,内田恭兵,9,517,0
2017,2,京都,岩崎悠人,35,2542,2
2017,2,京都,島村拓弥,0,0,0
2017,2,京都,湯澤聖人,9,620,0
2017,2,京都,重廣卓也,0,0,0
2017,2,京都,麻田将吾,4,79,0
2017,2,千葉,北爪健吾,14,1215,0
2017,2,千葉,古川大悟,2,25,0
2017,2,千葉,大野哲煥,0,0,0
2017,2,千葉,岡野洵,11,710,0
2017,2,千葉,溝渕雄志,13,1108,0
2017,2,千葉,髙橋壱晟,23,1554,2
2017,2,名古屋,和泉竜司,39,3270,1
2017,2,名古屋,大垣勇樹,0,0,0
2017,2,名古屋,大武峻,1,90,0
2017,2,名古屋,宮地元貴,0,0,0
2017,2,名古屋,新井一耀,6,508,1
2017,2,名古屋,深堀隼平,2,60,0
2017,2,名古屋,秋山陽介,9,633,1
2017,2,名古屋,高橋諒,0,0,0
2017,2,大分,吉平翼,4,76,0
2017,2,大分,國分伸太郎,13,368,0
2017,2,大分,坂井大将,4,14,0
2017,2,大分,姫野宥弥,12,380,0
2017,2,大分,岩田智輝,12,615,0
2017,2,大分,常田克人,0,0,0
2017,2,大分,福森直也,38,3379,0
2017,2,大分,野上拓哉,0,0,0
2017,2,大分,鈴木義宜,42,3780,3
2017,2,山口,吉満大介,8,720,0
2017,2,山口,和田昌士,17,967,1
2017,2,山口,廣木雄磨,27,2381,0
2017,2,山口,星雄次,29,2553,3
2017,2,山口,池上丈二,20,621,1
2017,2,山口,清永丈瑠,9,233,0
2017,2,山口,米澤令衣,16,891,0
2017,2,山口,香川勇気,16,1341,1
2017,2,山形,中村駿,25,1399,4
2017,2,山形,北川柊斗,0,0,0
2017,2,山形,大友竜輔,0,0,0
2017,2,山形,安西海斗,10,733,0
2017,2,山形,摂津颯登,0,0,0
2017,2,山形,永藤歩,19,288,2
2017,2,山形,茂木力也,34,2790,1
2017,2,山形,長沼洋一,3,29,0
2017,2,山形,高木利弥,36,3007,1
2017,2,岐阜,中島賢星,6,233,0
2017,2,岐阜,古橋亨梧,42,3646,6
2017,2,岐阜,榎本大輝,0,0,0
2017,2,岐阜,永島悠史,39,2570,5
2017,2,岐阜,瀧谷亮,4,16,0
2017,2,岐阜,田代雅也,0,0,0
2017,2,岐阜,薮内健人,5,93,0
2017,2,岐阜,鈴木潤,0,0,0
2017,2,岐阜,青木翼,16,1376,2
2017,2,岡山,下口稚葉,0,0,0
2017,2,岡山,塚川孝輝,34,2624,2
2017,2,岡山,武田将平,1,70,1
2017,2,岡山,藤本佳希,19,681,1
2017,2,徳島,井筒陸也,21,1637,1
2017,2,徳島,佐々木匠,2,51,0
2017,2,徳島,前川大河,37,2655,2
2017,2,徳島,小西雄大,13,503,0
2017,2,徳島,山﨑凌吾,34,2541,14
2017,2,徳島,川上エドオジョン智慧,2,26,0
2017,2,徳島,松澤香輝,0,0,0
2017,2,愛媛,丹羽詩温,34,1386,7
2017,2,愛媛,近藤貴司,40,3148,6
2017,2,愛媛,馬渡洋樹,1,90,0
2017,2,東京Ｖ,中野雅臣,6,147,0
2017,2,東京Ｖ,井上潮音,11,520,0
2017,2,東京Ｖ,林昇吾,4,125,0
2017,2,東京Ｖ,渡辺皓太,27,2013,1
2017,2,東京Ｖ,藤本寛也,0,0,0
2017,2,松本,下川陽太,8,649,0
2017,2,松本,宮地元貴,0,0,0
2017,2,松本,岡佳樹,4,125,0
2017,2,横浜FC,中山雄希,12,360,0
2017,2,横浜FC,前嶋洋太,2,13,0
2017,2,横浜FC,増山朝陽,9,110,0
2017,2,横浜FC,大内一生,0,0,0
2017,2,横浜FC,山本凌太郎,0,0,0
2017,2,横浜FC,川﨑裕大,1,6,0
2017,2,横浜FC,市川暉記,0,0,0
2017,2,横浜FC,新井純平,16,1038,1
2017,2,横浜FC,楠元秀真,3,233,0
2017,2,横浜FC,齋藤功佑,6,81,0
2017,2,水戸,今瀬淳也,26,1285,0
2017,2,水戸,伊藤槙人,2,91,0
2017,2,水戸,伊藤涼太郎,6,109,0
2017,2,水戸,前田大然,36,3003,13
2017,2,水戸,外山凌,21,635,1
2017,2,水戸,宮本拓弥,6,262,0
2017,2,水戸,小島幹敏,16,545,0
2017,2,水戸,清水貴文,3,66,0
2017,2,水戸,角口大征,0,0,0
2017,2,水戸,齋藤恵太,12,491,1
2017,2,湘南,山根視来,37,3223,0
2017,2,湘南,岡﨑亮平,4,171,0
2017,2,湘南,後藤雅明,0,0,0
2017,2,湘南,新井光,0,0,0
2017,2,湘南,杉岡大暉,37,3251,3
2017,2,湘南,真田幸太,0,0,0
2017,2,湘南,高橋諒,6,226,1
2017,2,熊本,八久保颯,21,1333,3
2017,2,熊本,林祥太,16,1075,1
2017,2,熊本,田中達也,21,660,0
2017,2,熊本,米原秀亮,3,225,0
2017,2,熊本,齋藤恵太,12,553,2
2017,2,町田,大田隼輔,0,0,0
2017,2,町田,奥山政幸,25,1925,0
2017,2,町田,平戸太貴,26,1507,3
2017,2,町田,橋村龍ジョセフ,1,1,0
2017,2,町田,渡辺健太,0,0,0
2017,2,町田,福井光輝,0,0,0
2017,2,福岡,下坂晃城,8,311,0
2017,2,福岡,仲川輝人,18,1210,0
2017,2,福岡,冨安健洋,35,3150,1
2017,2,福岡,山ノ井拓己,0,0,0
2017,2,福岡,邦本宜裕,1,21,0
2017,2,群馬,中村俊貴,0,0,0
2017,2,群馬,佐藤遵樹,0,0,0
2017,2,群馬,出岡大輝,14,506,0
2017,2,群馬,小牟田洋佑,0,0,0
2017,2,群馬,山岸祐也,36,3099,3
2017,2,群馬,岡庭裕貴,36,2741,1
2017,2,群馬,岩田拓也,0,0,0
2017,2,群馬,川岸祐輔,14,1184,0
2017,2,群馬,川田拳登,5,326,0
2017,2,群馬,志村駿太,0,0,0
2017,2,群馬,早坂龍之介,0,0,0
2017,2,群馬,藤原雅斗,0,0,0
2017,2,群馬,高井和馬,39,2488,10
2017,2,讃岐,中島大貴,17,1178,0
2017,2,讃岐,森川裕基,6,379,1
2017,2,讃岐,荻野広大,3,65,0
2017,2,讃岐,長澤拓哉,2,135,0
2017,2,金沢,垣田裕暉,32,610,3
2017,2,金沢,大橋尚志,42,3711,1
2017,2,金沢,宮崎幾笑,39,2399,5
2017,2,金沢,島津頼盛,0,0,0
2017,2,金沢,庄司朋乃也,22,1923,0
2017,2,金沢,榎本滉大,1,32,0
2017,2,金沢,石田崚真,41,3663,0
2017,2,長崎,中村慶太,37,1339,8
2017,2,長崎,北川滉平,0,0,0
2017,2,長崎,吉岡雅和,19,761,2
2017,2,長崎,宮本航汰,11,546,0
2017,2,長崎,富澤雅也,0,0,0
2017,2,長崎,平松宗,12,535,3
2017,2,長崎,林田隆介,0,0,0
2017,2,長崎,江川湧清,0,0,0
2017,2,長崎,田上大地,24,1937,1
2017,2,長崎,畑潤基,5,75,0
2017,2,長崎,翁長聖,38,3138,4
2017,2,長崎,香川勇気,1,90,1
2017,3,YS横浜,仲村京雅,22,905,1
2017,3,YS横浜,北原大奨,9,165,1
2017,3,YS横浜,奥田晃也,26,2047,4
2017,3,YS横浜,宗近慧,29,2610,3
2017,3,YS横浜,宮尾孝一,17,286,1
2017,3,YS横浜,小松駿太,26,2096,3
2017,3,YS横浜,小笠原賢聖,2,26,0
2017,3,YS横浜,岩壁裕也,1,5,0
2017,3,YS横浜,浅沼優瑠,23,2070,0
2017,3,YS横浜,西山雄介,12,825,1
2017,3,北九州,中山開帆,0,0,0
2017,3,北九州,小谷健悟,11,746,3
2017,3,北九州,弓崎恭平,10,849,1
2017,3,北九州,浦田樹,13,1168,0
2017,3,北九州,福森健太,27,2430,0
2017,3,北九州,鈴木翔登,6,356,0
2017,3,富山,中西倫也,0,0,0
2017,3,富山,佐々木陽次,24,1858,6
2017,3,富山,服部一輝,0,0,0
2017,3,富山,登崎雅貴,12,884,1
2017,3,富山,石坂元気,3,12,0
2017,3,富山,脇本晃成,23,2066,2
2017,3,富山,萱沼優聖,11,676,0
2017,3,富山,西室隆規,11,755,0
2017,3,富山,西晃佑,0,0,0
2017,3,富山,進藤誠司,3,3,0
2017,3,富山,馬渡隼暉,2,66,0
2017,3,栃木,上形洋介,18,1191,4
2017,3,栃木,古波津辰希,5,188,0
2017,3,栃木,山本廉,0,0,0
2017,3,栃木,川田拳登,11,297,3
2017,3,栃木,広瀬健太,26,2340,3
2017,3,栃木,早乙女達海,0,0,0
2017,3,栃木,本庄竜大,0,0,0
2017,3,栃木,種岡岐将,0,0,0
2017,3,栃木,藤沼拓夢,12,429,1
2017,3,栃木,西谷和希,32,2609,8
2017,3,沼津,後藤虹介,0,0,0
2017,3,沼津,河津良一,3,190,0
2017,3,沼津,畑潤基,0,0,0
2017,3,沼津,藤嵜智貴,12,1080,0
2017,3,琉球,上門知樹,9,234,0
2017,3,琉球,今野太祐,2,75,0
2017,3,琉球,儀保幸英,2,28,0
2017,3,琉球,前田央樹,26,1333,3
2017,3,琉球,名倉巧,22,1271,4
2017,3,琉球,増谷幸祐,32,2880,4
2017,3,琉球,富樫佑太,27,1630,2
2017,3,琉球,山内達朗,9,212,0
2017,3,琉球,山川デション諒,0,0,0
2017,3,琉球,才藤龍治,31,2790,1
2017,3,琉球,新井幹人,2,180,0
2017,3,琉球,望月達也,0,0,0
2017,3,琉球,瀧澤修平,20,1800,0
2017,3,琉球,知念雄太朗,29,2195,0
2017,3,琉球,福田愛大,0,0,0
2017,3,琉球,積田景介,5,436,0
2017,3,琉球,西岡大志,23,1544,0
2017,3,盛岡,久保海都,14,1026,0
2017,3,盛岡,今関耕平,4,53,0
2017,3,盛岡,八角大智,22,1811,1
2017,3,盛岡,土館賢人,4,183,0
2017,3,盛岡,差波優人,15,1331,0
2017,3,盛岡,田中憧,2,91,0
2017,3,盛岡,福田友也,32,2880,1
2017,3,盛岡,菅本岳,29,1544,4
2017,3,盛岡,鈴木達也,27,2336,1
2017,3,相模原,吉田舜,0,0,0
2017,3,相模原,岩田拓也,13,597,2
2017,3,相模原,川戸大樹,9,287,1
2017,3,相模原,徳永裕大,23,1699,2
2017,3,相模原,普光院誠,27,1798,3
2017,3,相模原,石垣徳之,0,0,0
2017,3,相模原,米原祐,19,1514,2
2017,3,相模原,髙畑智也,1,34,0
2017,3,相模原,麦倉捺木,13,621,0
2017,3,福島,三橋秀平,20,968,3
2017,3,福島,堀田大暉,0,0,0
2017,3,福島,小牟田洋佑,12,1036,1
2017,3,福島,川上盛司,2,114,0
2017,3,福島,川上竜,32,2880,0
2017,3,福島,星広太,32,2820,7
2017,3,福島,橋本裕貴,3,141,0
2017,3,福島,蓮沼翔太,1,13,0
2017,3,秋田,千田海人,8,611,0
2017,3,秋田,堺俊暉,13,233,1
2017,3,秋田,大石文弥,0,0,0
2017,3,秋田,安芸銀治,7,65,0
2017,3,秋田,深井脩平,24,2029,0
2017,3,秋田,藤山智史,31,2409,1
2017,3,秋田,遊馬将也,24,290,3
2017,3,秋田,青島拓馬,29,1813,2
2017,3,藤枝,伊藤槙人,15,1350,1
2017,3,藤枝,佐々木雅人,3,107,0
2017,3,藤枝,北川滉平,11,428,1
2017,3,藤枝,平石直人,28,2205,1
2017,3,藤枝,添田隆司,2,10,0
2017,3,藤枝,田口潤人,21,1882,0
2017,3,藤枝,畠中佑樹,0,0,0
2017,3,藤枝,篠原宏仁,4,31,0
2017,3,藤枝,藤﨑将汰,0,0,0
2017,3,藤枝,青木捷,0,0,0
2017,3,長野,前田悠斗,0,0,0
2017,3,長野,大木暁,1,90,0
2017,3,長野,新井純平,30,2588,0
2017,3,長野,遠藤元一,9,510,0
2017,3,鳥取,亀島周,5,437,0
2017,3,鳥取,井上黎生人,14,1215,1
2017,3,鳥取,加藤潤也,32,2671,11
2017,3,鳥取,原口拓人,17,985,1
2017,3,鳥取,山本蓮,6,382,0
2017,3,鳥取,山道淳司,19,1520,0
2017,3,鳥取,岩元颯オリビエ,24,1282,4
2017,3,鳥取,曽我大地,3,256,0
2017,3,鳥取,林誠道,19,437,0
2017,3,鳥取,河合秀人,29,2488,5
2017,3,鳥取,沼大希,30,2316,4
2017,3,鳥取,畑中槙人,11,117,0
2017,3,鳥取,石井光輝,17,1093,0
2017,3,鳥取,磯江太勢,1,90,0
2017,3,鳥取,秋山貴嗣,31,2740,1
2017,3,鳥取,細田歩夢,0,0,0
2017,3,鳥取,西嶋有矢,4,90,0
2017,3,鹿児島,中原優生,16,1121,0
2017,3,鹿児島,寺田匡史,0,0,0
2017,3,鹿児島,岩崎知瑳,0,0,0
2017,3,鹿児島,野嶽惇也,27,1150,2
2017,3,Ｃ大23,中島元彦,10,523,3
2017,3,Ｃ大23,喜田陽,16,1256,0
2017,3,Ｃ大23,大山武蔵,25,1456,0
2017,3,Ｃ大23,山内寛史,6,347,2
2017,3,Ｃ大23,山根永遠,27,2012,3
2017,3,Ｃ大23,山田寛人,8,318,0
2017,3,Ｃ大23,岸本武流,26,2118,9
2017,3,Ｃ大23,庄司朋乃也,7,630,0
2017,3,Ｃ大23,斧澤隼輝,27,2343,5
2017,3,Ｃ大23,森下怜哉,32,2880,2
2017,3,Ｃ大23,永石拓海,0,0,0
2017,3,Ｃ大23,沖野将基,27,1960,1
2017,3,Ｃ大23,温井駿斗,21,1791,1
2017,3,Ｃ大23,澤上竜二,2,79,0
2017,3,Ｃ大23,瀬古歩夢,11,880,0
2017,3,Ｃ大23,米澤令衣,12,952,5
2017,3,Ｃ大23,舩木翔,12,1000,0
2017,3,Ｃ大23,茂木秀,10,874,0
2017,3,Ｃ大23,西本雅崇,27,2330,5
2017,3,Ｃ大23,鈴木冬一,3,11,0
2017,3,Ｃ大23,阪本将基,21,1238,1
2017,3,Ｆ東23,佐々木渉,5,123,0
2017,3,Ｆ東23,内田宅哉,27,2320,2
2017,3,Ｆ東23,原大智,18,1135,5
2017,3,Ｆ東23,品田愛斗,18,1111,0
2017,3,Ｆ東23,室屋成,1,45,0
2017,3,Ｆ東23,小川諒也,26,2210,1
2017,3,Ｆ東23,山田将之,25,2170,3
2017,3,Ｆ東23,岡崎慎,20,1659,1
2017,3,Ｆ東23,廣末陸,12,1080,0
2017,3,Ｆ東23,柳貴博,19,1701,0
2017,3,Ｆ東23,波多野豪,15,1350,0
2017,3,Ｆ東23,生地慶充,5,446,1
2017,3,Ｆ東23,鈴木喜丈,31,2683,0
2017,3,Ｇ大23,一美和成,25,1961,8
2017,3,Ｇ大23,呉屋大翔,2,180,0
2017,3,Ｇ大23,堂安律,0,0,0
2017,3,Ｇ大23,奥野耕平,4,64,0
2017,3,Ｇ大23,妹尾直哉,18,1281,3
2017,3,Ｇ大23,嫁阪翔太,28,2361,1
2017,3,Ｇ大23,平尾壮,24,2089,0
2017,3,Ｇ大23,林瑞輝,28,2520,0
2017,3,Ｇ大23,白井陽斗,18,680,2
2017,3,Ｇ大23,芝本蓮,28,2301,1
2017,3,Ｇ大23,郡大夢,17,1131,3
2017,3,Ｇ大23,野田裕喜,5,408,0
2017,3,Ｇ大23,食野亮太郎,20,1617,3
2017,3,Ｇ大23,高宇洋,28,2239,0
2017,3,Ｇ大23,髙木彰人,1,90,0
2017,3,Ｇ大23,髙江麗央,30,2485,3
2018,1,FC東京,バングーナガンデ佳史扶,0,0,0
2018,1,FC東京,内田宅哉,1,1,0
2018,1,FC東京,品田愛斗,1,6,0
2018,1,FC東京,室屋成,30,2693,1
2018,1,FC東京,富樫敬真,19,573,1
2018,1,FC東京,小川諒也,15,1165,0
2018,1,FC東京,山田将之,0,0,0
2018,1,FC東京,岡崎慎,5,365,1
2018,1,FC東京,廣末陸,0,0,0
2018,1,FC東京,木村誠二,0,0,0
2018,1,FC東京,柳貴博,0,0,0
2018,1,FC東京,渡辺剛,0,0,0
2018,1,FC東京,矢島輝一,5,42,0
2018,1,FC東京,野澤大志ブランドン,0,0,0
2018,1,仙台,ジャーメイン良,17,507,3
2018,1,仙台,小畑裕馬,0,0,0
2018,1,仙台,常田克人,3,187,0
2018,1,仙台,板倉滉,24,1970,3
2018,1,仙台,椎橋慧也,17,1217,0
2018,1,仙台,永戸勝也,29,1458,0
2018,1,仙台,茂木駿佑,0,0,0
2018,1,仙台,西村拓真,24,1542,11
2018,1,名古屋,児玉駿斗,8,327,0
2018,1,名古屋,和泉竜司,32,2139,2
2018,1,名古屋,大垣勇樹,0,0,0
2018,1,名古屋,成瀬竣平,1,14,0
2018,1,名古屋,新井一耀,11,443,0
2018,1,名古屋,松本孝平,0,0,0
2018,1,名古屋,梶山幹太,0,0,0
2018,1,名古屋,榎本大輝,2,91,0
2018,1,名古屋,深堀隼平,4,106,0
2018,1,名古屋,渡邉柊斗,0,0,0
2018,1,名古屋,相馬勇紀,9,315,1
2018,1,名古屋,石田凌太郎,0,0,0
2018,1,名古屋,秋山陽介,22,1426,0
2018,1,名古屋,菅原由勢,13,1080,0
2018,1,名古屋,藤井陽也,0,0,0
2018,1,川崎Ｆ,三笘薫,0,0,0
2018,1,川崎Ｆ,守田英正,26,1827,0
2018,1,川崎Ｆ,宮代大聖,0,0,0
2018,1,川崎Ｆ,旗手怜央,0,0,0
2018,1,川崎Ｆ,田中碧,4,164,1
2018,1,川崎Ｆ,知念慶,27,1022,4
2018,1,川崎Ｆ,車屋紳太郎,31,2695,0
2018,1,川崎Ｆ,長谷川竜也,12,436,1
2018,1,広島,東俊希,1,15,0
2018,1,広島,松本泰志,3,81,0
2018,1,広島,森島司,1,2,0
2018,1,広島,荒木隼人,0,0,0
2018,1,札幌,三好康児,26,1776,3
2018,1,札幌,中村桐耶,0,0,0
2018,1,札幌,濱大耀,0,0,0
2018,1,札幌,田中雄大,0,0,0
2018,1,札幌,菅大輝,33,2604,1
2018,1,札幌,進藤亮佑,34,3060,4
2018,1,柏,上島拓巳,0,0,0
2018,1,柏,中山雄太,19,1468,3
2018,1,柏,中川創,1,90,0
2018,1,柏,伊東純也,34,2941,6
2018,1,柏,古賀太陽,0,0,0
2018,1,柏,宮本駿晃,0,0,0
2018,1,柏,山田雄士,0,0,0
2018,1,柏,杉井颯,0,0,0
2018,1,柏,江坂任,33,2451,9
2018,1,柏,滝本晴彦,0,0,0
2018,1,柏,瀬川祐輔,25,1418,9
2018,1,柏,高木利弥,17,1404,0
2018,1,横浜FM,仲川輝人,24,1772,9
2018,1,横浜FM,原田岳,0,0,0
2018,1,横浜FM,吉尾海夏,6,157,0
2018,1,横浜FM,山田康太,8,390,1
2018,1,横浜FM,生駒仁,0,0,0
2018,1,横浜FM,遠藤渓太,27,1852,2
2018,1,浦和,大城蛍,0,0,0
2018,1,浦和,岩武克弥,0,0,0
2018,1,浦和,柴戸海,9,196,1
2018,1,浦和,橋岡大樹,25,2114,1
2018,1,浦和,石井僚,0,0,0
2018,1,浦和,福島春樹,0,0,0
2018,1,浦和,茂木力也,1,90,0
2018,1,浦和,荻原拓也,8,223,0
2018,1,清水,北川航也,32,2364,13
2018,1,清水,松原后,32,2775,0
2018,1,清水,梅田透吾,0,0,0
2018,1,清水,水谷拓磨,3,14,0
2018,1,清水,滝裕太,0,0,0
2018,1,清水,立田悠悟,25,2005,1
2018,1,清水,西村恭史,0,0,0
2018,1,清水,飯田貴敬,15,1122,0
2018,1,清水,髙橋大悟,0,0,0
2018,1,湘南,坂圭祐,25,2250,1
2018,1,湘南,大橋祐紀,1,9,0
2018,1,湘南,山口和樹,3,102,0
2018,1,湘南,山根視来,32,2847,1
2018,1,湘南,山﨑凌吾,16,1397,4
2018,1,湘南,岡﨑亮平,0,0,0
2018,1,湘南,後藤雅明,0,0,0
2018,1,湘南,新井光,1,24,0
2018,1,湘南,杉岡大暉,30,2507,1
2018,1,湘南,柴田壮介,0,0,0
2018,1,湘南,金子大毅,10,645,1
2018,1,湘南,鈴木国友,5,159,0
2018,1,湘南,高橋諒,10,683,1
2018,1,磐田,三浦龍輝,2,180,0
2018,1,磐田,上原力也,28,1645,1
2018,1,磐田,中野誠也,9,102,1
2018,1,磐田,大南拓磨,6,455,0
2018,1,磐田,小川航基,13,444,1
2018,1,磐田,志村滉,0,0,0
2018,1,磐田,荒木大吾,16,370,0
2018,1,磐田,藤川虎太朗,0,0,0
2018,1,磐田,針谷岳晃,0,0,0
2018,1,神戸,中坂勇哉,0,0,0
2018,1,神戸,佐々木大樹,6,411,1
2018,1,神戸,前川黛也,4,360,0
2018,1,神戸,古橋亨梧,13,953,5
2018,1,神戸,増山朝陽,7,317,1
2018,1,神戸,安井拓也,4,175,0
2018,1,神戸,宮大樹,5,448,0
2018,1,神戸,小林友希,2,131,0
2018,1,神戸,松下佳貴,9,239,0
2018,1,神戸,藤谷壮,13,848,0
2018,1,神戸,郷家友太,22,1521,2
2018,1,神戸,野田樹,0,0,0
2018,1,長崎,中村慶太,27,1677,7
2018,1,長崎,吉岡雅和,0,0,0
2018,1,長崎,名倉巧,3,69,0
2018,1,長崎,富澤雅也,0,0,0
2018,1,長崎,山本廉,0,0,0
2018,1,長崎,平松宗,13,409,1
2018,1,長崎,新里涼,7,281,0
2018,1,長崎,本多琢人,0,0,0
2018,1,長崎,江川湧清,0,0,0
2018,1,長崎,田上大地,27,2177,3
2018,1,長崎,米田隼也,16,384,1
2018,1,長崎,翁長聖,34,2952,2
2018,1,長崎,香川勇気,2,7,0
2018,1,長崎,鹿山拓真,0,0,0
2018,1,鳥栖,三丸拡,9,722,0
2018,1,鳥栖,田川亨介,23,978,2
2018,1,鳥栖,石井快征,0,0,0
2018,1,鳥栖,福田晃斗,31,2624,0
2018,1,鳥栖,辻周吾,0,0,0
2018,1,鹿島,三竿健斗,26,2100,0
2018,1,鹿島,久保田和音,2,178,0
2018,1,鹿島,名古新太郎,1,4,0
2018,1,鹿島,安部裕葵,22,1146,2
2018,1,鹿島,小田逸稀,6,462,1
2018,1,鹿島,山口一真,10,233,1
2018,1,鹿島,田中稔也,4,147,0
2018,1,鹿島,町田浩樹,8,679,2
2018,1,鹿島,鈴木優磨,32,2376,11
2018,1,Ｃ大阪,喜田陽,0,0,0
2018,1,Ｃ大阪,安藤瑞季,1,19,0
2018,1,Ｃ大阪,山内寛史,4,99,0
2018,1,Ｃ大阪,山口和樹,0,0,0
2018,1,Ｃ大阪,木本恭生,22,1651,0
2018,1,Ｃ大阪,松本凪生,0,0,0
2018,1,Ｃ大阪,澤上竜二,2,20,0
2018,1,Ｃ大阪,瀬古歩夢,0,0,0
2018,1,Ｃ大阪,石尾崚雅,0,0,0
2018,1,Ｃ大阪,藤尾翔太,0,0,0
2018,1,Ｃ大阪,西尾隆矢,0,0,0
2018,1,Ｃ大阪,西本雅崇,2,68,0
2018,1,Ｃ大阪,魚里直哉,0,0,0
2018,1,Ｇ大阪,一美和成,9,218,0
2018,1,Ｇ大阪,中村敬斗,17,498,1
2018,1,Ｇ大阪,初瀬亮,10,732,0
2018,1,Ｇ大阪,妹尾直哉,0,0,0
2018,1,Ｇ大阪,市丸瑞希,4,301,0
2018,1,Ｇ大阪,松田陸,0,0,0
2018,1,Ｇ大阪,林瑞輝,7,569,0
2018,1,Ｇ大阪,福田湧矢,3,110,0
2018,1,Ｇ大阪,芝本蓮,0,0,0
2018,1,Ｇ大阪,野田裕喜,0,0,0
2018,1,Ｇ大阪,食野亮太郎,11,291,0
2018,1,Ｇ大阪,高宇洋,12,637,0
2018,1,Ｇ大阪,髙江麗央,9,423,0
2018,2,京都,上月壮一郎,2,46,0
2018,2,京都,仙頭啓矢,39,2940,1
2018,2,京都,冨田康平,2,70,0
2018,2,京都,岩崎悠人,33,2164,1
2018,2,京都,沼大希,5,135,0
2018,2,京都,福岡慎平,10,651,1
2018,2,京都,若原智哉,12,1080,0
2018,2,京都,荻野広大,0,0,0
2018,2,京都,重廣卓也,32,2035,3
2018,2,千葉,古川大悟,0,0,0
2018,2,千葉,大野哲煥,9,810,0
2018,2,千葉,岡野洵,4,231,0
2018,2,千葉,杉山弾斗,3,149,0
2018,2,千葉,溝渕雄志,15,1079,0
2018,2,千葉,高木利弥,14,1143,2
2018,2,千葉,鳥海晃司,24,1902,0
2018,2,大分,國分伸太郎,10,617,0
2018,2,大分,姫野宥弥,4,167,0
2018,2,大分,岡野洵,6,92,0
2018,2,大分,岩田智輝,20,1598,0
2018,2,大分,星雄次,37,2936,5
2018,2,大分,福森直也,37,3317,0
2018,2,大分,鈴木義宜,42,3780,1
2018,2,大宮,佐相壱明,1,10,0
2018,2,大宮,奥抜侃志,7,337,0
2018,2,大宮,小野雅史,0,0,0
2018,2,大宮,山越康平,25,2059,0
2018,2,大宮,河面旺成,38,3247,0
2018,2,大宮,高山和真,0,0,0
2018,2,山口,吉満大介,17,1530,0
2018,2,山口,山下敬大,35,1568,5
2018,2,山口,廣木雄磨,11,772,0
2018,2,山口,楠本卓海,3,270,1
2018,2,山口,池上丈二,20,1326,0
2018,2,山口,清永丈瑠,6,241,0
2018,2,山口,起海斗,0,0,0
2018,2,山口,高井和馬,18,1037,2
2018,2,山口,髙橋壱晟,10,316,0
2018,2,山形,中村駿,38,3294,2
2018,2,山形,中村駿太,1,24,0
2018,2,山形,北川柊斗,17,876,1
2018,2,山形,半田陸,0,0,0
2018,2,山形,坂元達裕,0,0,0
2018,2,山形,安西海斗,15,1180,0
2018,2,山形,小林成豪,34,2706,12
2018,2,山形,摂津颯登,0,0,0
2018,2,山形,末吉塁,0,0,0
2018,2,山形,熊本雄太,34,2970,0
2018,2,山形,田村友,3,216,0
2018,2,山形,茂木力也,8,443,0
2018,2,岐阜,イヨハ理ヘンリー,11,964,0
2018,2,岐阜,三島頌平,26,1730,0
2018,2,岐阜,中島賢星,30,1451,2
2018,2,岐阜,古橋亨梧,26,2339,11
2018,2,岐阜,宮本航汰,41,3655,1
2018,2,岐阜,山岸祐也,31,2053,4
2018,2,岐阜,岡本享也,0,0,0
2018,2,岐阜,島村拓弥,4,83,0
2018,2,岐阜,村田透馬,2,29,0
2018,2,岐阜,永島悠史,10,864,1
2018,2,岐阜,石川大地,13,529,1
2018,2,岐阜,薮内健人,10,477,2
2018,2,岐阜,藤谷匠,0,0,0
2018,2,岐阜,長沼洋一,17,665,0
2018,2,岐阜,青木翼,6,464,0
2018,2,岡山,下口稚葉,12,941,0
2018,2,岡山,久保飛翔,3,270,0
2018,2,岡山,似鳥康太,0,0,0
2018,2,岡山,塚川孝輝,32,2678,3
2018,2,岡山,武田将平,15,771,2
2018,2,岡山,武田拓真,1,10,0
2018,2,岡山,福元友哉,10,168,0
2018,2,岡山,藤本佳希,0,0,0
2018,2,岡山,阿部海大,7,630,1
2018,2,徳島,井澤春輝,0,0,0
2018,2,徳島,井筒陸也,33,2756,1
2018,2,徳島,前川大河,39,2623,4
2018,2,徳島,呉屋大翔,7,443,1
2018,2,徳島,小西雄大,28,1691,3
2018,2,徳島,山﨑凌吾,18,1275,3
2018,2,徳島,松澤香輝,0,0,0
2018,2,徳島,渡井理己,0,0,0
2018,2,徳島,藤原志龍,4,39,0
2018,2,徳島,鈴木大誠,0,0,0
2018,2,愛媛,三原秀真,0,0,0
2018,2,愛媛,中川裕仁,0,0,0
2018,2,愛媛,丹羽詩温,34,1924,1
2018,2,愛媛,山﨑浩介,25,2104,1
2018,2,愛媛,岩井柊弥,1,9,0
2018,2,愛媛,池田樹雷人,7,608,1
2018,2,愛媛,渡邊創太,0,0,0
2018,2,愛媛,竹嶋裕二,0,0,0
2018,2,愛媛,藤本佳希,12,948,3
2018,2,愛媛,近藤貴司,32,2375,6
2018,2,愛媛,馬渡洋樹,0,0,0
2018,2,新潟,ターレス,34,1396,4
2018,2,新潟,原輝綺,25,2017,0
2018,2,新潟,坂井大将,8,629,0
2018,2,新潟,大武峻,15,1304,0
2018,2,新潟,広瀬健太,24,1922,2
2018,2,新潟,戸嶋祥郎,32,2823,2
2018,2,新潟,本間至恩,1,10,1
2018,2,新潟,渡邉新太,35,2316,10
2018,2,新潟,渡邊泰基,21,1880,0
2018,2,新潟,田中達也,31,1545,2
2018,2,新潟,田口潤人,0,0,0
2018,2,新潟,矢村健,0,0,0
2018,2,新潟,端山豪,2,84,0
2018,2,新潟,藤田和輝,0,0,0
2018,2,新潟,長谷川巧,0,0,0
2018,2,東京Ｖ,井上潮音,23,1372,0
2018,2,東京Ｖ,林昇吾,10,447,0
2018,2,東京Ｖ,森俊介,2,117,1
2018,2,東京Ｖ,渡辺皓太,36,2778,2
2018,2,東京Ｖ,藤本寛也,25,1694,3
2018,2,東京Ｖ,香川勇気,9,731,0
2018,2,東京Ｖ,高井和馬,3,54,0
2018,2,松本,下川陽太,11,772,0
2018,2,松本,前田大然,29,2017,7
2018,2,松本,森本大貴,0,0,0
2018,2,栃木,上形洋介,9,298,0
2018,2,栃木,古波津辰希,9,689,0
2018,2,栃木,川田拳登,27,1787,1
2018,2,栃木,浜下瑛,30,1856,2
2018,2,栃木,温井駿斗,8,575,0
2018,2,栃木,田代雅也,20,1684,0
2018,2,栃木,端山豪,5,107,1
2018,2,栃木,西谷和希,40,3514,6
2018,2,横浜FC,中山雄希,1,45,0
2018,2,横浜FC,北爪健吾,35,2858,5
2018,2,横浜FC,大内一生,0,0,0
2018,2,横浜FC,安永玲央,0,0,0
2018,2,横浜FC,川﨑裕大,14,994,1
2018,2,横浜FC,市川暉記,0,0,0
2018,2,横浜FC,新井純平,4,90,0
2018,2,横浜FC,立花歩夢,4,57,0
2018,2,横浜FC,辻周吾,10,900,0
2018,2,横浜FC,齋藤功佑,18,973,3
2018,2,水戸,ンドカボニフェイス,5,192,0
2018,2,水戸,伊藤槙人,35,3150,1
2018,2,水戸,伊藤涼太郎,34,1708,9
2018,2,水戸,外山凌,6,106,0
2018,2,水戸,宮本拓弥,24,1116,1
2018,2,水戸,小島幹敏,39,3444,4
2018,2,水戸,岸本武流,38,2013,3
2018,2,水戸,平野佑一,5,217,1
2018,2,水戸,志村滉,0,0,0
2018,2,水戸,茂木駿佑,24,1122,4
2018,2,水戸,長谷川凌,2,180,0
2018,2,水戸,黒川淳史,28,2109,3
2018,2,水戸,齋藤恵太,9,218,0
2018,2,熊本,似鳥康太,0,0,0
2018,2,熊本,八久保颯,27,1777,3
2018,2,熊本,坂本広大,10,453,2
2018,2,熊本,林祥太,3,48,0
2018,2,熊本,池谷友喜,2,24,0
2018,2,熊本,田中達也,42,3677,9
2018,2,熊本,米原秀亮,27,2115,0
2018,2,熊本,衛藤幹弥,0,0,0
2018,2,熊本,鈴木翔登,16,1258,2
2018,2,甲府,中山陸,0,0,0
2018,2,甲府,今津佑太,24,1890,1
2018,2,甲府,太田修介,4,199,0
2018,2,甲府,小出悠太,33,2813,1
2018,2,甲府,曽根田穣,20,1363,4
2018,2,甲府,森晃太,9,265,1
2018,2,甲府,湯澤聖人,27,2217,2
2018,2,甲府,荒木翔,0,0,0
2018,2,甲府,道渕諒平,27,1748,2
2018,2,甲府,高野遼,34,2393,0
2018,2,町田,下坂晃城,8,715,1
2018,2,町田,土居柊太,22,1454,2
2018,2,町田,大田隼輔,0,0,0
2018,2,町田,奥山政幸,40,3599,0
2018,2,町田,小島雅也,10,643,0
2018,2,町田,山内寛史,8,422,0
2018,2,町田,岡田優希,0,0,0
2018,2,町田,平戸太貴,40,3016,8
2018,2,町田,橋村龍ジョセフ,0,0,0
2018,2,町田,渡辺健太,0,0,0
2018,2,町田,福井光輝,29,2610,0
2018,2,福岡,北島祐二,0,0,0
2018,2,福岡,古賀太陽,21,1808,0
2018,2,福岡,山ノ井拓己,0,0,0
2018,2,福岡,平尾壮,5,320,0
2018,2,福岡,木戸皓貴,11,216,0
2018,2,福岡,桑原海人,0,0,0
2018,2,福岡,田村友,1,90,0
2018,2,讃岐,中島大貴,19,1366,1
2018,2,讃岐,佐々木匠,40,3210,4
2018,2,讃岐,佐々木渉,30,1752,0
2018,2,讃岐,森川裕基,24,1142,2
2018,2,讃岐,濱口草太,0,0,0
2018,2,讃岐,長澤拓哉,1,31,0
2018,2,讃岐,麻田将吾,27,2010,0
2018,2,金沢,上田樹,0,0,0
2018,2,金沢,垣田裕暉,38,2597,9
2018,2,金沢,大橋尚志,27,2218,3
2018,2,金沢,宮崎幾笑,23,1067,4
2018,2,金沢,山本義道,13,1164,1
2018,2,金沢,島津頼盛,5,50,0
2018,2,金沢,庄司朋乃也,41,3628,1
2018,2,金沢,毛利駿也,38,2663,1
2018,2,金沢,石田崚真,25,2022,0
2018,3,YS横浜,三沢直人,25,1940,7
2018,3,YS横浜,仲村京雅,4,129,0
2018,3,YS横浜,佐藤祐太,0,0,0
2018,3,YS横浜,北原大奨,14,154,0
2018,3,YS横浜,古島圭人,0,0,0
2018,3,YS横浜,土館賢人,24,1155,0
2018,3,YS横浜,奥田晃也,30,2440,4
2018,3,YS横浜,宗近慧,32,2880,1
2018,3,YS横浜,宮尾孝一,0,0,0
2018,3,YS横浜,柳雄太郎,3,76,0
2018,3,YS横浜,浅川隼人,0,0,0
2018,3,YS横浜,浅沼優瑠,32,2880,0
2018,3,YS横浜,西山雄介,10,899,1
2018,3,YS横浜,進昂平,12,236,0
2018,3,YS横浜,金子大晟,4,67,0
2018,3,北九州,中山開帆,4,360,0
2018,3,北九州,佐藤颯汰,9,380,2
2018,3,北九州,前田央樹,23,1217,2
2018,3,北九州,川上竜,30,2633,1
2018,3,北九州,浦田樹,26,2114,1
2018,3,北九州,福森健太,8,464,0
2018,3,北九州,藤原奏哉,16,1383,0
2018,3,北九州,野口航,23,1984,0
2018,3,富山,今瀬淳也,24,2160,1
2018,3,富山,佐々木陽次,24,1658,5
2018,3,富山,前嶋洋太,29,2063,7
2018,3,富山,吉岡雅和,3,125,0
2018,3,富山,大谷駿斗,8,135,0
2018,3,富山,川上エドオジョン智慧,24,1531,0
2018,3,富山,差波優人,31,2477,3
2018,3,富山,弓崎恭平,9,599,0
2018,3,富山,才藤龍治,27,1871,6
2018,3,富山,楠元秀真,4,194,0
2018,3,富山,瀧谷亮,2,24,0
2018,3,富山,生駒仁,0,0,0
2018,3,富山,脇本晃成,12,1013,1
2018,3,富山,西晃佑,4,124,0
2018,3,富山,谷奥健四郎,21,1458,2
2018,3,富山,進藤誠司,13,677,0
2018,3,富山,野田樹,1,17,0
2018,3,沼津,宮地元貴,1,5,0
2018,3,沼津,岡佳樹,10,382,1
2018,3,沼津,普光院誠,31,2765,2
2018,3,沼津,渥美瑛亮,0,0,0
2018,3,沼津,熱川徳政,23,2070,4
2018,3,沼津,畑潤基,25,1617,8
2018,3,沼津,藤嵜智貴,16,1039,0
2018,3,琉球,上門知樹,18,569,2
2018,3,琉球,増谷幸祐,32,2829,2
2018,3,琉球,大塚翔,1,16,0
2018,3,琉球,宮内雄希,0,0,0
2018,3,琉球,富樫佑太,32,2466,16
2018,3,琉球,小松駿太,31,2595,0
2018,3,琉球,徳元悠平,31,2790,2
2018,3,琉球,新井幹人,1,64,0
2018,3,琉球,瀧澤修平,32,2880,0
2018,3,琉球,知念雄太朗,18,1197,0
2018,3,琉球,福田愛大,1,8,0
2018,3,琉球,積田景介,3,270,0
2018,3,琉球,西岡大志,25,2241,2
2018,3,琉球,金成純,14,692,0
2018,3,盛岡,久保海都,12,1021,0
2018,3,盛岡,今関耕平,8,61,0
2018,3,盛岡,太田賢吾,12,1030,0
2018,3,盛岡,嫁阪翔太,16,962,1
2018,3,盛岡,山田陸,20,1453,0
2018,3,盛岡,江頭一輝,20,1357,1
2018,3,盛岡,河津良一,15,1148,1
2018,3,盛岡,清水敦貴,0,0,0
2018,3,盛岡,田中憧,18,1547,0
2018,3,盛岡,福田友也,32,2880,0
2018,3,盛岡,菅本岳,24,1290,3
2018,3,盛岡,藤沼拓夢,29,2115,6
2018,3,盛岡,谷口海斗,23,1565,15
2018,3,盛岡,鈴木達也,10,383,2
2018,3,相模原,古川雅人,2,135,0
2018,3,相模原,川戸大樹,1,41,0
2018,3,相模原,徳永裕大,19,853,1
2018,3,相模原,松本孝平,13,620,0
2018,3,相模原,梶山幹太,11,598,0
2018,3,相模原,森本大貴,14,1171,0
2018,3,相模原,田中雄大,26,2340,0
2018,3,相模原,米原祐,17,1166,0
2018,3,相模原,髙畑智也,0,0,0
2018,3,相模原,麦倉捺木,1,81,0
2018,3,福島,三橋秀平,13,97,1
2018,3,福島,和田響稀,0,0,0
2018,3,福島,堀田大暉,26,2340,0
2018,3,福島,寺前光太,0,0,0
2018,3,福島,川上翔平,0,0,0
2018,3,福島,星広太,18,1305,2
2018,3,福島,東隼也,14,1227,0
2018,3,福島,橋本裕貴,0,0,0
2018,3,福島,池田昌生,32,1350,3
2018,3,福島,輪笠祐士,32,2601,1
2018,3,秋田,千田海人,26,2249,0
2018,3,秋田,吉平翼,17,552,0
2018,3,秋田,外山凌,14,1139,3
2018,3,秋田,大石文弥,0,0,0
2018,3,秋田,平石直人,23,1432,1
2018,3,秋田,深井脩平,2,17,0
2018,3,秋田,藤山智史,30,2672,2
2018,3,秋田,遊馬将也,15,477,1
2018,3,秋田,青島拓馬,23,1344,2
2018,3,群馬,中村俊貴,0,0,0
2018,3,群馬,出岡大輝,0,0,0
2018,3,群馬,大島康樹,29,1998,10
2018,3,群馬,小牟田洋佑,6,153,0
2018,3,群馬,岡庭裕貴,15,663,0
2018,3,群馬,岩田拓也,12,990,0
2018,3,群馬,川岸祐輔,1,18,0
2018,3,群馬,志村駿太,0,0,0
2018,3,群馬,永藤歩,2,76,0
2018,3,群馬,藤原雅斗,0,0,0
2018,3,群馬,長谷川巧,3,202,0
2018,3,藤枝,出岡大輝,6,110,0
2018,3,藤枝,北川滉平,2,120,0
2018,3,藤枝,川上盛司,16,1413,0
2018,3,藤枝,秋山貴嗣,30,2616,1
2018,3,藤枝,種岡岐将,0,0,0
2018,3,長野,前田悠斗,2,162,0
2018,3,長野,堂安憂,25,1802,5
2018,3,長野,河合秀人,26,2065,3
2018,3,長野,竹下玲王,12,769,3
2018,3,長野,遠藤元一,6,406,0
2018,3,鳥取,井上黎生人,30,2355,2
2018,3,鳥取,加藤潤也,26,1992,7
2018,3,鳥取,原口拓人,0,0,0
2018,3,鳥取,小林智光,27,1588,3
2018,3,鳥取,山本蓮,14,193,0
2018,3,鳥取,星野有亮,27,2240,0
2018,3,鳥取,林誠道,14,90,0
2018,3,鳥取,甲斐健太郎,32,2880,1
2018,3,鳥取,石井光輝,1,2,0
2018,3,鳥取,細田歩夢,0,0,0
2018,3,鳥取,西山雄介,11,990,5
2018,3,鳥取,魚里直哉,13,1140,0
2018,3,鹿児島,中原優生,0,0,0
2018,3,鹿児島,中山雄希,11,742,1
2018,3,鹿児島,萱沼優聖,23,1335,3
2018,3,鹿児島,野嶽寛也,1,1,0
2018,3,鹿児島,野嶽惇也,29,1774,3
2018,3,鹿児島,阪本将基,0,0,0
2018,3,Ｃ大23,中島元彦,31,2445,7
2018,3,Ｃ大23,喜田陽,26,2307,0
2018,3,Ｃ大23,大山武蔵,16,761,0
2018,3,Ｃ大23,安藤瑞季,15,407,1
2018,3,Ｃ大23,山内寛史,11,530,1
2018,3,Ｃ大23,山根永遠,31,2175,5
2018,3,Ｃ大23,山田寛人,15,721,3
2018,3,Ｃ大23,斧澤隼輝,31,2738,4
2018,3,Ｃ大23,松本凪生,8,194,0
2018,3,Ｃ大23,森下怜哉,29,2610,1
2018,3,Ｃ大23,永石拓海,11,990,0
2018,3,Ｃ大23,沖野将基,23,1653,1
2018,3,Ｃ大23,澤上竜二,3,166,1
2018,3,Ｃ大23,瀬古歩夢,16,1282,1
2018,3,Ｃ大23,石尾崚雅,22,1756,1
2018,3,Ｃ大23,米澤令衣,28,2241,12
2018,3,Ｃ大23,舩木翔,30,2695,2
2018,3,Ｃ大23,茂木秀,20,1800,0
2018,3,Ｃ大23,藤尾翔太,5,36,0
2018,3,Ｃ大23,西尾隆矢,2,107,0
2018,3,Ｃ大23,西本雅崇,16,1203,2
2018,3,Ｃ大23,魚里直哉,18,1283,1
2018,3,Ｆ東23,バングーナガンデ佳史扶,12,675,0
2018,3,Ｆ東23,内田宅哉,15,1274,1
2018,3,Ｆ東23,原大智,23,1439,4
2018,3,Ｆ東23,品田愛斗,31,2697,0
2018,3,Ｆ東23,富樫敬真,9,687,2
2018,3,Ｆ東23,小川諒也,11,946,0
2018,3,Ｆ東23,山田将之,22,1935,1
2018,3,Ｆ東23,岡崎慎,16,1350,0
2018,3,Ｆ東23,廣末陸,15,1350,0
2018,3,Ｆ東23,木村誠二,18,1575,0
2018,3,Ｆ東23,柳貴博,20,1695,1
2018,3,Ｆ東23,波多野豪,11,990,0
2018,3,Ｆ東23,渡辺剛,3,270,0
2018,3,Ｆ東23,矢島輝一,22,1745,9
2018,3,Ｆ東23,野澤大志ブランドン,0,0,0
2018,3,Ｆ東23,鈴木喜丈,5,450,0
2018,3,Ｇ大23,一美和成,21,1877,8
2018,3,Ｇ大23,中村敬斗,15,795,4
2018,3,Ｇ大23,初瀬亮,10,900,0
2018,3,Ｇ大23,奥野耕平,2,29,0
2018,3,Ｇ大23,妹尾直哉,27,1580,6
2018,3,Ｇ大23,山口竜弥,31,2634,0
2018,3,Ｇ大23,市丸瑞希,20,1533,0
2018,3,Ｇ大23,松田陸,24,2022,0
2018,3,Ｇ大23,林瑞輝,4,360,0
2018,3,Ｇ大23,白井陽斗,21,260,3
2018,3,Ｇ大23,福田湧矢,22,796,3
2018,3,Ｇ大23,芝本蓮,22,1282,2
2018,3,Ｇ大23,野田裕喜,26,2251,0
2018,3,Ｇ大23,食野亮太郎,15,1011,5
2018,3,Ｇ大23,高宇洋,20,1800,3
2018,3,Ｇ大23,髙木彰人,32,2292,5
2018,3,Ｇ大23,髙江麗央,16,1320,0
2019,1,FC東京,バングーナガンデ佳史扶,0,0,0
2019,1,FC東京,中村帆高,0,0,0
2019,1,FC東京,中村拓海,0,0,0
2019,1,FC東京,内田宅哉,2,7,0
2019,1,FC東京,原大智,0,0,0
2019,1,FC東京,大森理生,0,0,0
2019,1,FC東京,安部柊斗,1,8,0
2019,1,FC東京,室屋成,30,2697,0
2019,1,FC東京,小川諒也,22,1980,1
2019,1,FC東京,岡崎慎,7,267,0
2019,1,FC東京,木村誠二,0,0,0
2019,1,FC東京,波多野豪,0,0,0
2019,1,FC東京,渡辺剛,20,1732,2
2019,1,FC東京,田川亨介,11,247,1
2019,1,FC東京,矢島輝一,9,150,0
2019,1,FC東京,紺野和也,0,0,0
2019,1,FC東京,野澤大志ブランドン,0,0,0
2019,1,仙台,ジャーメイン良,21,844,1
2019,1,仙台,吉尾海夏,13,883,2
2019,1,仙台,常田克人,8,720,0
2019,1,仙台,松下佳貴,25,2153,3
2019,1,仙台,椎橋慧也,12,728,0
2019,1,仙台,永戸勝也,30,2700,2
2019,1,仙台,照山颯人,0,0,0
2019,1,仙台,田中渉,1,54,0
2019,1,仙台,道渕諒平,25,1828,5
2019,1,名古屋,和泉竜司,31,2332,6
2019,1,名古屋,大垣勇樹,0,0,0
2019,1,名古屋,山田康太,0,0,0
2019,1,名古屋,成瀬竣平,1,45,0
2019,1,名古屋,榎本大輝,2,29,0
2019,1,名古屋,深堀隼平,2,10,0
2019,1,名古屋,相馬勇紀,16,380,1
2019,1,名古屋,秋山陽介,0,0,0
2019,1,名古屋,菅原由勢,0,0,0
2019,1,名古屋,藤井陽也,4,358,0
2019,1,大分,伊藤涼太郎,4,144,0
2019,1,大分,吉平翼,0,0,0
2019,1,大分,坂井大将,0,0,0
2019,1,大分,小島亨介,0,0,0
2019,1,大分,小林成豪,7,280,2
2019,1,大分,岡野洵,4,261,0
2019,1,大分,岩田智輝,27,2403,4
2019,1,大分,庄司朋乃也,6,334,0
2019,1,大分,星雄次,11,528,0
2019,1,大分,田中達也,15,1324,1
2019,1,大分,福森直也,9,788,0
2019,1,大分,羽田健人,1,83,0
2019,1,大分,鈴木義宜,34,3060,0
2019,1,大分,長谷川雄志,19,1359,0
2019,1,大分,高畑奎汰,6,296,0
2019,1,川崎Ｆ,イサカゼイン,0,0,0
2019,1,川崎Ｆ,三笘薫,0,0,0
2019,1,川崎Ｆ,守田英正,23,1813,0
2019,1,川崎Ｆ,宮代大聖,0,0,0
2019,1,川崎Ｆ,宮城天,0,0,0
2019,1,川崎Ｆ,旗手怜央,1,5,0
2019,1,川崎Ｆ,田中碧,24,1967,1
2019,1,川崎Ｆ,知念慶,21,955,5
2019,1,川崎Ｆ,脇坂泰斗,18,923,5
2019,1,川崎Ｆ,車屋紳太郎,27,2120,0
2019,1,川崎Ｆ,長谷川竜也,25,1335,5
2019,1,川崎Ｆ,馬渡洋樹,0,0,0
2019,1,広島,川井歩,0,0,0
2019,1,広島,東俊希,11,384,0
2019,1,広島,松本大弥,4,34,0
2019,1,広島,松本泰志,15,1089,0
2019,1,広島,森島司,24,1866,3
2019,1,広島,荒木隼人,24,2047,2
2019,1,札幌,中村桐耶,0,0,0
2019,1,札幌,岩崎悠人,8,57,0
2019,1,札幌,檀崎竜孔,2,2,0
2019,1,札幌,濱大耀,0,0,0
2019,1,札幌,田中駿汰,0,0,0
2019,1,札幌,菅大輝,31,2390,0
2019,1,札幌,藤村怜,1,7,0
2019,1,札幌,進藤亮佑,33,2970,6
2019,1,札幌,金子拓郎,6,71,0
2019,1,札幌,高嶺朋樹,0,0,0
2019,1,松本,三ッ田啓希,0,0,0
2019,1,松本,前田大然,18,1461,2
2019,1,松本,塚川孝輝,3,33,0
2019,1,松本,山本龍平,0,0,0
2019,1,松本,榎本樹,0,0,0
2019,1,松本,高木利弥,1,4,0
2019,1,松本,高橋諒,32,2871,1
2019,1,横浜FM,オビパウエルオビンナ,0,0,0
2019,1,横浜FM,三好康児,19,1035,3
2019,1,横浜FM,仲川輝人,33,2796,15
2019,1,横浜FM,伊藤槙人,3,127,0
2019,1,横浜FM,原田岳,0,0,0
2019,1,横浜FM,山田康太,1,64,0
2019,1,横浜FM,山谷侑士,3,24,0
2019,1,横浜FM,椿直起,0,0,0
2019,1,横浜FM,渡辺皓太,9,258,0
2019,1,横浜FM,遠藤渓太,33,1913,7
2019,1,横浜FM,高野遼,5,297,0
2019,1,浦和,大久保智明,0,0,0
2019,1,浦和,岩武克弥,3,203,0
2019,1,浦和,柴戸海,20,1084,0
2019,1,浦和,橋岡大樹,18,1438,2
2019,1,浦和,福島春樹,1,90,0
2019,1,浦和,福島竜弥,0,0,0
2019,1,浦和,茂木力也,0,0,0
2019,1,浦和,荻原拓也,4,191,0
2019,1,清水,中村慶太,21,1245,1
2019,1,清水,北川航也,20,1727,6
2019,1,清水,川本梨誉,2,24,0
2019,1,清水,成岡輝瑠,0,0,0
2019,1,清水,松原后,34,3056,2
2019,1,清水,水谷拓磨,1,5,0
2019,1,清水,滝裕太,12,210,2
2019,1,清水,福森直也,0,0,0
2019,1,清水,立田悠悟,26,1738,0
2019,1,清水,西村恭史,0,0,0
2019,1,清水,西澤健太,23,1647,7
2019,1,清水,飯田貴敬,11,397,0
2019,1,清水,髙橋大悟,0,0,0
2019,1,湘南,坂圭祐,21,1761,1
2019,1,湘南,大橋祐紀,5,148,1
2019,1,湘南,山口和樹,2,119,0
2019,1,湘南,山根視来,31,2658,2
2019,1,湘南,山﨑凌吾,31,2633,5
2019,1,湘南,新井光,0,0,0
2019,1,湘南,杉岡大暉,28,2402,2
2019,1,湘南,柴田壮介,1,8,0
2019,1,湘南,毛利駿也,0,0,0
2019,1,湘南,田中聡,0,0,0
2019,1,湘南,福島隼斗,0,0,0
2019,1,湘南,舘幸希,0,0,0
2019,1,湘南,若月大和,1,13,0
2019,1,湘南,金子大毅,18,1531,2
2019,1,湘南,鈴木冬一,22,1405,0
2019,1,湘南,鈴木国友,3,55,0
2019,1,磐田,三木直土,0,0,0
2019,1,磐田,三浦龍輝,0,0,0
2019,1,磐田,上原力也,22,1681,2
2019,1,磐田,中野誠也,1,28,0
2019,1,磐田,大南拓磨,22,1635,0
2019,1,磐田,小川航基,5,53,0
2019,1,磐田,志村滉,0,0,0
2019,1,磐田,清田奈央弥,0,0,0
2019,1,磐田,石田崚真,1,14,0
2019,1,磐田,秋山陽介,8,409,0
2019,1,磐田,荒木大吾,28,697,1
2019,1,磐田,藤川虎太朗,8,452,1
2019,1,磐田,針谷岳晃,3,131,0
2019,1,神戸,中坂勇哉,1,5,0
2019,1,神戸,佐々木大樹,0,0,0
2019,1,神戸,初瀬亮,17,1391,0
2019,1,神戸,前川黛也,8,720,0
2019,1,神戸,古橋亨梧,31,2340,10
2019,1,神戸,増山朝陽,4,48,1
2019,1,神戸,安井拓也,11,361,0
2019,1,神戸,宮大樹,11,979,0
2019,1,神戸,小林友希,0,0,0
2019,1,神戸,小田裕太郎,0,0,0
2019,1,神戸,山川哲史,0,0,0
2019,1,神戸,藤谷壮,7,424,0
2019,1,神戸,郷家友太,12,489,1
2019,1,鳥栖,三丸拡,26,2248,0
2019,1,鳥栖,原輝綺,19,1551,0
2019,1,鳥栖,大畑歩夢,0,0,0
2019,1,鳥栖,本田風智,0,0,0
2019,1,鳥栖,板橋洋青,0,0,0
2019,1,鳥栖,林大地,1,16,1
2019,1,鳥栖,樋口雄太,1,11,0
2019,1,鳥栖,相良竜之介,0,0,0
2019,1,鳥栖,石井快征,1,2,0
2019,1,鳥栖,福田晃斗,24,1618,0
2019,1,鹿島,三竿健斗,28,1936,0
2019,1,鹿島,名古新太郎,15,925,0
2019,1,鹿島,安部裕葵,14,645,1
2019,1,鹿島,小田逸稀,2,107,0
2019,1,鹿島,山口一真,7,127,0
2019,1,鹿島,平戸太貴,1,53,0
2019,1,鹿島,有馬幸太郎,0,0,0
2019,1,鹿島,沖悠哉,0,0,0
2019,1,鹿島,町田浩樹,22,1899,1
2019,1,鹿島,相馬勇紀,5,68,1
2019,1,鹿島,鈴木優磨,0,0,0
2019,1,鹿島,関川郁万,0,0,0
2019,1,Ｃ大阪,下川太陽,0,0,0
2019,1,Ｃ大阪,吉馴空矢,0,0,0
2019,1,Ｃ大阪,山根永遠,0,0,0
2019,1,Ｃ大阪,山田寛人,1,1,0
2019,1,Ｃ大阪,斧澤隼輝,0,0,0
2019,1,Ｃ大阪,木本恭生,29,2444,0
2019,1,Ｃ大阪,澤上竜二,0,0,0
2019,1,Ｃ大阪,瀬古歩夢,13,1085,1
2019,1,Ｃ大阪,田平起也,0,0,0
2019,1,Ｃ大阪,舩木翔,5,387,0
2019,1,Ｃ大阪,西川潤,1,6,0
2019,1,Ｃ大阪,西本雅崇,0,0,0
2019,1,Ｇ大阪,中村敬斗,7,495,0
2019,1,Ｇ大阪,呉屋大翔,0,0,0
2019,1,Ｇ大阪,唐山翔自,0,0,0
2019,1,Ｇ大阪,塚元大,0,0,0
2019,1,Ｇ大阪,山本悠樹,0,0,0
2019,1,Ｇ大阪,川﨑修平,0,0,0
2019,1,Ｇ大阪,市丸瑞希,0,0,0
2019,1,Ｇ大阪,松田陸,0,0,0
2019,1,Ｇ大阪,林瑞輝,0,0,0
2019,1,Ｇ大阪,田中達也,8,272,0
2019,1,Ｇ大阪,福田湧矢,17,1147,1
2019,1,Ｇ大阪,野田裕喜,0,0,0
2019,1,Ｇ大阪,食野亮太郎,12,440,3
2019,1,Ｇ大阪,高宇洋,6,322,0
2019,1,Ｇ大阪,髙尾瑠,18,1620,0
2019,1,Ｇ大阪,髙木彰人,0,0,0
2019,1,Ｇ大阪,髙江麗央,11,630,0
2019,1,Ｇ大阪,黒川圭介,1,19,0
2019,2,京都,一美和成,36,2499,17
2019,2,京都,上夷克典,13,1129,0
2019,2,京都,上月壮一郎,3,105,0
2019,2,京都,中坂勇哉,7,161,1
2019,2,京都,中野克哉,9,430,0
2019,2,京都,仙頭啓矢,36,2657,10
2019,2,京都,冨田康平,9,457,0
2019,2,京都,川崎颯太,0,0,0
2019,2,京都,服部航平,0,0,0
2019,2,京都,江川慶城,0,0,0
2019,2,京都,福岡慎平,36,2919,2
2019,2,京都,若原智哉,1,90,0
2019,2,京都,谷内田哲平,0,0,0
2019,2,京都,重廣卓也,29,1810,2
2019,2,千葉,古川大悟,0,0,0
2019,2,千葉,新井一耀,29,2597,2
2019,2,千葉,本村武揚,1,1,0
2019,2,千葉,本田功輝,0,0,0
2019,2,千葉,見木友哉,9,291,1
2019,2,千葉,鳥海晃司,24,1720,0
2019,2,大宮,佐相壱明,0,0,0
2019,2,大宮,加藤有輝,10,900,0
2019,2,大宮,吉永昇偉,13,912,1
2019,2,大宮,奥抜侃志,25,1668,5
2019,2,大宮,小島幹敏,28,1411,1
2019,2,大宮,小野雅史,2,25,0
2019,2,大宮,山越康平,6,409,0
2019,2,大宮,河面旺成,41,3690,2
2019,2,大宮,西村慧祐,0,0,0
2019,2,大宮,高山和真,2,40,0
2019,2,山口,佐々木匠,22,1636,3
2019,2,山口,吉満大介,28,2520,0
2019,2,山口,宮代大聖,19,1413,2
2019,2,山口,小野原和哉,13,525,0
2019,2,山口,山下敬大,37,2598,11
2019,2,山口,川井歩,24,1928,1
2019,2,山口,廣末陸,0,0,0
2019,2,山口,楠本卓海,30,2576,1
2019,2,山口,永石拓海,0,0,0
2019,2,山口,池上丈二,26,1578,2
2019,2,山口,清永丈瑠,1,90,0
2019,2,山口,眞鍋旭輝,0,0,0
2019,2,山口,石田崚真,14,1111,2
2019,2,山口,菊池流帆,35,2974,3
2019,2,山口,高井和馬,38,2378,8
2019,2,山口,高宇洋,12,1080,0
2019,2,山形,中村駿,38,3420,6
2019,2,山形,北川柊斗,2,18,0
2019,2,山形,半田陸,5,175,0
2019,2,山形,坂元達裕,42,3163,7
2019,2,山形,大友竜輔,0,0,0
2019,2,山形,山岸祐也,14,971,4
2019,2,山形,山本龍平,0,0,0
2019,2,山形,末吉塁,1,3,0
2019,2,山形,柳貴博,28,2023,2
2019,2,山形,永藤歩,0,0,0
2019,2,山形,熊本雄太,38,3280,1
2019,2,山形,田村友,0,0,0
2019,2,山形,野田裕喜,6,519,0
2019,2,山形,高橋潤哉,0,0,0
2019,2,山形,髙木彰人,10,164,1
2019,2,岐阜,イヨハ理ヘンリー,6,451,0
2019,2,岐阜,タビナスジェファーソン,8,219,0
2019,2,岐阜,三島頌平,17,1371,0
2019,2,岐阜,中島賢星,24,1476,0
2019,2,岐阜,会津雄生,13,844,0
2019,2,岐阜,塚川孝輝,19,1521,1
2019,2,岐阜,宮本航汰,25,2149,1
2019,2,岐阜,富樫佑太,4,68,0
2019,2,岐阜,山岸祐也,22,1685,4
2019,2,岐阜,市丸瑞希,14,740,0
2019,2,岐阜,村田透馬,8,416,0
2019,2,岐阜,柳澤亘,26,1900,0
2019,2,岐阜,永島悠史,19,987,1
2019,2,岐阜,甲斐健太郎,34,3060,0
2019,2,岐阜,石川大地,5,257,0
2019,2,岐阜,粟飯原尚平,17,1174,2
2019,2,岐阜,藤谷匠,19,1637,0
2019,2,岐阜,長倉颯,8,638,0
2019,2,岡山,下口稚葉,8,125,0
2019,2,岡山,中野誠也,24,863,5
2019,2,岡山,久保田和音,25,1839,0
2019,2,岡山,増谷幸祐,14,1226,0
2019,2,岡山,廣木雄磨,36,3134,0
2019,2,岡山,武田将平,27,1546,1
2019,2,岡山,武田拓真,5,30,0
2019,2,岡山,福元友哉,18,417,0
2019,2,岡山,西村恭史,0,0,0
2019,2,岡山,阿部海大,0,0,0
2019,2,徳島,井澤春輝,0,0,0
2019,2,徳島,小西雄大,34,3013,2
2019,2,徳島,岸本武流,36,2566,4
2019,2,徳島,後東尚輝,0,0,0
2019,2,徳島,松澤香輝,0,0,0
2019,2,徳島,森田凜,0,0,0
2019,2,徳島,渡井理己,29,1797,6
2019,2,徳島,藤原志龍,2,32,0
2019,2,徳島,鈴木大誠,2,119,0
2019,2,徳島,鈴木徳真,15,709,1
2019,2,愛媛,三原秀真,0,0,0
2019,2,愛媛,下川陽太,37,3306,3
2019,2,愛媛,中川裕仁,0,0,0
2019,2,愛媛,丹羽詩温,28,1105,5
2019,2,愛媛,山﨑浩介,31,2672,3
2019,2,愛媛,岩井柊弥,1,3,0
2019,2,愛媛,川村拓夢,4,249,1
2019,2,愛媛,忽那喬司,0,0,0
2019,2,愛媛,清川流石,0,0,0
2019,2,愛媛,竹嶋裕二,3,270,0
2019,2,愛媛,茂木力也,16,1440,0
2019,2,愛媛,藤本佳希,39,2332,9
2019,2,愛媛,近藤貴司,42,3391,6
2019,2,愛媛,長沼洋一,33,2689,0
2019,2,愛媛,馬渡洋樹,0,0,0
2019,2,新潟,大武峻,42,3780,4
2019,2,新潟,岡本將成,10,860,0
2019,2,新潟,平松宗,2,164,0
2019,2,新潟,広瀬健太,6,442,0
2019,2,新潟,戸嶋祥郎,34,2984,1
2019,2,新潟,新井直人,32,2695,1
2019,2,新潟,早川史哉,8,719,0
2019,2,新潟,本間至恩,28,867,3
2019,2,新潟,渡邉新太,37,2579,5
2019,2,新潟,渡邊泰基,16,1370,0
2019,2,新潟,田中達也,17,485,1
2019,2,新潟,田口潤人,0,0,0
2019,2,新潟,矢村健,1,3,0
2019,2,新潟,秋山裕紀,6,461,0
2019,2,東京Ｖ,井上潮音,33,2447,3
2019,2,東京Ｖ,安在達弥,4,96,0
2019,2,東京Ｖ,山本理仁,22,1554,0
2019,2,東京Ｖ,森田晃樹,24,1510,3
2019,2,東京Ｖ,渡辺皓太,16,1189,1
2019,2,東京Ｖ,石浦大雅,1,6,0
2019,2,東京Ｖ,藤本寛也,16,919,0
2019,2,東京Ｖ,藤田譲瑠チマ,4,109,0
2019,2,東京Ｖ,馬場晴也,0,0,0
2019,2,柏,上島拓巳,10,823,0
2019,2,柏,中川創,1,90,0
2019,2,柏,井出敬大,0,0,0
2019,2,柏,古賀太陽,37,3207,2
2019,2,柏,宮本駿晃,4,115,0
2019,2,柏,杉井颯,2,180,0
2019,2,柏,松本健太,0,0,0
2019,2,柏,江坂任,38,2869,11
2019,2,柏,滝本晴彦,0,0,0
2019,2,柏,瀬川祐輔,40,3207,8
2019,2,柏,猿田遥己,0,0,0
2019,2,柏,田上大地,7,311,0
2019,2,柏,田中陸,9,342,0
2019,2,柏,細谷真大,6,77,0
2019,2,柏,高木利弥,0,0,0
2019,2,柏,鵜木郁哉,0,0,0
2019,2,栃木,古波津辰希,13,668,0
2019,2,栃木,大島康樹,18,911,1
2019,2,栃木,山本廉,0,0,0
2019,2,栃木,川田拳登,22,1391,0
2019,2,栃木,早乙女達海,0,0,0
2019,2,栃木,本庄竜大,0,0,0
2019,2,栃木,森下怜哉,27,2376,1
2019,2,栃木,浅沼優瑠,0,0,0
2019,2,栃木,浜下瑛,33,2696,1
2019,2,栃木,温井駿斗,5,331,0
2019,2,栃木,田代雅也,28,2057,3
2019,2,栃木,荒井秀賀,2,180,0
2019,2,栃木,西谷和希,37,2659,5
2019,2,横浜FC,中山克広,32,2579,6
2019,2,横浜FC,北爪健吾,40,3377,1
2019,2,横浜FC,安永玲央,2,78,0
2019,2,横浜FC,山本凌太郎,1,11,0
2019,2,横浜FC,川﨑裕大,14,1106,0
2019,2,横浜FC,松尾佑介,21,1471,6
2019,2,横浜FC,瀬古樹,0,0,0
2019,2,横浜FC,立花歩夢,0,0,0
2019,2,横浜FC,草野侑己,11,495,4
2019,2,横浜FC,袴田裕太郎,14,1025,0
2019,2,横浜FC,辻周吾,0,0,0
2019,2,横浜FC,齋藤功佑,14,797,3
2019,2,水戸,ンドカボニフェイス,18,1430,1
2019,2,水戸,中川洋介,0,0,0
2019,2,水戸,伊藤槙人,19,1710,0
2019,2,水戸,外山凌,13,974,0
2019,2,水戸,宮大樹,12,925,2
2019,2,水戸,宮本拓弥,1,1,0
2019,2,水戸,小川航基,17,1319,7
2019,2,水戸,平塚悠知,7,144,0
2019,2,水戸,平田海斗,0,0,0
2019,2,水戸,平野佑一,20,1283,0
2019,2,水戸,村田航一,30,895,2
2019,2,水戸,浅野雄也,34,1172,4
2019,2,水戸,瀧澤修平,12,937,1
2019,2,水戸,茂木駿佑,28,1660,4
2019,2,水戸,長谷川凌,0,0,0
2019,2,水戸,黒川淳史,39,3068,7
2019,2,水戸,齋藤恵太,1,27,0
2019,2,琉球,上門知樹,38,2526,14
2019,2,琉球,儀保幸英,1,22,0
2019,2,琉球,國場虎次朗,0,0,0
2019,2,琉球,増谷幸祐,24,2160,2
2019,2,琉球,小松駿太,17,933,0
2019,2,琉球,小泉佳穂,12,253,0
2019,2,琉球,山田寛人,10,772,2
2019,2,琉球,岡﨑亮平,39,3465,0
2019,2,琉球,徳元悠平,35,3014,0
2019,2,琉球,新井純平,1,4,0
2019,2,琉球,河合秀人,28,1588,3
2019,2,琉球,猪瀬康介,1,90,0
2019,2,琉球,積田景介,0,0,0
2019,2,琉球,西岡大志,23,2051,2
2019,2,琉球,金成純,10,356,0
2019,2,甲府,中塩大貴,0,0,0
2019,2,甲府,中山陸,0,0,0
2019,2,甲府,中村亮太朗,0,0,0
2019,2,甲府,今津佑太,5,279,0
2019,2,甲府,太田修介,1,58,0
2019,2,甲府,宮崎純真,11,234,1
2019,2,甲府,小出悠太,36,3135,0
2019,2,甲府,小林岩魚,0,0,0
2019,2,甲府,曽根田穣,30,1985,6
2019,2,甲府,森晃太,10,420,1
2019,2,甲府,湯澤聖人,14,1143,0
2019,2,甲府,荒木翔,9,588,0
2019,2,町田,下坂晃城,21,1644,1
2019,2,町田,佐野海舟,21,1497,0
2019,2,町田,土居柊太,32,2417,4
2019,2,町田,奥山政幸,42,3694,0
2019,2,町田,富樫敬真,30,2120,5
2019,2,町田,小林友希,15,1350,0
2019,2,町田,山内寛史,17,619,1
2019,2,町田,山田将之,0,0,0
2019,2,町田,岡田優希,23,945,0
2019,2,町田,平尾壮,3,50,0
2019,2,町田,平戸太貴,17,1477,2
2019,2,町田,橋村龍ジョセフ,0,0,0
2019,2,町田,渡辺健太,0,0,0
2019,2,町田,福井光輝,4,360,0
2019,2,町田,端山豪,4,49,0
2019,2,福岡,初瀬亮,9,801,0
2019,2,福岡,前川大河,40,2209,2
2019,2,福岡,北島祐二,5,51,0
2019,2,福岡,喜田陽,10,420,0
2019,2,福岡,山ノ井拓己,0,0,0
2019,2,福岡,山田将之,11,645,1
2019,2,福岡,木戸皓貴,30,1181,3
2019,2,福岡,桑原海人,0,0,0
2019,2,金沢,垣田裕暉,35,2375,8
2019,2,金沢,大橋尚志,39,3380,0
2019,2,金沢,大石竜平,38,2117,6
2019,2,金沢,小島雅也,14,1215,0
2019,2,金沢,山本義道,40,3599,3
2019,2,金沢,山根永遠,14,824,4
2019,2,金沢,島津頼盛,3,24,0
2019,2,金沢,後藤雅明,3,270,0
2019,2,金沢,新井栄聡,0,0,0
2019,2,金沢,本塚聖也,0,0,0
2019,2,金沢,毛利駿也,17,1379,0
2019,2,金沢,石尾崚雅,9,810,0
2019,2,金沢,窪田稜,11,96,0
2019,2,金沢,長谷川巧,27,2276,0
2019,2,金沢,高安孝幸,1,45,0
2019,2,長崎,五月田星矢,0,0,0
2019,2,長崎,吉岡雅和,30,1206,4
2019,2,長崎,名倉巧,0,0,0
2019,2,長崎,呉屋大翔,36,2927,22
2019,2,長崎,富澤雅也,16,1406,0
2019,2,長崎,新里涼,19,1517,0
2019,2,長崎,江川湧清,0,0,0
2019,2,長崎,畑潤基,23,896,2
2019,2,長崎,米田隼也,7,486,1
2019,2,長崎,翁長聖,24,1134,0
2019,2,長崎,香川勇気,32,2671,4
2019,2,長崎,鹿山拓真,0,0,0
2019,2,鹿児島,中原優生,4,220,0
2019,2,鹿児島,猿田遥己,0,0,0
2019,2,鹿児島,米澤令衣,8,387,1
2019,2,鹿児島,萱沼優聖,25,1097,0
2019,2,鹿児島,野嶽寛也,1,24,0
2019,2,鹿児島,野嶽惇也,8,419,0
2019,2,鹿児島,阪本将基,0,0,0
2019,3,YS横浜,上田航平,1,90,0
2019,3,YS横浜,佐藤祐太,24,1705,2
2019,3,YS横浜,古島圭人,6,540,0
2019,3,YS横浜,土館賢人,34,3031,1
2019,3,YS横浜,奥田晃也,33,2696,6
2019,3,YS横浜,宗近慧,26,2202,0
2019,3,YS横浜,宮尾孝一,31,2772,2
2019,3,YS横浜,尾身俊哉,4,25,0
2019,3,YS横浜,柳雄太郎,18,1099,2
2019,3,YS横浜,植村友哉,5,73,0
2019,3,YS横浜,浅川隼人,32,2756,13
2019,3,YS横浜,進昂平,30,2448,15
2019,3,YS横浜,金子大晟,3,67,0
2019,3,八戸,上形洋介,33,1615,11
2019,3,八戸,差波優人,14,1242,1
2019,3,八戸,河津良一,8,461,0
2019,3,八戸,石ヶ森荘真,1,1,0
2019,3,八戸,金子優希,0,0,0
2019,3,北九州,ディサロ燦シルヴァーノ,26,1284,7
2019,3,北九州,中山開帆,0,0,0
2019,3,北九州,佐藤颯汰,6,62,1
2019,3,北九州,北川柊斗,11,241,7
2019,3,北九州,國分伸太郎,29,1987,2
2019,3,北九州,川上竜,24,1982,1
2019,3,北九州,後藤大輝,3,270,0
2019,3,北九州,打越大樹,5,413,0
2019,3,北九州,新井博人,21,1727,1
2019,3,北九州,新垣貴之,30,1706,0
2019,3,北九州,椿直起,5,125,0
2019,3,北九州,河野貴志,18,1575,2
2019,3,北九州,生駒仁,4,104,0
2019,3,北九州,町野修斗,30,2120,8
2019,3,北九州,福森健太,21,1310,0
2019,3,北九州,紀藤隆翔,1,48,0
2019,3,北九州,藤原奏哉,27,2430,0
2019,3,北九州,野口航,27,2345,0
2019,3,北九州,髙橋大悟,14,1222,7
2019,3,富山,今瀬淳也,32,2880,0
2019,3,富山,佐々木陽次,31,2146,6
2019,3,富山,前嶋洋太,32,2862,2
2019,3,富山,大谷駿斗,22,1234,9
2019,3,富山,安永玲央,2,15,0
2019,3,富山,平松宗,15,1309,7
2019,3,富山,才藤龍治,19,1355,4
2019,3,富山,脇本晃成,21,1379,2
2019,3,富山,谷奥健四郎,15,1284,1
2019,3,富山,野田樹,1,1,0
2019,3,富山,馬渡隼暉,1,90,0
2019,3,富山,齋藤和希,0,0,0
2019,3,岩手,大垣勇樹,12,674,2
2019,3,岩手,太田賢吾,16,1163,1
2019,3,岩手,嫁阪翔太,30,1896,4
2019,3,岩手,射庭康太朗,2,130,0
2019,3,岩手,平川元樹,7,238,0
2019,3,岩手,江頭一輝,19,1416,0
2019,3,岩手,深井脩平,24,2127,1
2019,3,岩手,清水敦貴,0,0,0
2019,3,岩手,福田友也,34,3009,4
2019,3,岩手,米原祐,17,1249,2
2019,3,岩手,菅本岳,16,947,0
2019,3,岩手,薮内健人,23,1229,1
2019,3,岩手,谷口海斗,32,1980,9
2019,3,岩手,鈴木達也,17,1223,0
2019,3,岩手,麦倉捺木,26,2042,2
2019,3,沼津,中山雄希,10,329,1
2019,3,沼津,中島拓真,1,90,0
2019,3,沼津,佐藤尚輝,29,2193,3
2019,3,沼津,岡佳樹,24,961,4
2019,3,沼津,後藤虹介,8,681,0
2019,3,沼津,徳永晃太郎,18,763,1
2019,3,沼津,普光院誠,29,2574,0
2019,3,沼津,清水光,6,103,0
2019,3,沼津,渡邉りょう,7,205,0
2019,3,沼津,濱託巳,13,1155,2
2019,3,沼津,熱川徳政,24,1935,0
2019,3,沼津,石川大地,14,297,2
2019,3,沼津,藤原雅斗,0,0,0
2019,3,沼津,藤嵜智貴,20,1722,1
2019,3,沼津,長沢祐弥,5,406,0
2019,3,沼津,長谷川凌,0,0,0
2019,3,熊本,中原輝,28,1874,0
2019,3,熊本,八久保颯,15,774,1
2019,3,熊本,北村知也,28,1895,11
2019,3,熊本,坂本広大,9,551,0
2019,3,熊本,小島圭巽,0,0,0
2019,3,熊本,小笠原佳祐,23,2070,1
2019,3,熊本,樋口叶,0,0,0
2019,3,熊本,田尻康晴,0,0,0
2019,3,熊本,衛藤幹弥,2,114,0
2019,3,熊本,酒井崇一,6,222,0
2019,3,熊本,鈴木翔登,33,2955,1
2019,3,相模原,三浦基瑛,0,0,0
2019,3,相模原,上米良柊人,32,1695,5
2019,3,相模原,中川創,13,1020,0
2019,3,相模原,原田岳,6,540,0
2019,3,相模原,古川雅人,3,250,0
2019,3,相模原,小田島怜,14,1009,0
2019,3,相模原,川上エドオジョン智慧,21,620,0
2019,3,相模原,川上盛司,31,2583,1
2019,3,相模原,平石直人,27,2252,6
2019,3,相模原,梶山幹太,30,2319,1
2019,3,相模原,森本大貴,0,0,0
2019,3,相模原,浅沼優瑠,2,180,0
2019,3,相模原,田中雄大,26,2340,0
2019,3,福島,吉永大志,5,137,0
2019,3,福島,堀田大暉,33,2970,0
2019,3,福島,寺前光太,5,227,0
2019,3,福島,小牟田洋佑,31,1285,4
2019,3,福島,星広太,33,2649,4
2019,3,福島,東隼也,4,121,0
2019,3,福島,池田昌生,33,2727,2
2019,3,福島,河西真,23,2063,0
2019,3,福島,石渡旭,3,181,0
2019,3,福島,諸岡裕人,8,435,0
2019,3,福島,輪笠祐士,31,2785,2
2019,3,福島,雪江悠人,29,1454,2
2019,3,秋田,中島大貴,13,1085,0
2019,3,秋田,北原大奨,13,351,1
2019,3,秋田,千田海人,32,2799,2
2019,3,秋田,和田昌士,30,1775,4
2019,3,秋田,坪井清志郎,7,509,0
2019,3,秋田,堀研太,12,445,0
2019,3,秋田,小池大喜,0,0,0
2019,3,秋田,沖野将基,26,1956,0
2019,3,秋田,渡部大樹,0,0,0
2019,3,秋田,田中雄大,17,993,1
2019,3,秋田,藤山智史,14,1157,2
2019,3,秋田,藤沼拓夢,22,1637,7
2019,3,秋田,青島拓馬,15,1173,0
2019,3,群馬,中村駿太,4,82,0
2019,3,群馬,加藤潤也,30,2338,9
2019,3,群馬,吉田将也,25,2210,2
2019,3,群馬,吉田舜,34,3060,0
2019,3,群馬,坂井大将,5,201,1
2019,3,群馬,姫野宥弥,19,1228,1
2019,3,群馬,岡村大八,3,184,0
2019,3,群馬,岩田拓也,4,39,1
2019,3,群馬,榎本樹,3,182,0
2019,3,群馬,田中稔也,26,1191,3
2019,3,群馬,田村友,12,468,0
2019,3,群馬,鈴木順也,2,85,0
2019,3,群馬,青木翼,8,513,0
2019,3,群馬,飯野七聖,20,1263,1
2019,3,群馬,髙澤優也,27,1779,17
2019,3,藤枝,出岡大輝,4,110,0
2019,3,藤枝,吉平翼,1,32,2
2019,3,藤枝,秋山貴嗣,33,2970,0
2019,3,藤枝,鈴木翔太,0,0,0
2019,3,讃岐,中村亮,18,1071,4
2019,3,讃岐,佐々木渉,26,2248,1
2019,3,讃岐,服部一輝,0,0,0
2019,3,讃岐,森川裕基,27,2066,2
2019,3,讃岐,武下智哉,3,110,0
2019,3,讃岐,池谷友喜,22,1872,2
2019,3,讃岐,渡辺悠雅,17,1232,0
2019,3,讃岐,澤田健太,2,6,0
2019,3,讃岐,濱口草太,2,22,0
2019,3,讃岐,長澤拓哉,10,757,0
2019,3,讃岐,麻田将吾,28,2520,2
2019,3,長野,リュウヌグラハ,0,0,0
2019,3,長野,下口稚葉,8,583,1
2019,3,長野,入間川景太,1,45,0
2019,3,長野,内田恭兵,28,2459,2
2019,3,長野,吉田伊吹,0,0,0
2019,3,長野,堂安憂,12,607,1
2019,3,長野,大城佑斗,15,394,2
2019,3,長野,妹尾直哉,11,512,1
2019,3,長野,山口真司,7,348,0
2019,3,長野,山田陸,24,2150,2
2019,3,長野,新井純平,19,1601,2
2019,3,長野,池田樹雷人,8,648,0
2019,3,長野,立川小太郎,5,450,0
2019,3,長野,竹下玲王,25,1137,0
2019,3,長野,遠藤元一,18,1540,1
2019,3,長野,齋藤恵太,17,1040,1
2019,3,鳥取,三沢直人,27,2102,7
2019,3,鳥取,井上黎生人,34,3060,1
2019,3,鳥取,小林智光,9,465,0
2019,3,鳥取,山本蓮,4,167,0
2019,3,鳥取,市川暉記,10,900,0
2019,3,鳥取,星野有亮,25,1212,0
2019,3,鳥取,林誠道,26,1585,11
2019,3,鳥取,石井光輝,19,1444,1
2019,3,鳥取,糸原紘史郎,0,0,0
2019,3,鳥取,細田歩夢,0,0,0
2019,3,鳥取,西山雄介,16,933,2
2019,3,鳥取,鈴木国友,14,759,3
2019,3,鳥取,高畑奎汰,12,988,1
2019,3,鳥取,魚里直哉,31,2658,3
2019,3,Ｃ大23,下川太陽,16,1105,1
2019,3,Ｃ大23,中島元彦,34,2931,9
2019,3,Ｃ大23,吉馴空矢,16,1366,0
2019,3,Ｃ大23,安藤瑞季,33,1766,11
2019,3,Ｃ大23,山根永遠,13,1153,5
2019,3,Ｃ大23,山田寛人,15,1126,7
2019,3,Ｃ大23,斧澤隼輝,33,2906,5
2019,3,Ｃ大23,松本凪生,18,1042,0
2019,3,Ｃ大23,澤上竜二,26,2097,3
2019,3,Ｃ大23,瀬古歩夢,7,541,0
2019,3,Ｃ大23,田平起也,0,0,0
2019,3,Ｃ大23,舩木翔,16,1395,0
2019,3,Ｃ大23,茂木秀,22,1980,0
2019,3,Ｃ大23,藤尾翔太,11,216,2
2019,3,Ｃ大23,西尾隆矢,26,2254,0
2019,3,Ｃ大23,西川潤,1,64,0
2019,3,Ｃ大23,西本雅崇,30,2485,1
2019,3,Ｆ東23,バングーナガンデ佳史扶,13,1148,0
2019,3,Ｆ東23,中村帆高,0,0,0
2019,3,Ｆ東23,中村拓海,21,1890,0
2019,3,Ｆ東23,内田宅哉,19,1540,0
2019,3,Ｆ東23,原大智,30,2545,19
2019,3,Ｆ東23,品田愛斗,32,2786,0
2019,3,Ｆ東23,大森理生,21,1804,0
2019,3,Ｆ東23,安部柊斗,4,360,0
2019,3,Ｆ東23,宮崎幾笑,25,1867,4
2019,3,Ｆ東23,小川諒也,1,60,0
2019,3,Ｆ東23,岡崎慎,6,495,0
2019,3,Ｆ東23,木村誠二,19,1710,1
2019,3,Ｆ東23,波多野豪,23,2025,0
2019,3,Ｆ東23,渡辺剛,3,201,0
2019,3,Ｆ東23,田川亨介,6,424,2
2019,3,Ｆ東23,矢島輝一,12,977,4
2019,3,Ｆ東23,紺野和也,4,359,0
2019,3,Ｆ東23,野澤大志ブランドン,5,450,0
2019,3,Ｇ大23,中村敬斗,6,508,1
2019,3,Ｇ大23,呉屋大翔,0,0,0
2019,3,Ｇ大23,唐山翔自,10,748,8
2019,3,Ｇ大23,塚元大,22,1088,5
2019,3,Ｇ大23,奥野耕平,23,2006,1
2019,3,Ｇ大23,山口竜弥,29,2267,0
2019,3,Ｇ大23,山本悠樹,0,0,0
2019,3,Ｇ大23,川﨑修平,25,2183,2
2019,3,Ｇ大23,市丸瑞希,7,630,0
2019,3,Ｇ大23,松田陸,32,2769,1
2019,3,Ｇ大23,林瑞輝,5,450,0
2019,3,Ｇ大23,田中達也,0,0,0
2019,3,Ｇ大23,白井陽斗,32,1632,4
2019,3,Ｇ大23,福田湧矢,11,911,1
2019,3,Ｇ大23,芝本蓮,32,2719,3
2019,3,Ｇ大23,野田裕喜,9,810,0
2019,3,Ｇ大23,食野亮太郎,8,720,8
2019,3,Ｇ大23,高宇洋,3,236,0
2019,3,Ｇ大23,髙尾瑠,8,720,0
2019,3,Ｇ大23,髙木彰人,17,1496,11
2019,3,Ｇ大23,髙江麗央,12,1042,0
2020,1,FC東京,バングーナガンデ佳史扶,2,173,0
2020,1,FC東京,中村帆高,28,1669,1
2020,1,FC東京,中村拓海,17,1150,0
2020,1,FC東京,内田宅哉,25,1067,0
2020,1,FC東京,原大智,26,629,3
2020,1,FC東京,品田愛斗,9,778,1
2020,1,FC東京,大森理生,0,0,0
2020,1,FC東京,安部柊斗,27,2132,2
2020,1,FC東京,室屋成,10,775,1
2020,1,FC東京,宮崎幾笑,1,1,0
2020,1,FC東京,小川諒也,28,2389,0
2020,1,FC東京,岡崎慎,0,0,0
2020,1,FC東京,志村滉,0,0,0
2020,1,FC東京,木村誠二,3,270,0
2020,1,FC東京,波多野豪,10,900,0
2020,1,FC東京,渡辺剛,28,2393,2
2020,1,FC東京,田川亨介,21,904,2
2020,1,FC東京,矢島輝一,3,54,0
2020,1,FC東京,紺野和也,9,215,0
2020,1,FC東京,蓮川壮大,1,7,0
2020,1,FC東京,鈴木喜丈,0,0,0
2020,1,仙台,アピアタウィア久,6,518,0
2020,1,仙台,ジャーメイン良,12,779,2
2020,1,仙台,佐々木匠,12,585,0
2020,1,仙台,加藤千尋,0,0,0
2020,1,仙台,小畑裕馬,7,630,0
2020,1,仙台,山田寛人,19,984,2
2020,1,仙台,常田克人,0,0,0
2020,1,仙台,松下佳貴,13,770,2
2020,1,仙台,柳貴博,22,1674,1
2020,1,仙台,椎橋慧也,33,2753,1
2020,1,仙台,照山颯人,4,285,0
2020,1,仙台,田中渉,7,168,0
2020,1,仙台,真瀬拓海,11,585,0
2020,1,仙台,西村拓真,20,1136,3
2020,1,仙台,道渕諒平,13,877,1
2020,1,名古屋,山﨑凌吾,26,734,1
2020,1,名古屋,成瀬竣平,25,1682,0
2020,1,名古屋,相馬勇紀,31,1720,2
2020,1,名古屋,石田凌太郎,7,163,0
2020,1,名古屋,秋山陽介,3,58,0
2020,1,名古屋,藤井陽也,1,1,0
2020,1,大分,井上健太,6,203,0
2020,1,大分,吉田舜,0,0,0
2020,1,大分,小出悠太,14,791,0
2020,1,大分,小林成豪,2,47,0
2020,1,大分,岩田智輝,30,2700,2
2020,1,大分,星雄次,10,550,0
2020,1,大分,田中達也,33,2179,8
2020,1,大分,知念慶,29,1545,3
2020,1,大分,羽田健人,20,856,0
2020,1,大分,藤本一輝,5,103,0
2020,1,大分,鈴木義宜,33,2970,0
2020,1,大分,長谷川雄志,27,2258,0
2020,1,大分,香川勇気,16,1239,0
2020,1,大分,高畑奎汰,3,57,0
2020,1,大分,髙澤優也,24,1156,6
2020,1,川崎Ｆ,三笘薫,30,1603,13
2020,1,川崎Ｆ,守田英正,32,2226,1
2020,1,川崎Ｆ,宮代大聖,16,298,1
2020,1,川崎Ｆ,山根視来,31,2738,4
2020,1,川崎Ｆ,旗手怜央,31,1480,5
2020,1,川崎Ｆ,橘田健人,0,0,0
2020,1,川崎Ｆ,田中碧,31,2184,5
2020,1,川崎Ｆ,脇坂泰斗,31,1634,3
2020,1,川崎Ｆ,車屋紳太郎,22,1217,1
2020,1,川崎Ｆ,長谷川竜也,12,569,3
2020,1,川崎Ｆ,馬渡洋樹,0,0,0
2020,1,広島,土肥航大,13,432,0
2020,1,広島,東俊希,33,1779,1
2020,1,広島,松本大弥,7,185,0
2020,1,広島,松本泰志,0,0,0
2020,1,広島,森島司,34,2425,5
2020,1,広島,浅野雄也,32,1679,5
2020,1,広島,荒木隼人,33,2970,1
2020,1,広島,藤井智也,15,374,0
2020,1,札幌,中島大嘉,0,0,0
2020,1,札幌,中野小次郎,5,450,0
2020,1,札幌,小柏剛,4,237,0
2020,1,札幌,檀崎竜孔,1,10,0
2020,1,札幌,田中駿汰,31,2436,2
2020,1,札幌,菅大輝,29,2223,2
2020,1,札幌,藤村怜,0,0,0
2020,1,札幌,進藤亮佑,21,1491,0
2020,1,札幌,金子拓郎,31,1504,4
2020,1,札幌,高嶺朋樹,30,1638,0
2020,1,柏,三丸拡,20,1630,0
2020,1,柏,井出敬大,0,0,0
2020,1,柏,北爪健吾,23,1365,2
2020,1,柏,古賀太陽,33,2969,0
2020,1,柏,呉屋大翔,20,903,4
2020,1,柏,大南拓磨,22,1980,0
2020,1,柏,山田雄士,1,11,0
2020,1,柏,戸嶋祥郎,16,826,0
2020,1,柏,松本健太,0,0,0
2020,1,柏,江坂任,32,2691,9
2020,1,柏,滝本晴彦,2,36,0
2020,1,柏,瀬川祐輔,19,1186,2
2020,1,柏,細谷真大,2,22,0
2020,1,柏,鵜木郁哉,4,45,0
2020,1,横浜FC,一美和成,31,1765,4
2020,1,横浜FC,中山克広,16,743,0
2020,1,横浜FC,古宿理久,0,0,0
2020,1,横浜FC,安永玲央,18,1199,1
2020,1,横浜FC,小林友希,28,2235,2
2020,1,横浜FC,川﨑裕大,1,9,0
2020,1,横浜FC,市川暉記,0,0,0
2020,1,横浜FC,星キョーワァン,9,657,0
2020,1,横浜FC,松尾佑介,20,1516,7
2020,1,横浜FC,瀬古樹,33,2356,2
2020,1,横浜FC,草野侑己,12,207,1
2020,1,横浜FC,袴田裕太郎,27,1960,0
2020,1,横浜FC,高木友也,0,0,0
2020,1,横浜FC,齋藤功佑,21,1149,2
2020,1,横浜FM,オビパウエルオビンナ,2,139,0
2020,1,横浜FM,仙頭啓矢,3,140,0
2020,1,横浜FM,仲川輝人,18,939,2
2020,1,横浜FM,伊藤槙人,19,1555,0
2020,1,横浜FM,前田大然,23,1007,3
2020,1,横浜FM,寺門陸,0,0,0
2020,1,横浜FM,山本義道,0,0,0
2020,1,横浜FM,平井駿助,0,0,0
2020,1,横浜FM,松田詠太郎,15,527,0
2020,1,横浜FM,植田啓太,0,0,0
2020,1,横浜FM,樺山諒乃介,0,0,0
2020,1,横浜FM,池田航,0,0,0
2020,1,横浜FM,渡辺皓太,19,774,2
2020,1,横浜FM,田川知樹,0,0,0
2020,1,横浜FM,遠藤渓太,6,367,2
2020,1,横浜FM,高野遼,13,724,0
2020,1,浦和,伊藤敦樹,0,0,0
2020,1,浦和,伊藤涼太郎,5,85,0
2020,1,浦和,大久保智明,0,0,0
2020,1,浦和,岩武克弥,11,454,0
2020,1,浦和,柴戸海,25,1708,1
2020,1,浦和,橋岡大樹,31,2745,1
2020,1,浦和,武田英寿,3,73,0
2020,1,浦和,石井僚,0,0,0
2020,1,浦和,福島春樹,0,0,0
2020,1,浦和,荻原拓也,1,25,0
2020,1,清水,ノリエガエリック,0,0,0
2020,1,清水,中村慶太,25,1352,1
2020,1,清水,宮本航汰,10,455,0
2020,1,清水,岡崎慎,9,546,0
2020,1,清水,川本梨誉,6,156,1
2020,1,清水,平墳迅,0,0,0
2020,1,清水,成岡輝瑠,9,158,0
2020,1,清水,栗原イブラヒムジュニア,0,0,0
2020,1,清水,梅田透吾,17,1530,0
2020,1,清水,滝裕太,0,0,0
2020,1,清水,立田悠悟,29,2311,2
2020,1,清水,西村恭史,10,436,0
2020,1,清水,西澤健太,34,2419,4
2020,1,清水,鈴木唯人,30,1307,0
2020,1,湘南,坂圭祐,19,1419,1
2020,1,湘南,堀田大暉,0,0,0
2020,1,湘南,大橋祐紀,7,244,0
2020,1,湘南,岩崎悠人,16,583,0
2020,1,湘南,平松昇,1,23,0
2020,1,湘南,後藤雅明,3,270,0
2020,1,湘南,柴田壮介,15,492,0
2020,1,湘南,田中聡,17,960,0
2020,1,湘南,畑大雅,15,1170,0
2020,1,湘南,福田晃斗,5,286,0
2020,1,湘南,舘幸希,17,1392,0
2020,1,湘南,金子大毅,28,2399,2
2020,1,湘南,鈴木冬一,14,906,1
2020,1,神戸,中坂勇哉,2,75,0
2020,1,神戸,佐々木大樹,12,510,0
2020,1,神戸,初瀬亮,16,729,0
2020,1,神戸,前川黛也,15,1350,0
2020,1,神戸,古橋亨梧,30,2199,12
2020,1,神戸,安井拓也,20,1002,1
2020,1,神戸,小田裕太郎,19,664,1
2020,1,神戸,山川哲史,5,450,0
2020,1,神戸,櫻井辰徳,0,0,0
2020,1,神戸,菊池流帆,14,939,0
2020,1,神戸,藤谷壮,11,542,0
2020,1,神戸,郷家友太,24,1376,5
2020,1,鳥栖,原輝綺,28,2352,0
2020,1,鳥栖,大畑歩夢,13,785,0
2020,1,鳥栖,宮大樹,14,1172,0
2020,1,鳥栖,本田風智,26,1330,3
2020,1,鳥栖,林大地,31,1385,9
2020,1,鳥栖,森下龍矢,33,2474,3
2020,1,鳥栖,樋口雄太,28,2134,1
2020,1,鳥栖,相良竜之介,4,57,1
2020,1,鳥栖,石井快征,18,997,3
2020,1,鹿島,三竿健斗,30,2445,1
2020,1,鹿島,佐々木翔悟,0,0,0
2020,1,鹿島,名古新太郎,8,152,0
2020,1,鹿島,和泉竜司,27,1629,3
2020,1,鹿島,山田大樹,2,180,0
2020,1,鹿島,常本佳吾,1,11,0
2020,1,鹿島,杉岡大暉,7,537,0
2020,1,鹿島,松村優太,13,140,0
2020,1,鹿島,染野唯月,12,346,0
2020,1,鹿島,永戸勝也,22,1942,0
2020,1,鹿島,沖悠哉,24,2160,0
2020,1,鹿島,町田浩樹,21,1811,0
2020,1,鹿島,舩橋佑,0,0,0
2020,1,鹿島,荒木遼太郎,26,894,2
2020,1,鹿島,関川郁万,15,1168,0
2020,1,Ｃ大阪,中島元彦,0,0,0
2020,1,Ｃ大阪,前川大河,0,0,0
2020,1,Ｃ大阪,喜田陽,1,1,0
2020,1,Ｃ大阪,坂元達裕,33,2750,2
2020,1,Ｃ大阪,安藤瑞季,0,0,0
2020,1,Ｃ大阪,山内寛史,0,0,0
2020,1,Ｃ大阪,庄司朋乃也,1,6,0
2020,1,Ｃ大阪,新保海鈴,0,0,0
2020,1,Ｃ大阪,木本恭生,28,1878,0
2020,1,Ｃ大阪,永石拓海,0,0,0
2020,1,Ｃ大阪,澤上竜二,0,0,0
2020,1,Ｃ大阪,瀬古歩夢,27,2217,1
2020,1,Ｃ大阪,茂木秀,0,0,0
2020,1,Ｃ大阪,藤尾翔太,4,23,1
2020,1,Ｃ大阪,西尾隆矢,0,0,0
2020,1,Ｃ大阪,西川潤,13,193,1
2020,1,Ｇ大阪,佐藤瑶大,0,0,0
2020,1,Ｇ大阪,唐山翔自,7,91,0
2020,1,Ｇ大阪,塚元大,6,90,0
2020,1,Ｇ大阪,奥野耕平,7,360,0
2020,1,Ｇ大阪,山口竜弥,0,0,0
2020,1,Ｇ大阪,山本悠樹,27,1750,2
2020,1,Ｇ大阪,川﨑修平,15,265,0
2020,1,Ｇ大阪,市丸瑞希,0,0,0
2020,1,Ｇ大阪,松田陸,2,16,0
2020,1,Ｇ大阪,福田湧矢,29,1737,1
2020,1,Ｇ大阪,芝本蓮,1,1,0
2020,1,Ｇ大阪,髙尾瑠,32,2499,1
2020,1,Ｇ大阪,黒川圭介,2,4,0
2020,2,京都,上夷克典,15,1133,0
2020,2,京都,上月壮一郎,11,449,0
2020,2,京都,中野克哉,14,653,2
2020,2,京都,仙頭啓矢,19,1612,6
2020,2,京都,冨田康平,8,533,0
2020,2,京都,曽根田穣,27,1558,3
2020,2,京都,服部航平,0,0,0
2020,2,京都,福岡慎平,36,1972,1
2020,2,京都,若原智哉,27,2430,0
2020,2,京都,荒木大吾,28,1321,0
2020,2,京都,荻野広大,0,0,0
2020,2,京都,谷内田哲平,23,724,0
2020,2,京都,長井一真,3,19,0
2020,2,京都,飯田貴敬,37,2779,0
2020,2,京都,麻田将吾,8,443,0
2020,2,北九州,ディサロ燦シルヴァーノ,35,2187,18
2020,2,北九州,佐藤亮,26,684,3
2020,2,北九州,佐藤喜生,2,93,0
2020,2,北九州,佐藤颯汰,3,49,0
2020,2,北九州,前田紘基,0,0,0
2020,2,北九州,國分伸太郎,33,2364,2
2020,2,北九州,川上竜,22,910,0
2020,2,北九州,後藤大輝,0,0,0
2020,2,北九州,斧澤隼輝,10,132,0
2020,2,北九州,新井博人,5,92,0
2020,2,北九州,新垣貴之,32,1618,4
2020,2,北九州,椿直起,34,2440,2
2020,2,北九州,永野雄大,13,361,0
2020,2,北九州,河野貴志,10,185,0
2020,2,北九州,生駒仁,13,1019,0
2020,2,北九州,田中悠也,0,0,0
2020,2,北九州,町野修斗,32,2176,7
2020,2,北九州,福森健太,36,3014,1
2020,2,北九州,藤原奏哉,29,1931,3
2020,2,北九州,野口航,27,1099,1
2020,2,北九州,針谷岳晃,12,889,0
2020,2,北九州,鈴木国友,41,1930,6
2020,2,北九州,髙橋大悟,41,3592,9
2020,2,千葉,ブワニカ啓太,0,0,0
2020,2,千葉,山下敬大,34,2220,7
2020,2,千葉,岡野洵,10,398,0
2020,2,千葉,新井一耀,22,1863,1
2020,2,千葉,本村武揚,12,1014,0
2020,2,千葉,松原颯汰,0,0,0
2020,2,千葉,櫻川ソロモン,13,438,2
2020,2,千葉,見木友哉,33,1477,1
2020,2,千葉,髙橋壱晟,21,1153,3
2020,2,千葉,鳥海晃司,31,2423,1
2020,2,大宮,加藤有輝,0,0,0
2020,2,大宮,吉永昇偉,3,253,0
2020,2,大宮,大澤朋也,0,0,0
2020,2,大宮,奥抜侃志,23,1221,5
2020,2,大宮,小島幹敏,34,2742,3
2020,2,大宮,小野雅史,35,2199,3
2020,2,大宮,山田将之,12,942,1
2020,2,大宮,山越康平,17,1367,0
2020,2,大宮,川田拳登,2,19,0
2020,2,大宮,松本健太,0,0,0
2020,2,大宮,柴山昌也,1,2,0
2020,2,大宮,河面旺成,18,1430,0
2020,2,大宮,翁長聖,32,2582,2
2020,2,大宮,西村慧祐,34,2932,1
2020,2,大宮,近藤貴司,15,598,0
2020,2,大宮,高山和真,11,609,0
2020,2,大宮,髙田颯也,13,149,0
2020,2,大宮,黒川淳史,37,2732,7
2020,2,山口,吉満大介,20,1800,0
2020,2,山口,川井歩,27,1938,0
2020,2,山口,林瑞輝,4,360,0
2020,2,山口,梅木翼,5,232,0
2020,2,山口,森晃太,31,1127,0
2020,2,山口,楠本卓海,10,855,0
2020,2,山口,池上丈二,40,3135,1
2020,2,山口,浮田健誠,33,2078,7
2020,2,山口,清永丈瑠,5,197,0
2020,2,山口,田中陸,31,1964,1
2020,2,山口,眞鍋旭輝,27,2219,0
2020,2,山口,高井和馬,42,2861,11
2020,2,山口,高宇洋,41,3462,1
2020,2,山形,中村駿,38,3318,5
2020,2,山形,中村駿太,1,8,0
2020,2,山形,前川大河,17,876,3
2020,2,山形,北川柊斗,21,385,2
2020,2,山形,半田陸,15,851,0
2020,2,山形,宮本駿晃,4,73,0
2020,2,山形,小松駿太,18,532,0
2020,2,山形,山内寛史,1,5,0
2020,2,山形,山岸祐也,23,1876,6
2020,2,山形,摂津颯登,0,0,0
2020,2,山形,末吉塁,31,1094,1
2020,2,山形,熊本雄太,39,3490,2
2020,2,山形,野田裕喜,34,2690,1
2020,2,山形,阿部要門,0,0,0
2020,2,山形,高山和真,0,0,0
2020,2,山形,高橋潤哉,6,77,1
2020,2,岡山,デュークカルロス,9,93,0
2020,2,岡山,上門知樹,42,3629,7
2020,2,岡山,下口稚葉,18,1023,0
2020,2,岡山,増谷幸祐,1,90,0
2020,2,岡山,徳元悠平,36,3240,2
2020,2,岡山,松木駿之介,17,583,0
2020,2,岡山,福元友哉,5,42,0
2020,2,岡山,野口竜彦,27,974,1
2020,2,岡山,阿部海大,5,338,0
2020,2,岡山,馬渡洋樹,0,0,0
2020,2,徳島,垣田裕暉,42,2944,17
2020,2,徳島,安部崇士,4,206,0
2020,2,徳島,小西雄大,31,2560,3
2020,2,徳島,岸本武流,39,2259,2
2020,2,徳島,後東尚輝,0,0,0
2020,2,徳島,松澤香輝,0,0,0
2020,2,徳島,榎本大輝,3,37,0
2020,2,徳島,浜下瑛,8,558,1
2020,2,徳島,渡井理己,38,2515,6
2020,2,徳島,藤原志龍,0,0,0
2020,2,徳島,西谷和希,42,3429,8
2020,2,徳島,西野太陽,0,0,0
2020,2,徳島,鈴木徳真,38,1753,0
2020,2,愛媛,三原秀真,15,840,1
2020,2,愛媛,中川裕仁,0,0,0
2020,2,愛媛,丹羽詩温,42,2224,6
2020,2,愛媛,加藤大智,4,360,0
2020,2,愛媛,吉田晴稀,1,11,0
2020,2,愛媛,山﨑浩介,34,2826,0
2020,2,愛媛,岩井柊弥,3,79,0
2020,2,愛媛,川村拓夢,39,2344,6
2020,2,愛媛,忽那喬司,27,1356,3
2020,2,愛媛,池田樹雷人,10,445,1
2020,2,愛媛,清川流石,16,651,0
2020,2,愛媛,渡邊創太,0,0,0
2020,2,愛媛,竹嶋裕二,1,90,0
2020,2,愛媛,茂木力也,40,3596,2
2020,2,愛媛,藤本佳希,17,732,0
2020,2,愛媛,西岡大志,26,1640,4
2020,2,愛媛,辻周吾,1,90,0
2020,2,愛媛,長沼洋一,39,3119,2
2020,2,新潟,三戸舜介,0,0,0
2020,2,新潟,中島元彦,35,2420,5
2020,2,新潟,小島亨介,22,1935,0
2020,2,新潟,岡本將成,0,0,0
2020,2,新潟,新井直人,25,1976,0
2020,2,新潟,早川史哉,30,1778,0
2020,2,新潟,本間至恩,40,2837,7
2020,2,新潟,森俊介,1,4,0
2020,2,新潟,渡邉新太,20,1536,7
2020,2,新潟,渡邊泰基,0,0,0
2020,2,新潟,田上大地,30,2171,3
2020,2,新潟,田中達也,7,105,0
2020,2,新潟,矢村健,19,676,1
2020,2,新潟,福田晃斗,19,1552,0
2020,2,新潟,秋山裕紀,15,833,0
2020,2,新潟,荻原拓也,24,1278,0
2020,2,新潟,藤田和輝,21,1845,0
2020,2,新潟,阿部航斗,0,0,0
2020,2,東京Ｖ,中野雅臣,1,2,0
2020,2,東京Ｖ,井上潮音,38,2722,4
2020,2,東京Ｖ,佐古真礼,0,0,0
2020,2,東京Ｖ,佐藤凌我,0,0,0
2020,2,東京Ｖ,山下諒也,41,2185,8
2020,2,東京Ｖ,山本理仁,35,1575,1
2020,2,東京Ｖ,持井響太,0,0,0
2020,2,東京Ｖ,松橋優安,18,259,0
2020,2,東京Ｖ,森田晃樹,39,1742,0
2020,2,東京Ｖ,石浦大雅,3,14,0
2020,2,東京Ｖ,藤本寛也,8,500,1
2020,2,東京Ｖ,藤田譲瑠チマ,41,3230,3
2020,2,東京Ｖ,長谷川洸,0,0,0
2020,2,東京Ｖ,阿野真拓,2,5,0
2020,2,東京Ｖ,馬場晴也,3,262,0
2020,2,松本,久保田和音,25,1583,0
2020,2,松本,吉田将也,6,239,0
2020,2,松本,塚川孝輝,29,1849,9
2020,2,松本,大野佑哉,28,2257,1
2020,2,松本,宮部大己,0,0,0
2020,2,松本,山本龍平,8,361,0
2020,2,松本,山田真夏斗,1,1,0
2020,2,松本,常田克人,31,2506,1
2020,2,松本,村越凱光,2,2,0
2020,2,松本,森下怜哉,15,1111,1
2020,2,松本,榎本樹,3,152,0
2020,2,松本,神田渉馬,0,0,0
2020,2,松本,稲福卓,0,0,0
2020,2,松本,米原秀亮,19,983,0
2020,2,松本,高木利弥,16,1047,0
2020,2,松本,高橋諒,19,1380,1
2020,2,松本,髙木彰人,12,525,0
2020,2,栃木,オビパウエルオビンナ,9,810,0
2020,2,栃木,井出敬大,2,96,0
2020,2,栃木,大島康樹,35,1969,1
2020,2,栃木,大野哲煥,0,0,0
2020,2,栃木,小堀空,1,1,0
2020,2,栃木,山本廉,31,1683,2
2020,2,栃木,明本考浩,40,3384,7
2020,2,栃木,有馬幸太郎,21,489,1
2020,2,栃木,森俊貴,38,3275,5
2020,2,栃木,池庭諒耶,0,0,0
2020,2,栃木,温井駿斗,0,0,0
2020,2,栃木,溝渕雄志,34,2623,0
2020,2,栃木,田代雅也,41,3601,3
2020,2,栃木,黒﨑隼人,26,1920,0
2020,2,水戸,ンドカボニフェイス,37,3277,4
2020,2,水戸,三國スティビアエブス,4,315,0
2020,2,水戸,中山開帆,0,0,0
2020,2,水戸,住吉ジェラニレショーン,27,1958,1
2020,2,水戸,前嶋洋太,36,2909,4
2020,2,水戸,外山凌,34,2443,1
2020,2,水戸,大原彰輝,0,0,0
2020,2,水戸,奥田晃也,37,2346,4
2020,2,水戸,山口一真,35,2347,15
2020,2,水戸,山田康太,35,2140,3
2020,2,水戸,山谷侑士,12,525,1
2020,2,水戸,平塚悠知,24,1626,2
2020,2,水戸,平田海斗,2,14,0
2020,2,水戸,平野佑一,24,1564,0
2020,2,水戸,村田航一,16,763,2
2020,2,水戸,松崎快,33,1325,1
2020,2,水戸,深堀隼平,20,768,5
2020,2,水戸,瀧澤修平,8,663,0
2020,2,水戸,田辺陽太,0,0,0
2020,2,水戸,鈴木喜丈,9,291,1
2020,2,水戸,長谷川凌,0,0,0
2020,2,琉球,上原牧人,15,743,1
2020,2,琉球,人見拓哉,8,181,1
2020,2,琉球,小泉佳穂,38,2685,6
2020,2,琉球,山口和樹,22,824,0
2020,2,琉球,岡﨑亮平,5,254,0
2020,2,琉球,市丸瑞希,27,1375,0
2020,2,琉球,池田廉,38,2229,4
2020,2,琉球,河合秀人,35,2587,4
2020,2,琉球,猪瀬康介,0,0,0
2020,2,琉球,田口潤人,14,1260,0
2020,2,琉球,知念哲矢,11,805,1
2020,2,琉球,積田景介,0,0,0
2020,2,琉球,茂木駿佑,21,863,1
2020,2,琉球,鈴木大誠,21,1731,0
2020,2,甲府,中塩大貴,22,1885,0
2020,2,甲府,中山陸,14,730,3
2020,2,甲府,中村亮太朗,26,1533,3
2020,2,甲府,今津佑太,36,2983,2
2020,2,甲府,入間川景太,1,11,0
2020,2,甲府,太田修介,31,1472,6
2020,2,甲府,宮崎純真,20,727,1
2020,2,甲府,小林岩魚,8,569,0
2020,2,甲府,山田陸,25,1694,1
2020,2,甲府,武田将平,34,2580,3
2020,2,甲府,荒木翔,28,1837,1
2020,2,甲府,長谷川元希,2,90,0
2020,2,甲府,関口正大,2,177,0
2020,2,甲府,須貝英大,2,180,0
2020,2,町田,ノリエガエリック,7,63,0
2020,2,町田,佐野海舟,41,3658,1
2020,2,町田,吉尾海夏,33,2286,3
2020,2,町田,土居柊太,13,327,0
2020,2,町田,奈良坂巧,0,0,0
2020,2,町田,奥山政幸,41,3689,1
2020,2,町田,安藤瑞季,33,2314,7
2020,2,町田,小田逸稀,38,2918,3
2020,2,町田,岡田優希,33,1744,4
2020,2,町田,平戸太貴,42,3758,9
2020,2,町田,廣末陸,0,0,0
2020,2,町田,晴山岬,2,73,0
2020,2,町田,橋村龍ジョセフ,6,65,0
2020,2,町田,福井光輝,13,1170,0
2020,2,町田,青木義孝,0,0,0
2020,2,町田,髙江麗央,41,3599,3
2020,2,磐田,三木直土,15,496,2
2020,2,磐田,三浦龍輝,0,0,0
2020,2,磐田,上原力也,38,2111,2
2020,2,磐田,中川創,3,264,1
2020,2,磐田,中野誠也,33,1440,8
2020,2,磐田,吉長真優,5,70,0
2020,2,磐田,大武峻,8,462,0
2020,2,磐田,小川航基,32,1799,9
2020,2,磐田,山本義道,22,1888,0
2020,2,磐田,志村滉,7,630,0
2020,2,磐田,森岡陸,0,0,0
2020,2,磐田,清田奈央弥,3,59,0
2020,2,磐田,石田崚真,5,365,0
2020,2,磐田,舩木翔,6,276,0
2020,2,磐田,藤川虎太朗,18,820,2
2020,2,磐田,針谷岳晃,7,209,0
2020,2,福岡,上島拓巳,41,3480,2
2020,2,福岡,北島祐二,8,290,0
2020,2,福岡,増山朝陽,36,2187,5
2020,2,福岡,山ノ井拓己,1,77,0
2020,2,福岡,山岸祐也,17,1135,3
2020,2,福岡,木戸皓貴,26,735,2
2020,2,福岡,東家聡樹,13,466,0
2020,2,福岡,松本泰志,25,1699,1
2020,2,福岡,桑原海人,2,171,0
2020,2,福岡,森山公弥,0,0,0
2020,2,福岡,湯澤聖人,26,1604,0
2020,2,福岡,重廣卓也,19,1414,1
2020,2,群馬,加藤潤也,31,2486,4
2020,2,群馬,小島雅也,30,2375,1
2020,2,群馬,岡村大八,42,3780,2
2020,2,群馬,川上優樹,17,1071,1
2020,2,群馬,平尾壮,27,1431,0
2020,2,群馬,田中稔也,42,3137,7
2020,2,群馬,進昂平,30,1080,2
2020,2,群馬,鈴木順也,7,144,0
2020,2,群馬,飯野七聖,28,1283,2
2020,2,金沢,上田樹,0,0,0
2020,2,金沢,下川陽太,26,2216,1
2020,2,金沢,加藤陸次樹,42,2770,13
2020,2,金沢,堀田大暉,0,0,0
2020,2,金沢,大橋尚志,29,2423,0
2020,2,金沢,大石竜平,6,194,1
2020,2,金沢,山根永遠,24,1154,3
2020,2,金沢,山田将之,3,270,0
2020,2,金沢,島津頼盛,36,2293,9
2020,2,金沢,本塚聖也,29,2064,1
2020,2,金沢,杉井颯,13,467,0
2020,2,金沢,杉浦力斗,20,272,0
2020,2,金沢,渡邊泰基,27,2287,0
2020,2,金沢,石尾崚雅,41,3690,1
2020,2,金沢,稲葉楽,0,0,0
2020,2,金沢,窪田稜,32,1566,1
2020,2,金沢,西田恵,9,261,0
2020,2,金沢,長谷川巧,31,2257,1
2020,2,金沢,高安孝幸,33,1618,0
2020,2,長崎,五月田星矢,0,0,0
2020,2,長崎,吉岡雅和,14,695,1
2020,2,長崎,名倉巧,27,1970,5
2020,2,長崎,富樫敬真,34,1920,7
2020,2,長崎,富澤雅也,1,21,0
2020,2,長崎,庄司朋乃也,7,200,0
2020,2,長崎,新里涼,1,2,0
2020,2,長崎,植中朝日,2,14,0
2020,2,長崎,毎熊晟矢,36,2854,3
2020,2,長崎,氣田亮真,32,1686,4
2020,2,長崎,江川湧清,11,721,0
2020,2,長崎,畑潤基,29,1215,5
2020,2,長崎,米田隼也,26,1219,1
2020,2,長崎,鹿山拓真,14,770,0
2020,3,YS横浜,オニエオゴチュクウ,23,516,2
2020,3,YS横浜,ピーダーセン世穏,27,575,3
2020,3,YS横浜,佐藤祐太,31,2538,3
2020,3,YS横浜,土館賢人,33,2902,0
2020,3,YS横浜,大内一生,29,2552,0
2020,3,YS横浜,宗近慧,21,1845,0
2020,3,YS横浜,宮尾孝一,34,2986,5
2020,3,YS横浜,宮本拓弥,34,2673,14
2020,3,YS横浜,尾身俊哉,4,62,0
2020,3,YS横浜,山本凌太郎,8,246,0
2020,3,YS横浜,柳雄太郎,26,1595,2
2020,3,YS横浜,植村友哉,15,843,0
2020,3,YS横浜,船橋勇真,30,1801,0
2020,3,YS横浜,花房稔,15,989,1
2020,3,YS横浜,金子大晟,4,30,0
2020,3,今治,林誠道,31,1849,8
2020,3,今治,澤上竜二,23,1189,1
2020,3,今治,玉城峻吾,29,2039,5
2020,3,今治,近藤高虎,4,45,0
2020,3,八戸,上形洋介,34,2125,10
2020,3,八戸,丸岡悟,29,1159,1
2020,3,八戸,河津良一,15,1297,1
2020,3,八戸,深井脩平,21,1700,1
2020,3,八戸,石ヶ森荘真,2,103,0
2020,3,八戸,金子優希,4,360,0
2020,3,富山,今瀬淳也,20,1513,1
2020,3,富山,佐々木陽次,12,843,1
2020,3,富山,大谷駿斗,19,726,2
2020,3,富山,宮城天,20,861,3
2020,3,富山,川﨑裕大,10,861,0
2020,3,富山,平松宗,29,2054,9
2020,3,富山,戸根一誓,19,1638,1
2020,3,富山,末木裕也,29,2168,1
2020,3,富山,松澤彰,10,303,1
2020,3,富山,池髙暢希,21,913,0
2020,3,富山,滝裕太,13,348,0
2020,3,富山,馬渡隼暉,13,966,0
2020,3,富山,齋藤和希,8,720,0
2020,3,岐阜,イヨハ理ヘンリー,24,2081,1
2020,3,岐阜,三島頌平,19,1132,0
2020,3,岐阜,中島賢星,32,1571,5
2020,3,岐阜,会津雄生,2,20,0
2020,3,岐阜,大西遼太郎,27,1909,1
2020,3,岐阜,富樫佑太,30,1486,5
2020,3,岐阜,村田透馬,8,218,0
2020,3,岐阜,柳澤亘,33,2930,0
2020,3,岐阜,永島悠史,19,811,2
2020,3,岐阜,甲斐健太郎,33,2970,2
2020,3,岐阜,石川大地,13,347,1
2020,3,岐阜,粟飯原尚平,32,1763,5
2020,3,岐阜,藤谷匠,25,1493,0
2020,3,岐阜,長倉颯,3,105,0
2020,3,岩手,中野雅臣,21,1250,1
2020,3,岩手,佐々木翔悟,8,316,0
2020,3,岩手,原山海里,0,0,0
2020,3,岩手,大垣勇樹,21,925,1
2020,3,岩手,嫁阪翔太,29,1112,3
2020,3,岩手,射庭康太朗,0,0,0
2020,3,岩手,平川元樹,10,631,0
2020,3,岩手,深井脩平,0,0,0
2020,3,岩手,清水敦貴,0,0,0
2020,3,岩手,脇本晃成,28,2446,1
2020,3,岩手,色摩雄貴,16,287,1
2020,3,沼津,中山雄希,25,743,0
2020,3,沼津,井上航希,0,0,0
2020,3,沼津,今村優介,27,1288,4
2020,3,沼津,佐藤尚輝,31,2248,2
2020,3,沼津,大友竜輔,0,0,0
2020,3,沼津,大迫暁,13,1089,0
2020,3,沼津,安在達弥,21,1868,0
2020,3,沼津,後藤虹介,14,904,1
2020,3,沼津,徳永晃太郎,4,105,0
2020,3,沼津,普光院誠,32,2837,0
2020,3,沼津,栗原イブラヒムジュニア,7,128,0
2020,3,沼津,森夢真,9,89,0
2020,3,沼津,深井祐希,8,439,0
2020,3,沼津,渡邉りょう,34,1768,7
2020,3,沼津,濱託巳,8,252,0
2020,3,沼津,照山颯人,8,633,0
2020,3,沼津,秋山裕紀,8,559,3
2020,3,沼津,藤嵜智貴,30,2604,4
2020,3,沼津,進藤誠司,0,0,0
2020,3,沼津,鈴木厚太,2,24,1
2020,3,沼津,長沢祐弥,32,2880,0
2020,3,熊本,中原輝,34,2931,6
2020,3,熊本,北村知也,4,58,0
2020,3,熊本,坂本広大,9,101,0
2020,3,熊本,小島圭巽,0,0,0
2020,3,熊本,小笠原佳祐,31,2774,0
2020,3,熊本,岩下航,0,0,0
2020,3,熊本,東出壮太,3,11,0
2020,3,熊本,樋口叶,15,243,0
2020,3,熊本,河原創,34,2860,3
2020,3,熊本,浅川隼人,28,1068,11
2020,3,熊本,石川啓人,34,3040,1
2020,3,熊本,竹本雄飛,3,79,0
2020,3,熊本,菅田真啓,22,1702,0
2020,3,熊本,衛藤幹弥,14,618,0
2020,3,熊本,谷口海斗,34,3058,18
2020,3,熊本,酒井崇一,17,1379,1
2020,3,熊本,鈴木翔登,3,189,0
2020,3,熊本,髙橋利樹,32,1975,9
2020,3,相模原,三浦基瑛,0,0,0
2020,3,相模原,上米良柊人,5,59,0
2020,3,相模原,上野賢人,0,0,0
2020,3,相模原,原田岳,0,0,0
2020,3,相模原,古川雅人,0,0,0
2020,3,相模原,和田昌士,33,1958,4
2020,3,相模原,小田島怜,0,0,0
2020,3,相模原,才藤龍治,34,1984,7
2020,3,相模原,星広太,34,3060,2
2020,3,相模原,松田詠太郎,7,488,1
2020,3,相模原,梶山幹太,5,65,0
2020,3,相模原,池田航,0,0,0
2020,3,相模原,田村友,7,585,0
2020,3,相模原,白井達也,24,1959,1
2020,3,相模原,立花歩夢,6,132,0
2020,3,相模原,鹿沼直生,34,3060,3
2020,3,福島,前田椋介,20,1311,0
2020,3,福島,吉永大志,31,1815,0
2020,3,福島,吉田朋恭,34,2967,1
2020,3,福島,橋本陸,25,806,3
2020,3,福島,池田昌生,32,2715,3
2020,3,福島,河西真,21,1576,0
2020,3,福島,渡辺健太,12,1080,0
2020,3,福島,石渡旭,2,100,0
2020,3,福島,福島隼斗,22,1878,2
2020,3,福島,諸岡裕人,29,1686,0
2020,3,福島,賀澤陽友,0,0,0
2020,3,福島,鎌田大夢,25,613,1
2020,3,福島,雪江悠人,33,2628,1
2020,3,福島,青山景昌,8,145,0
2020,3,秋田,下澤悠太,24,910,0
2020,3,秋田,井上直輝,31,1006,4
2020,3,秋田,千田海人,29,2610,3
2020,3,秋田,半田航也,1,21,0
2020,3,秋田,小池大喜,0,0,0
2020,3,秋田,沖野将基,32,1899,5
2020,3,秋田,田中雄大,32,2880,0
2020,3,秋田,谷奥健四郎,3,188,0
2020,3,秋田,輪笠祐士,25,1564,0
2020,3,秋田,青島拓馬,16,663,0
2020,3,秋田,饗庭瑞生,0,0,0
2020,3,秋田,齋藤恵太,24,1544,3
2020,3,藤枝,吉平翼,30,1608,11
2020,3,藤枝,姫野宥弥,34,2949,3
2020,3,藤枝,平墳迅,0,0,0
2020,3,藤枝,河上将平,0,0,0
2020,3,藤枝,秋山貴嗣,34,3060,2
2020,3,藤枝,稲積大介,14,850,1
2020,3,藤枝,鈴木翔太,0,0,0
2020,3,讃岐,ブラウンノア賢信,22,1611,2
2020,3,讃岐,下川太陽,21,712,0
2020,3,讃岐,中村亮,14,499,0
2020,3,讃岐,佐々木渉,3,47,1
2020,3,讃岐,小松拓幹,7,344,0
2020,3,讃岐,岩本和希,33,2479,0
2020,3,讃岐,川﨑一輝,24,1790,2
2020,3,讃岐,服部一輝,9,810,0
2020,3,讃岐,杉山弾斗,9,368,0
2020,3,讃岐,松本直也,18,1315,0
2020,3,讃岐,栗田マークアジェイ,26,1165,5
2020,3,讃岐,森川裕基,33,2721,3
2020,3,讃岐,池谷友喜,26,1427,1
2020,3,讃岐,浅沼優瑠,0,0,0
2020,3,讃岐,渡辺悠雅,11,470,0
2020,3,讃岐,神谷椋士,20,625,2
2020,3,讃岐,薩川淳貴,16,1017,0
2020,3,讃岐,長谷川隼,19,1007,0
2020,3,長野,上米良柊人,8,210,1
2020,3,長野,佐相壱明,27,1410,5
2020,3,長野,内田恭兵,3,135,0
2020,3,長野,吉田伊吹,27,1860,6
2020,3,長野,喜岡佳太,16,997,0
2020,3,長野,坪川潤之,30,2187,1
2020,3,長野,大城佑斗,20,482,0
2020,3,長野,大桃海斗,4,26,0
2020,3,長野,妹尾直哉,4,142,0
2020,3,長野,小西陽向,0,0,0
2020,3,長野,岡佳樹,21,563,1
2020,3,長野,川田拳登,20,1014,0
2020,3,長野,広瀬健太,23,1858,2
2020,3,長野,水谷拓磨,32,2758,1
2020,3,長野,牧野寛太,12,407,1
2020,3,長野,立川小太郎,8,720,0
2020,3,長野,藤山智史,33,2869,0
2020,3,長野,藤森亮志,9,287,1
2020,3,長野,遠藤元一,26,1312,0
2020,3,鳥取,三沢直人,34,3021,7
2020,3,鳥取,井上黎生人,34,2973,3
2020,3,鳥取,坂井大将,27,1680,6
2020,3,鳥取,坂本敬,3,92,0
2020,3,鳥取,大久保優,26,910,6
2020,3,鳥取,大城蛍,3,85,0
2020,3,鳥取,安藤一哉,32,2117,2
2020,3,鳥取,小林智光,2,75,0
2020,3,鳥取,山本蓮,4,55,0
2020,3,鳥取,新井光,32,1948,2
2020,3,鳥取,新井泰貴,30,1634,0
2020,3,鳥取,田口裕也,30,1675,8
2020,3,鳥取,石井光輝,32,2767,2
2020,3,鳥取,糸原紘史郎,0,0,0
2020,3,鳥取,西山雄介,6,55,0
2020,3,鳥取,魚里直哉,34,3031,2
2020,3,鹿児島,中村健人,1,32,0
2020,3,鹿児島,井澤春輝,4,142,0
2020,3,鹿児島,岡本將成,24,2042,0
2020,3,鹿児島,濱口功聖,0,0,0
2020,3,鹿児島,米澤令衣,27,1793,9
2020,3,鹿児島,萱沼優聖,23,912,5
2020,3,鹿児島,野嶽寛也,4,157,0
2020,3,鹿児島,野嶽惇也,9,425,0
2020,3,Ｃ大23,中島元彦,0,0,0
2020,3,Ｃ大23,前川大河,0,0,0
2020,3,Ｃ大23,吉馴空矢,26,2093,1
2020,3,Ｃ大23,喜田陽,27,2385,0
2020,3,Ｃ大23,山内寛史,12,665,1
2020,3,Ｃ大23,島村拓弥,30,2397,2
2020,3,Ｃ大23,庄司朋乃也,0,0,0
2020,3,Ｃ大23,新保海鈴,23,1818,1
2020,3,Ｃ大23,松本凪生,30,2447,3
2020,3,Ｃ大23,永石拓海,5,450,0
2020,3,Ｃ大23,澤上竜二,9,766,2
2020,3,Ｃ大23,田平起也,22,1599,1
2020,3,Ｃ大23,茂木秀,11,989,0
2020,3,Ｃ大23,藤尾翔太,26,2168,8
2020,3,Ｃ大23,西尾隆矢,25,2143,1
2020,3,Ｃ大23,西本雅崇,23,1696,1
2020,3,Ｇ大23,タビナスジェファーソン,30,2592,0
2020,3,Ｇ大23,唐山翔自,23,2069,10
2020,3,Ｇ大23,塚元大,24,2014,3
2020,3,Ｇ大23,奥野耕平,22,1935,3
2020,3,Ｇ大23,山口竜弥,32,2650,3
2020,3,Ｇ大23,山本悠樹,2,103,0
2020,3,Ｇ大23,川﨑修平,18,1620,8
2020,3,Ｇ大23,市丸瑞希,10,838,1
2020,3,Ｇ大23,松田陸,22,1888,0
2020,3,Ｇ大23,猿田遥己,2,180,0
2020,3,Ｇ大23,白井陽斗,16,1209,3
2020,3,Ｇ大23,福田湧矢,1,45,0
2020,3,Ｇ大23,芝本蓮,23,1986,0
2020,3,Ｇ大23,黒川圭介,19,1384,1
2021,1,FC東京,バングーナガンデ佳史扶,7,493,0
2021,1,FC東京,中村帆高,8,481,0
2021,1,FC東京,中村拓海,18,1188,0
2021,1,FC東京,内田宅哉,13,489,1
2021,1,FC東京,品田愛斗,8,182,0
2021,1,FC東京,大森理生,1,49,0
2021,1,FC東京,安部柊斗,36,2932,0
2021,1,FC東京,小川諒也,30,2519,1
2021,1,FC東京,岡崎慎,9,528,0
2021,1,FC東京,波多野豪,31,2790,0
2021,1,FC東京,渡辺剛,27,2266,1
2021,1,FC東京,田川亨介,30,1401,5
2021,1,FC東京,紺野和也,3,46,1
2021,1,FC東京,蓮川壮大,5,367,0
2021,1,FC東京,野澤大志ブランドン,0,0,0
2021,1,仙台,アピアタウィア久,29,2075,1
2021,1,仙台,上原力也,34,2562,1
2021,1,仙台,佐々木匠,4,110,0
2021,1,仙台,加藤千尋,34,1835,3
2021,1,仙台,富樫敬真,12,856,3
2021,1,仙台,小畑裕馬,0,0,0
2021,1,仙台,松下佳貴,28,1875,2
2021,1,仙台,氣田亮真,29,1545,3
2021,1,仙台,照山颯人,5,247,0
2021,1,仙台,田中渉,0,0,0
2021,1,仙台,真瀬拓海,37,2838,2
2021,1,仙台,福森直也,13,883,0
2021,1,仙台,秋山陽介,3,169,0
2021,1,仙台,西村拓真,32,2155,6
2021,1,名古屋,児玉駿斗,0,0,0
2021,1,名古屋,山﨑凌吾,25,1214,3
2021,1,名古屋,成瀬竣平,18,1438,0
2021,1,名古屋,木本恭生,32,1708,0
2021,1,名古屋,森下龍矢,22,911,0
2021,1,名古屋,相馬勇紀,33,1642,2
2021,1,名古屋,石田凌太郎,0,0,0
2021,1,名古屋,藤井陽也,5,124,0
2021,1,大分,上夷克典,11,509,0
2021,1,大分,井上健太,23,1273,0
2021,1,大分,吉田舜,0,0,0
2021,1,大分,呉屋大翔,14,658,2
2021,1,大分,坂圭祐,18,1550,0
2021,1,大分,増山朝陽,12,664,1
2021,1,大分,小出悠太,24,1880,1
2021,1,大分,小林成豪,25,1273,1
2021,1,大分,弓場将輝,0,0,0
2021,1,大分,渡邉新太,31,1769,4
2021,1,大分,福森健太,9,531,0
2021,1,大分,羽田健人,25,1650,0
2021,1,大分,藤本一輝,10,279,0
2021,1,大分,野嶽惇也,5,222,0
2021,1,大分,長谷川雄志,15,953,0
2021,1,大分,香川勇気,30,2187,1
2021,1,大分,高畑奎汰,9,444,0
2021,1,大分,髙澤優也,15,576,0
2021,1,大分,黒﨑隼人,5,144,0
2021,1,川崎Ｆ,イサカゼイン,1,90,0
2021,1,川崎Ｆ,三笘薫,20,1232,8
2021,1,川崎Ｆ,塚川孝輝,14,272,0
2021,1,川崎Ｆ,宮城天,14,447,2
2021,1,川崎Ｆ,山根視来,37,3318,2
2021,1,川崎Ｆ,旗手怜央,30,2523,5
2021,1,川崎Ｆ,橘田健人,29,1580,0
2021,1,川崎Ｆ,田中碧,20,1651,1
2021,1,川崎Ｆ,知念慶,22,582,4
2021,1,川崎Ｆ,神谷凱士,1,1,0
2021,1,川崎Ｆ,脇坂泰斗,35,2258,3
2021,1,川崎Ｆ,車屋紳太郎,31,1567,1
2021,1,川崎Ｆ,長谷川竜也,21,818,0
2021,1,広島,今津佑太,15,1026,0
2021,1,広島,住吉ジェラニレショーン,1,9,0
2021,1,広島,土肥航大,6,129,0
2021,1,広島,東俊希,35,2475,3
2021,1,広島,松本泰志,10,319,0
2021,1,広島,森島司,29,2123,1
2021,1,広島,浅野雄也,37,1920,6
2021,1,広島,荒木隼人,36,3205,2
2021,1,広島,藤井智也,29,1854,1
2021,1,広島,長沼洋一,15,373,0
2021,1,広島,鮎川峻,19,603,1
2021,1,徳島,一美和成,12,400,2
2021,1,徳島,吹ヶ徳喜,5,373,0
2021,1,徳島,垣田裕暉,36,2350,8
2021,1,徳島,安部崇士,5,328,0
2021,1,徳島,宮代大聖,32,2556,7
2021,1,徳島,小西雄大,28,954,1
2021,1,徳島,岸本武流,36,3110,5
2021,1,徳島,川上エドオジョン智慧,5,56,0
2021,1,徳島,松澤香輝,0,0,0
2021,1,徳島,浜下瑛,20,1042,0
2021,1,徳島,渡井理己,27,1286,1
2021,1,徳島,藤原志龍,15,921,0
2021,1,徳島,藤田譲瑠チマ,28,1473,1
2021,1,徳島,西谷和希,22,1545,1
2021,1,徳島,西野太陽,5,104,0
2021,1,徳島,鈴木大誠,6,495,0
2021,1,徳島,鈴木徳真,32,2041,0
2021,1,徳島,鈴木輪太朗イブラヒーム,0,0,0
2021,1,札幌,中島大嘉,3,28,0
2021,1,札幌,中村桐耶,0,0,0
2021,1,札幌,中野小次郎,2,180,0
2021,1,札幌,小柏剛,30,2338,7
2021,1,札幌,岡村大八,21,458,1
2021,1,札幌,柳貴博,25,335,0
2021,1,札幌,檀崎竜孔,0,0,0
2021,1,札幌,田中駿汰,37,3285,1
2021,1,札幌,菅大輝,36,2240,1
2021,1,札幌,金子拓郎,38,3211,7
2021,1,札幌,高嶺朋樹,38,2637,1
2021,1,柏,三丸拡,28,2350,1
2021,1,柏,上島拓巳,22,1841,0
2021,1,柏,北爪健吾,10,668,0
2021,1,柏,古賀太陽,37,3325,0
2021,1,柏,呉屋大翔,12,707,4
2021,1,柏,大南拓磨,29,2607,3
2021,1,柏,山田雄士,1,6,0
2021,1,柏,戸嶋祥郎,19,810,1
2021,1,柏,松本健太,0,0,0
2021,1,柏,椎橋慧也,30,1873,2
2021,1,柏,江坂任,16,1329,2
2021,1,柏,滝本晴彦,0,0,0
2021,1,柏,瀬川祐輔,18,1035,2
2021,1,柏,細谷真大,28,1090,3
2021,1,柏,鵜木郁哉,2,37,0
2021,1,横浜FC,ジャーメイン良,31,1638,2
2021,1,横浜FC,中塩大貴,5,360,0
2021,1,横浜FC,前嶋洋太,26,1730,1
2021,1,横浜FC,古宿理久,2,88,0
2021,1,横浜FC,大内一生,0,0,0
2021,1,横浜FC,安永玲央,27,1741,1
2021,1,横浜FC,岩武克弥,18,1180,0
2021,1,横浜FC,市川暉記,4,360,0
2021,1,横浜FC,松尾佑介,30,2278,3
2021,1,横浜FC,瀬古樹,33,2780,1
2021,1,横浜FC,袴田裕太郎,28,1815,2
2021,1,横浜FC,高木友也,29,1753,1
2021,1,横浜FC,齋藤功佑,9,497,1
2021,1,横浜FM,オビパウエルオビンナ,5,450,0
2021,1,横浜FM,仲川輝人,28,1452,2
2021,1,横浜FM,伊藤槙人,0,0,0
2021,1,横浜FM,前田大然,36,2811,23
2021,1,横浜FM,岩田智輝,34,2461,0
2021,1,横浜FM,樺山諒乃介,5,75,0
2021,1,横浜FM,渡辺皓太,26,1027,0
2021,1,横浜FM,高野遼,9,470,0
2021,1,浦和,伊藤敦樹,36,2265,1
2021,1,浦和,伊藤涼太郎,1,25,0
2021,1,浦和,大久保智明,18,725,1
2021,1,浦和,小泉佳穂,34,2408,2
2021,1,浦和,平野佑一,13,1003,0
2021,1,浦和,明本考浩,33,2581,4
2021,1,浦和,柴戸海,30,1971,1
2021,1,浦和,武田英寿,8,262,0
2021,1,浦和,江坂任,16,1216,5
2021,1,浦和,田中達也,28,1024,4
2021,1,浦和,福島竜弥,0,0,0
2021,1,浦和,藤原優大,0,0,0
2021,1,浦和,金子大毅,12,447,0
2021,1,清水,ディサロ燦シルヴァーノ,24,546,1
2021,1,清水,中山克広,27,1565,2
2021,1,清水,中村慶太,18,832,1
2021,1,清水,原輝綺,29,2553,2
2021,1,清水,宮本航汰,18,1334,0
2021,1,清水,成岡輝瑠,0,0,0
2021,1,清水,栗原イブラヒムジュニア,0,0,0
2021,1,清水,滝裕太,12,316,1
2021,1,清水,福森直也,9,343,0
2021,1,清水,立田悠悟,18,1125,0
2021,1,清水,西澤健太,27,1359,2
2021,1,清水,鈴木唯人,33,2005,2
2021,1,清水,鈴木義宜,22,1790,2
2021,1,湘南,中村駿,11,749,0
2021,1,湘南,名古新太郎,19,1154,3
2021,1,湘南,堀田大暉,0,0,0
2021,1,湘南,大橋祐紀,31,1992,4
2021,1,湘南,平岡大陽,10,639,1
2021,1,湘南,平松昇,3,69,0
2021,1,湘南,杉岡大暉,8,720,0
2021,1,湘南,柴田壮介,3,135,0
2021,1,湘南,毛利駿也,1,13,0
2021,1,湘南,池田昌生,18,718,0
2021,1,湘南,田中聡,36,2669,2
2021,1,湘南,町野修斗,31,1784,4
2021,1,湘南,畑大雅,22,1413,0
2021,1,湘南,立川小太郎,0,0,0
2021,1,湘南,舘幸希,29,2081,0
2021,1,湘南,高橋諒,30,2053,2
2021,1,神戸,中坂勇哉,28,1400,3
2021,1,神戸,井上潮音,22,1016,0
2021,1,神戸,伊藤元太,0,0,0
2021,1,神戸,佐々木大樹,30,1025,1
2021,1,神戸,初瀬亮,33,1904,0
2021,1,神戸,前川黛也,19,1682,0
2021,1,神戸,古橋亨梧,21,1757,15
2021,1,神戸,増山朝陽,17,401,0
2021,1,神戸,安井拓也,5,69,0
2021,1,神戸,小林友希,22,1509,0
2021,1,神戸,小田裕太郎,3,85,1
2021,1,神戸,山川哲史,29,1707,0
2021,1,神戸,櫻井辰徳,2,70,0
2021,1,神戸,菊池流帆,37,3284,5
2021,1,神戸,郷家友太,32,2453,2
2021,1,福岡,中村駿,13,993,0
2021,1,福岡,北島祐二,4,71,0
2021,1,福岡,吉岡雅和,9,333,1
2021,1,福岡,宮大樹,26,1941,0
2021,1,福岡,山ノ井拓己,0,0,0
2021,1,福岡,山岸祐也,29,1858,5
2021,1,福岡,桑原海人,0,0,0
2021,1,福岡,森山公弥,0,0,0
2021,1,福岡,永石拓海,0,0,0
2021,1,福岡,湯澤聖人,30,1429,0
2021,1,福岡,重廣卓也,23,1315,0
2021,1,鳥栖,今掛航貴,0,0,0
2021,1,鳥栖,仙頭啓矢,38,3090,3
2021,1,鳥栖,兒玉澪王斗,0,0,0
2021,1,鳥栖,大畑歩夢,30,1768,0
2021,1,鳥栖,山下敬大,35,1707,9
2021,1,鳥栖,岩崎悠人,13,562,1
2021,1,鳥栖,本田風智,17,755,1
2021,1,鳥栖,松本大輔,2,119,0
2021,1,鳥栖,林大地,20,1353,4
2021,1,鳥栖,樋口雄太,37,3190,6
2021,1,鳥栖,田代雅也,15,319,0
2021,1,鳥栖,相良竜之介,11,126,0
2021,1,鳥栖,石井快征,5,117,0
2021,1,鳥栖,飯野七聖,35,2666,0
2021,1,鹿島,三竿健斗,34,2589,0
2021,1,鹿島,和泉竜司,23,1038,1
2021,1,鹿島,山田大樹,0,0,0
2021,1,鹿島,常本佳吾,26,2131,2
2021,1,鹿島,早川友基,0,0,0
2021,1,鹿島,杉岡大暉,7,442,1
2021,1,鹿島,松村優太,22,759,2
2021,1,鹿島,林尚輝,6,454,0
2021,1,鹿島,染野唯月,9,199,0
2021,1,鹿島,永戸勝也,29,2051,1
2021,1,鹿島,沖悠哉,33,2970,0
2021,1,鹿島,町田浩樹,34,3042,5
2021,1,鹿島,舩橋佑,2,92,0
2021,1,鹿島,荒木遼太郎,36,2291,10
2021,1,鹿島,関川郁万,13,1117,1
2021,1,Ｃ大阪,中島元彦,12,355,2
2021,1,Ｃ大阪,加藤陸次樹,35,1622,7
2021,1,Ｃ大阪,喜田陽,6,281,0
2021,1,Ｃ大阪,坂元達裕,33,2838,6
2021,1,Ｃ大阪,山田寛人,14,577,0
2021,1,Ｃ大阪,新井直人,6,299,0
2021,1,Ｃ大阪,松原颯汰,0,0,0
2021,1,Ｃ大阪,松本泰志,2,27,0
2021,1,Ｃ大阪,澤上竜二,0,0,0
2021,1,Ｃ大阪,瀬古歩夢,27,2354,0
2021,1,Ｃ大阪,藤尾翔太,1,3,0
2021,1,Ｃ大阪,西尾隆矢,31,2556,2
2021,1,Ｃ大阪,西川潤,17,547,0
2021,1,Ｃ大阪,進藤亮佑,9,674,2
2021,1,Ｃ大阪,鳥海晃司,4,110,1
2021,1,Ｇ大阪,一美和成,18,519,1
2021,1,Ｇ大阪,佐藤瑶大,8,582,0
2021,1,Ｇ大阪,加藤大智,0,0,0
2021,1,Ｇ大阪,唐山翔自,0,0,0
2021,1,Ｇ大阪,塚元大,8,387,0
2021,1,Ｇ大阪,奥野耕平,26,1385,0
2021,1,Ｇ大阪,山本悠樹,28,1744,0
2021,1,Ｇ大阪,川﨑修平,3,106,0
2021,1,Ｇ大阪,柳澤亘,15,691,0
2021,1,Ｇ大阪,白井陽斗,1,45,0
2021,1,Ｇ大阪,福田湧矢,14,791,0
2021,1,Ｇ大阪,髙尾瑠,19,953,0
2021,1,Ｇ大阪,黒川圭介,19,1463,0
2021,2,京都,三沢直人,38,1728,4
2021,2,京都,上月壮一郎,2,13,0
2021,2,京都,中野克哉,10,293,0
2021,2,京都,中野桂太,2,16,0
2021,2,京都,冨田康平,0,0,0
2021,2,京都,曽根田穣,10,219,0
2021,2,京都,木村誠二,1,12,0
2021,2,京都,武田将平,36,3083,1
2021,2,京都,福岡慎平,38,2367,3
2021,2,京都,若原智哉,33,2970,0
2021,2,京都,荒木大吾,27,774,1
2021,2,京都,荻原拓也,40,2858,2
2021,2,京都,谷内田哲平,0,0,0
2021,2,京都,長井一真,12,381,0
2021,2,京都,飯田貴敬,36,3059,1
2021,2,京都,麻田将吾,38,3105,0
2021,2,北九州,井澤春輝,14,1008,0
2021,2,北九州,佐藤亮,28,1800,4
2021,2,北九州,佐藤喜生,3,137,0
2021,2,北九州,佐藤颯汰,7,271,0
2021,2,北九州,前川大河,40,2200,3
2021,2,北九州,前田紘基,5,354,0
2021,2,北九州,加藤有輝,5,450,0
2021,2,北九州,平山駿,20,378,0
2021,2,北九州,志村滉,2,135,0
2021,2,北九州,斧澤隼輝,16,488,0
2021,2,北九州,新井博人,2,30,0
2021,2,北九州,新垣貴之,33,2059,3
2021,2,北九州,本村武揚,12,523,0
2021,2,北九州,椿直起,11,520,0
2021,2,北九州,永野雄大,28,1362,0
2021,2,北九州,河野貴志,12,974,0
2021,2,北九州,狩土名禅,13,487,0
2021,2,北九州,生駒仁,32,1982,1
2021,2,北九州,田中悠也,17,1530,0
2021,2,北九州,福森健太,18,1585,1
2021,2,北九州,藤谷壮,13,267,0
2021,2,北九州,西村恭史,32,2293,2
2021,2,北九州,野口航,26,1429,0
2021,2,北九州,針谷岳晃,35,2604,0
2021,2,北九州,髙橋大悟,42,3780,10
2021,2,千葉,ブワニカ啓太,14,542,1
2021,2,千葉,小田逸稀,24,1827,2
2021,2,千葉,岡野洵,26,1722,0
2021,2,千葉,岩崎悠人,16,636,0
2021,2,千葉,新井一耀,29,2177,2
2021,2,千葉,末吉塁,25,1432,1
2021,2,千葉,松原颯汰,0,0,0
2021,2,千葉,檀崎竜孔,4,17,0
2021,2,千葉,櫻川ソロモン,30,1665,4
2021,2,千葉,溝渕雄志,3,88,0
2021,2,千葉,見木友哉,42,3518,14
2021,2,千葉,髙橋壱晟,34,1460,3
2021,2,大宮,中野誠也,30,1495,6
2021,2,大宮,佐相壱明,11,355,0
2021,2,大宮,大澤朋也,5,132,1
2021,2,大宮,奥抜侃志,17,925,3
2021,2,大宮,小島幹敏,38,2860,1
2021,2,大宮,小野雅史,32,2324,3
2021,2,大宮,山田将之,15,308,0
2021,2,大宮,山越康平,20,1339,1
2021,2,大宮,後藤大輝,0,0,0
2021,2,大宮,松本大弥,16,910,0
2021,2,大宮,松田詠太郎,10,511,0
2021,2,大宮,柴山昌也,31,1006,1
2021,2,大宮,河面旺成,19,1422,0
2021,2,大宮,矢島輝一,10,460,1
2021,2,大宮,翁長聖,28,1715,0
2021,2,大宮,西村慧祐,33,2891,2
2021,2,大宮,髙田颯也,4,48,0
2021,2,大宮,黒川淳史,42,3182,9
2021,2,山口,吉満大介,7,620,0
2021,2,山口,川井歩,29,2068,2
2021,2,山口,新保海鈴,3,121,0
2021,2,山口,桑原海人,10,637,0
2021,2,山口,梅木翼,25,720,2
2021,2,山口,森晃太,0,0,0
2021,2,山口,楠本卓海,23,1931,0
2021,2,山口,池上丈二,42,3274,4
2021,2,山口,浮田健誠,19,440,2
2021,2,山口,田中渉,17,1206,1
2021,2,山口,田中陸,31,2270,0
2021,2,山口,眞鍋旭輝,12,949,0
2021,2,山口,石井僚,0,0,0
2021,2,山口,石川啓人,40,2456,1
2021,2,山口,神垣陸,27,1114,1
2021,2,山口,草野侑己,30,1703,5
2021,2,山口,起海斗,0,0,0
2021,2,山口,高井和馬,38,2752,6
2021,2,山口,高橋秀典,3,36,0
2021,2,山形,中原輝,41,2873,6
2021,2,山形,半田陸,37,3172,3
2021,2,山形,吉田朋恭,18,371,0
2021,2,山形,國分伸太郎,36,1983,1
2021,2,山形,小松駿太,2,20,0
2021,2,山形,山田康太,42,3436,8
2021,2,山形,山﨑浩介,33,2793,0
2021,2,山形,廣岡睦樹,0,0,0
2021,2,山形,木戸皓貴,21,374,0
2021,2,山形,松本幹太,10,106,0
2021,2,山形,林誠道,36,1440,6
2021,2,山形,樺山諒乃介,16,766,2
2021,2,山形,瀧澤修平,2,180,0
2021,2,山形,熊本雄太,20,1402,1
2021,2,山形,藤村怜,5,47,0
2021,2,山形,野田裕喜,35,3142,2
2021,2,山形,阿部要門,0,0,0
2021,2,岡山,上門知樹,41,3520,13
2021,2,岡山,下口稚葉,9,380,1
2021,2,岡山,井上黎生人,42,3780,0
2021,2,岡山,安部崇士,24,2121,1
2021,2,岡山,宮崎幾笑,23,953,1
2021,2,岡山,山田恭也,2,5,0
2021,2,岡山,川本梨誉,30,1392,2
2021,2,岡山,廣木雄磨,10,463,0
2021,2,岡山,徳元悠平,39,2694,0
2021,2,岡山,木村太哉,42,1979,2
2021,2,岡山,松木駿之介,2,10,0
2021,2,岡山,梅田透吾,24,2158,0
2021,2,岡山,疋田優人,12,703,2
2021,2,岡山,福元友哉,4,39,0
2021,2,岡山,野口竜彦,6,25,0
2021,2,岡山,阿部海大,16,674,0
2021,2,岡山,馬渡洋樹,0,0,0
2021,2,愛媛,三原秀真,5,247,0
2021,2,愛媛,加藤大智,0,0,0
2021,2,愛媛,唐山翔自,19,718,1
2021,2,愛媛,岩井柊弥,19,631,0
2021,2,愛媛,川村拓夢,34,2899,8
2021,2,愛媛,忽那喬司,33,1620,0
2021,2,愛媛,榎本大輝,19,481,1
2021,2,愛媛,池田樹雷人,20,1336,0
2021,2,愛媛,渡邊創太,0,0,0
2021,2,愛媛,石井快征,12,685,1
2021,2,愛媛,茂木力也,41,3605,1
2021,2,愛媛,藤本佳希,35,2295,10
2021,2,愛媛,西岡大志,34,2285,2
2021,2,愛媛,辻周吾,0,0,0
2021,2,愛媛,近藤貴司,40,2998,3
2021,2,愛媛,高木利弥,16,1278,0
2021,2,新潟,三戸舜介,25,1170,2
2021,2,新潟,小島亨介,9,775,0
2021,2,新潟,小見洋太,4,178,0
2021,2,新潟,岡本將成,0,0,0
2021,2,新潟,早川史哉,20,1029,1
2021,2,新潟,星雄次,31,956,2
2021,2,新潟,本間至恩,32,2238,5
2021,2,新潟,田上大地,24,740,0
2021,2,新潟,田中達也,1,32,0
2021,2,新潟,矢村健,15,362,3
2021,2,新潟,福田晃斗,21,1274,1
2021,2,新潟,秋山裕紀,0,0,0
2021,2,新潟,藤原奏哉,40,3202,0
2021,2,新潟,藤田和輝,2,125,0
2021,2,新潟,谷口海斗,42,2295,13
2021,2,新潟,遠藤凌,1,1,0
2021,2,新潟,長谷川巧,5,299,0
2021,2,新潟,阿部航斗,32,2880,0
2021,2,新潟,高宇洋,41,3345,1
2021,2,新潟,髙澤優也,13,310,1
2021,2,東京Ｖ,ンドカボニフェイス,34,2913,2
2021,2,東京Ｖ,佐藤久弥,0,0,0
2021,2,東京Ｖ,佐藤凌我,42,1971,13
2021,2,東京Ｖ,山下諒也,38,2557,7
2021,2,東京Ｖ,山口竜弥,15,932,0
2021,2,東京Ｖ,山本理仁,30,1906,1
2021,2,東京Ｖ,持井響太,12,133,0
2021,2,東京Ｖ,松橋優安,11,131,0
2021,2,東京Ｖ,森田晃樹,18,1112,1
2021,2,東京Ｖ,深澤大輝,17,1267,1
2021,2,東京Ｖ,石浦大雅,27,1188,0
2021,2,東京Ｖ,長沢祐弥,1,69,0
2021,2,東京Ｖ,阿野真拓,8,228,0
2021,2,東京Ｖ,馬場晴也,13,786,0
2021,2,松本,下川陽太,35,2614,0
2021,2,松本,外山凌,41,3052,2
2021,2,松本,大野佑哉,27,2241,1
2021,2,松本,宮部大己,20,1530,2
2021,2,松本,山口一真,13,410,0
2021,2,松本,山田真夏斗,3,74,0
2021,2,松本,常田克人,30,2449,1
2021,2,松本,星キョーワァン,20,1255,0
2021,2,松本,村越凱光,7,203,0
2021,2,松本,榎本樹,13,498,3
2021,2,松本,横山歩夢,16,513,0
2021,2,松本,河合秀人,38,2479,3
2021,2,松本,神田渉馬,0,0,0
2021,2,松本,稲福卓,1,35,0
2021,2,松本,米原秀亮,12,354,0
2021,2,松本,野々村鷹人,20,1348,0
2021,2,松本,鈴木国友,37,2387,6
2021,2,松本,高木利弥,0,0,0
2021,2,栃木,オビパウエルオビンナ,22,1980,0
2021,2,栃木,吉田将也,12,708,0
2021,2,栃木,大島康樹,30,1645,1
2021,2,栃木,小堀空,1,13,0
2021,2,栃木,小野寺健也,23,1163,1
2021,2,栃木,山本廉,25,1326,1
2021,2,栃木,有馬幸太郎,21,945,0
2021,2,栃木,松岡瑠夢,22,863,0
2021,2,栃木,松本凪生,27,1096,1
2021,2,栃木,森俊貴,38,2693,5
2021,2,栃木,植田啓太,7,205,0
2021,2,栃木,溝渕雄志,17,1518,0
2021,2,栃木,畑潤基,30,1592,3
2021,2,栃木,谷内田哲平,14,759,3
2021,2,栃木,面矢行斗,21,1323,1
2021,2,栃木,黒﨑隼人,20,1799,0
2021,2,水戸,タビナスジェファーソン,32,2546,1
2021,2,水戸,ブラウンノア賢信,11,320,0
2021,2,水戸,三國スティビアエブス,17,936,0
2021,2,水戸,中山開帆,1,90,0
2021,2,水戸,今掛航貴,4,295,0
2021,2,水戸,伊藤涼太郎,20,1171,4
2021,2,水戸,住吉ジェラニレショーン,21,1873,1
2021,2,水戸,古宿理久,1,2,0
2021,2,水戸,大崎航詩,29,2319,3
2021,2,水戸,奥田晃也,37,2495,6
2021,2,水戸,安藤瑞季,34,1731,6
2021,2,水戸,山根永遠,34,1121,2
2021,2,水戸,山田奈央,1,45,0
2021,2,水戸,岡本將成,2,61,0
2021,2,水戸,平塚悠知,21,1025,0
2021,2,水戸,平田海斗,0,0,0
2021,2,水戸,平野佑一,19,1619,0
2021,2,水戸,新里涼,37,2398,2
2021,2,水戸,村田航一,31,1948,0
2021,2,水戸,松崎快,41,2652,8
2021,2,水戸,柳澤亘,12,878,0
2021,2,水戸,深堀隼平,12,404,1
2021,2,水戸,渡邉柊斗,4,142,0
2021,2,水戸,温井駿斗,10,723,1
2021,2,水戸,田辺陽太,0,0,0
2021,2,水戸,藤尾翔太,22,1048,8
2021,2,水戸,鈴木喜丈,36,2681,0
2021,2,琉球,上原牧人,10,633,0
2021,2,琉球,人見拓哉,0,0,0
2021,2,琉球,山下令雄,1,63,0
2021,2,琉球,岡﨑亮平,28,2386,0
2021,2,琉球,市丸瑞希,10,60,0
2021,2,琉球,武田英寿,15,909,2
2021,2,琉球,池田廉,33,2563,6
2021,2,琉球,猪瀬康介,13,1125,0
2021,2,琉球,田口潤人,30,2655,0
2021,2,琉球,知念哲矢,27,2411,0
2021,2,琉球,積田景介,0,0,0
2021,2,琉球,茂木駿佑,16,493,3
2021,2,甲府,中山陸,1,1,0
2021,2,甲府,中村亮太朗,33,1712,4
2021,2,甲府,宮崎純真,23,1081,4
2021,2,甲府,小林岩魚,0,0,0
2021,2,甲府,山田陸,37,2400,2
2021,2,甲府,荒木翔,42,3640,3
2021,2,甲府,野澤陸,1,6,0
2021,2,甲府,長谷川元希,36,2245,7
2021,2,甲府,関口正大,34,2928,2
2021,2,甲府,須貝英大,18,984,1
2021,2,甲府,鳥海芳樹,30,1066,4
2021,2,町田,デュークカルロス,7,65,0
2021,2,町田,ンダウターラ,2,22,0
2021,2,町田,佐野海舟,34,3024,6
2021,2,町田,吉尾海夏,39,2626,10
2021,2,町田,土居柊太,16,1159,1
2021,2,町田,太田修介,37,1844,9
2021,2,町田,奈良坂巧,2,27,0
2021,2,町田,奥山政幸,38,3105,2
2021,2,町田,安井拓也,16,452,0
2021,2,町田,岡田優希,27,801,0
2021,2,町田,平戸太貴,40,3468,8
2021,2,町田,晴山岬,2,34,0
2021,2,町田,森下怜哉,12,423,0
2021,2,町田,福井光輝,42,3780,0
2021,2,町田,茂木秀,0,0,0
2021,2,町田,青木義孝,0,0,0
2021,2,町田,髙江麗央,41,3628,1
2021,2,相模原,三浦基瑛,22,1940,0
2021,2,相模原,中山雄希,15,476,1
2021,2,相模原,児玉駿斗,8,184,3
2021,2,相模原,兒玉澪王斗,16,1183,2
2021,2,相模原,和田昌士,20,830,1
2021,2,相模原,川上竜,42,3660,1
2021,2,相模原,川﨑裕大,29,2472,0
2021,2,相模原,平松宗,39,2937,5
2021,2,相模原,成岡輝瑠,17,1421,0
2021,2,相模原,星広太,23,1487,1
2021,2,相模原,木村誠二,17,1445,1
2021,2,相模原,松橋優安,17,1079,2
2021,2,相模原,澤上竜二,8,459,0
2021,2,相模原,白井達也,26,2264,1
2021,2,相模原,石田崚真,26,1844,0
2021,2,相模原,舩木翔,17,1337,0
2021,2,相模原,芝本蓮,6,274,0
2021,2,相模原,藤原優大,17,1379,0
2021,2,磐田,三木直土,1,1,0
2021,2,磐田,三浦龍輝,37,3330,0
2021,2,磐田,中川創,5,316,0
2021,2,磐田,伊藤槙人,18,1402,0
2021,2,磐田,吉長真優,0,0,0
2021,2,磐田,大武峻,0,0,0
2021,2,磐田,小川航基,24,321,1
2021,2,磐田,山本義道,35,2841,1
2021,2,磐田,森岡陸,14,1111,1
2021,2,磐田,藤川虎太朗,16,199,0
2021,2,磐田,高野遼,8,101,0
2021,2,磐田,鹿沼直生,19,511,1
2021,2,秋田,下坂晃城,1,5,0
2021,2,秋田,井上直輝,27,563,2
2021,2,秋田,千田海人,19,1710,0
2021,2,秋田,半田航也,8,172,0
2021,2,秋田,吉田伊吹,24,1114,3
2021,2,秋田,才藤龍治,27,966,0
2021,2,秋田,新井栄聡,5,390,0
2021,2,秋田,普光院誠,24,1231,1
2021,2,秋田,沖野将基,36,2530,2
2021,2,秋田,田中雄大,38,3387,0
2021,2,秋田,藤山智史,16,1343,0
2021,2,秋田,谷奥健四郎,20,1637,1
2021,2,秋田,輪笠祐士,37,3126,2
2021,2,秋田,長谷川凌,0,0,0
2021,2,秋田,饗庭瑞生,0,0,0
2021,2,秋田,齋藤恵太,41,2489,4
2021,2,群馬,一木立一,1,10,0
2021,2,群馬,久保田和音,33,1848,2
2021,2,群馬,加藤潤也,28,2303,3
2021,2,群馬,北川柊斗,25,980,4
2021,2,群馬,吉永昇偉,21,1398,0
2021,2,群馬,城和隼颯,6,296,0
2021,2,群馬,大武峻,14,1112,0
2021,2,群馬,奥村晃司,9,253,0
2021,2,群馬,小島雅也,21,1672,0
2021,2,群馬,山中惇希,0,0,0
2021,2,群馬,山田晃士,0,0,0
2021,2,群馬,川上優樹,3,246,0
2021,2,群馬,平尾壮,22,1289,0
2021,2,群馬,田中稔也,37,2858,3
2021,2,群馬,進昂平,19,828,2
2021,2,群馬,高橋勇利也,9,398,0
2021,2,群馬,髙木彰人,23,1021,1
2021,2,金沢,丹羽詩温,40,3399,9
2021,2,金沢,力安祥伍,28,845,0
2021,2,金沢,大橋尚志,37,3019,0
2021,2,金沢,大石竜平,26,1025,2
2021,2,金沢,大谷駿斗,40,2493,3
2021,2,金沢,島津頼盛,5,61,0
2021,2,金沢,平松昇,17,1153,2
2021,2,金沢,庄司朋乃也,35,3062,3
2021,2,金沢,後藤雅明,37,3330,0
2021,2,金沢,本塚聖也,7,387,0
2021,2,金沢,杉浦力斗,0,0,0
2021,2,金沢,松田陸,42,3683,2
2021,2,金沢,渡邊泰基,37,3068,2
2021,2,金沢,片倉誠也,8,272,0
2021,2,金沢,石尾崚雅,24,2035,0
2021,2,金沢,稲葉楽,6,455,0
2021,2,金沢,窪田稜,4,71,0
2021,2,金沢,高安孝幸,17,246,0
2021,2,長崎,五月田星矢,0,0,0
2021,2,長崎,加藤聖,21,1338,2
2021,2,長崎,原田岳,0,0,0
2021,2,長崎,名倉巧,25,1502,3
2021,2,長崎,富樫敬真,15,593,1
2021,2,長崎,富澤雅也,28,2520,0
2021,2,長崎,植中朝日,19,975,10
2021,2,長崎,毎熊晟矢,38,3395,3
2021,2,長崎,江川湧清,32,2811,2
2021,2,長崎,米田隼也,34,2119,2
2021,2,長崎,鍬先祐弥,33,1863,1
2021,2,長崎,鹿山拓真,1,1,0
2021,3,YS横浜,オニエオゴチュクウ,7,164,0
2021,3,YS横浜,ピーダーセン世穏,10,375,2
2021,3,YS横浜,ンドカチャールス,22,1748,6
2021,3,YS横浜,佐藤祐太,24,1871,1
2021,3,YS横浜,土館賢人,28,2457,5
2021,3,YS横浜,大城蛍,26,1901,2
2021,3,YS横浜,宗近慧,26,2191,2
2021,3,YS横浜,宮内寛斗,19,1287,0
2021,3,YS横浜,小池大喜,4,360,0
2021,3,YS横浜,山本凌太郎,10,490,0
2021,3,YS横浜,柳雄太郎,25,1991,2
2021,3,YS横浜,石井僚,3,270,0
2021,3,YS横浜,船橋勇真,26,2101,2
2021,3,YS横浜,花房稔,14,355,0
2021,3,YS横浜,金子大晟,1,16,0
2021,3,今治,安藤智哉,15,1080,1
2021,3,今治,宮尾孝一,10,132,0
2021,3,今治,小松駿太,13,809,1
2021,3,今治,島村拓弥,26,1957,1
2021,3,今治,東家聡樹,25,1631,2
2021,3,今治,松井治輝,2,7,0
2021,3,今治,玉城峻吾,17,716,2
2021,3,今治,近藤高虎,11,708,1
2021,3,今治,高瀬太聖,13,678,3
2021,3,八戸,上形洋介,25,1659,6
2021,3,八戸,丸岡悟,18,870,2
2021,3,八戸,丹羽一陽,25,1861,0
2021,3,八戸,佐々木快,5,61,0
2021,3,八戸,原山海里,6,116,0
2021,3,八戸,坪井一真,17,1010,0
2021,3,八戸,小林大智,5,404,0
2021,3,八戸,岡佳樹,21,820,1
2021,3,八戸,板倉洸,11,697,0
2021,3,八戸,相田勇樹,22,1373,0
2021,3,八戸,高島康四郎,0,0,0
2021,3,宮崎,儀保幸英,3,39,0
2021,3,宮崎,前田椋介,27,2410,4
2021,3,宮崎,徳永裕大,28,2235,1
2021,3,富山,中山陸,1,19,0
2021,3,富山,今瀬淳也,17,1193,1
2021,3,富山,佐々木陽次,10,549,0
2021,3,富山,吉平翼,26,1535,3
2021,3,富山,姫野宥弥,28,2228,3
2021,3,富山,戸根一誓,28,2520,2
2021,3,富山,末木裕也,25,1152,2
2021,3,富山,松岡大智,5,91,0
2021,3,富山,松澤彰,4,72,0
2021,3,富山,鈴木翔登,2,29,0
2021,3,富山,鹿山拓真,5,404,0
2021,3,富山,齋藤和希,3,203,0
2021,3,岐阜,三ッ田啓希,27,2183,4
2021,3,岐阜,三島頌平,17,522,0
2021,3,岐阜,中島賢星,26,2152,2
2021,3,岐阜,大西遼太郎,16,943,1
2021,3,岐阜,大野哲煥,0,0,0
2021,3,岐阜,富樫佑太,13,319,1
2021,3,岐阜,小山新,2,180,0
2021,3,岐阜,山内寛史,10,358,0
2021,3,岐阜,本石捺,0,0,0
2021,3,岐阜,村田透馬,25,1151,2
2021,3,岐阜,松本歩夢,6,126,0
2021,3,岐阜,深堀隼平,14,955,3
2021,3,岐阜,生地慶充,2,65,0
2021,3,岐阜,甲斐健太郎,27,2430,1
2021,3,岐阜,窪田稜,11,663,2
2021,3,岐阜,粟飯原尚平,17,361,1
2021,3,岐阜,藤谷匠,23,2062,1
2021,3,岩手,オタボー,1,2,0
2021,3,岩手,中野雅臣,8,462,1
2021,3,岩手,佐々木翔悟,17,1380,0
2021,3,岩手,加々美登生,22,1592,4
2021,3,岩手,和田昌士,10,546,4
2021,3,岩手,増田隼司,25,2074,1
2021,3,岩手,嫁阪翔太,11,363,0
2021,3,岩手,山川廉,3,22,0
2021,3,岩手,平川元樹,1,1,0
2021,3,岩手,松山健太,0,0,0
2021,3,岩手,武田拓真,6,90,0
2021,3,岩手,田平起也,1,75,0
2021,3,岩手,脇本晃成,26,2261,2
2021,3,岩手,色摩雄貴,26,1298,6
2021,3,岩手,西田恵,20,773,1
2021,3,岩手,野澤大志ブランドン,14,1260,0
2021,3,沼津,ブラウンノア賢信,5,112,0
2021,3,沼津,井上航希,9,666,0
2021,3,沼津,今村優介,18,419,1
2021,3,沼津,伊藤龍生,0,0,0
2021,3,沼津,佐藤尚輝,20,991,1
2021,3,沼津,北龍磨,19,752,1
2021,3,沼津,大友竜輔,20,1800,0
2021,3,沼津,大迫暁,14,926,0
2021,3,沼津,安在達弥,25,2193,1
2021,3,沼津,後藤虹介,12,843,0
2021,3,沼津,徳永晃太郎,13,1010,0
2021,3,沼津,森夢真,13,209,0
2021,3,沼津,深井祐希,9,401,1
2021,3,沼津,渡邉りょう,21,1619,7
2021,3,沼津,濱託巳,26,2037,3
2021,3,沼津,篠崎輝和,2,57,0
2021,3,沼津,藤嵜智貴,28,2520,3
2021,3,沼津,鈴木厚太,2,41,0
2021,3,沼津,高橋潤哉,28,2449,6
2021,3,沼津,鬼島和希,10,442,0
2021,3,熊本,ターレス,21,1257,4
2021,3,熊本,北村知也,13,418,0
2021,3,熊本,坂本亘基,12,224,2
2021,3,熊本,宮原愛輝,4,65,0
2021,3,熊本,小島圭巽,2,9,0
2021,3,熊本,小笠原佳祐,12,887,0
2021,3,熊本,岩下航,25,1752,3
2021,3,熊本,杉山直宏,28,2311,5
2021,3,熊本,東出壮太,10,469,0
2021,3,熊本,東野広太郎,2,93,0
2021,3,熊本,樋口叶,8,227,0
2021,3,熊本,河原創,28,2520,1
2021,3,熊本,浅川隼人,20,862,4
2021,3,熊本,田代琉我,0,0,0
2021,3,熊本,田尻康晴,1,1,0
2021,3,熊本,竹本雄飛,16,1082,3
2021,3,熊本,菅田真啓,25,2250,1
2021,3,熊本,藤川虎太朗,1,4,0
2021,3,熊本,酒井崇一,21,1789,0
2021,3,熊本,髙橋利樹,23,1933,8
2021,3,福島,上畑佑平士,21,1485,1
2021,3,福島,吉永大志,24,1653,3
2021,3,福島,堂鼻起暉,26,1897,1
2021,3,福島,堤聖司,0,0,0
2021,3,福島,延祐太,12,296,0
2021,3,福島,服部一輝,0,0,0
2021,3,福島,柴圭汰,12,410,0
2021,3,福島,森晃太,14,534,2
2021,3,福島,橋本陸,25,1000,2
2021,3,福島,池髙暢希,24,902,1
2021,3,福島,河西真,21,1630,0
2021,3,福島,田中康介,24,1771,1
2021,3,福島,福島隼斗,18,1593,1
2021,3,福島,諸岡裕人,18,768,0
2021,3,福島,賀澤陽友,0,0,0
2021,3,福島,鎌田大夢,28,2191,0
2021,3,福島,長野星輝,10,237,2
2021,3,福島,雪江悠人,24,1481,0
2021,3,福島,青山景昌,1,5,0
2021,3,藤枝,佐古真礼,10,417,2
2021,3,藤枝,名良橋拓真,3,270,0
2021,3,藤枝,堀研太,7,213,0
2021,3,藤枝,宮本拓弥,17,884,3
2021,3,藤枝,松村航希,23,728,2
2021,3,藤枝,森本大貴,1,17,0
2021,3,藤枝,横山暁之,6,399,0
2021,3,藤枝,河上将平,19,1093,1
2021,3,藤枝,温井駿斗,14,1074,3
2021,3,藤枝,秋山貴嗣,13,1170,1
2021,3,藤枝,稲積大介,18,935,1
2021,3,藤枝,鈴木翔太,12,1048,0
2021,3,讃岐,下川太陽,2,90,0
2021,3,讃岐,中村亮,14,629,0
2021,3,讃岐,中村駿太,25,1958,3
2021,3,讃岐,佐々木渉,9,492,0
2021,3,讃岐,吉馴空矢,6,86,0
2021,3,讃岐,小松拓幹,25,1829,2
2021,3,讃岐,岩本和希,20,1649,2
2021,3,讃岐,川﨑一輝,25,2210,3
2021,3,讃岐,杉山弾斗,0,0,0
2021,3,讃岐,松岡ジョナタン,0,0,0
2021,3,讃岐,松本直也,6,402,0
2021,3,讃岐,栗田マークアジェイ,24,1183,2
2021,3,讃岐,池田航,2,72,0
2021,3,讃岐,浅沼優瑠,2,180,0
2021,3,讃岐,渡辺健太,3,270,0
2021,3,讃岐,渡辺悠雅,24,801,0
2021,3,讃岐,薩川淳貴,23,1804,2
2021,3,讃岐,西本雅崇,27,2236,0
2021,3,讃岐,遠藤元一,27,2225,0
2021,3,讃岐,長谷川隼,11,387,0
2021,3,讃岐,阿部要門,4,81,0
2021,3,長野,上米良柊人,11,468,2
2021,3,長野,人見拓哉,7,198,0
2021,3,長野,住永翔,21,1564,0
2021,3,長野,内田恭兵,2,36,0
2021,3,長野,喜岡佳太,25,2239,2
2021,3,長野,坪川潤之,22,1905,2
2021,3,長野,大桃海斗,1,90,0
2021,3,長野,小西陽向,3,68,0
2021,3,長野,山中惇希,1,5,0
2021,3,長野,山口和樹,13,368,1
2021,3,長野,山本龍平,24,1446,0
2021,3,長野,川田拳登,12,554,0
2021,3,長野,広瀬健太,22,1681,1
2021,3,長野,森川裕基,17,1224,3
2021,3,長野,武田太一,6,163,0
2021,3,長野,水谷拓磨,28,2467,3
2021,3,長野,牧野寛太,0,0,0
2021,3,長野,藤山智史,14,1186,1
2021,3,長野,藤森亮志,8,548,2
2021,3,長野,髙窪健人,5,172,0
2021,3,鳥取,原田虹輝,16,639,0
2021,3,鳥取,坂本敬,13,507,0
2021,3,鳥取,大久保優,18,1079,0
2021,3,鳥取,妹尾直哉,13,598,2
2021,3,鳥取,安藤一哉,9,761,1
2021,3,鳥取,小山珠里,7,492,0
2021,3,鳥取,新井光,7,482,2
2021,3,鳥取,新井泰貴,25,2116,0
2021,3,鳥取,杉井颯,23,1177,1
2021,3,鳥取,永島悠史,16,914,3
2021,3,鳥取,清永丈瑠,14,640,3
2021,3,鳥取,田口裕也,26,1167,9
2021,3,鳥取,石井光輝,8,711,0
2021,3,鳥取,石川大地,24,1874,6
2021,3,鳥取,石田侑資,17,1434,2
2021,3,鳥取,糸原紘史郎,5,450,0
2021,3,鳥取,鈴木順也,26,2339,2
2021,3,鳥取,魚里直哉,20,1745,1
2021,3,鹿児島,イヨハ理ヘンリー,12,1080,0
2021,3,鹿児島,中村健人,9,312,1
2021,3,鹿児島,山本駿亮,16,679,3
2021,3,鹿児島,山谷侑士,18,705,1
2021,3,鹿児島,島津頼盛,8,297,1
2021,3,鹿児島,木出雄斗,2,180,0
2021,3,鹿児島,石津快,0,0,0
2021,3,鹿児島,秋山裕紀,9,499,1
2021,3,鹿児島,米澤令衣,27,2228,9
2021,3,鹿児島,萱沼優聖,23,1361,3
2021,3,鹿児島,衛藤幹弥,22,1408,1
2021,3,鹿児島,野嶽寛也,10,304,0
2021,3,鹿児島,野嶽惇也,13,846,0
